"TargetFile","Key","SourceEnglish","ProposedMalay","Status","Note"
"lang/ms_MY/projects.lang","RefProject","Ref. project","Ruj. projek","ready","Sprint 22C projects.lang + install.lang bulk batch 6"
"lang/ms_MY/projects.lang","ProjectId","Project Id","ID Projek","ready","Sprint 22C projects.lang + install.lang bulk batch 6"
"lang/ms_MY/projects.lang","ProjectsArea","Projects Area","Ruang Projek","ready","Sprint 22C projects.lang + install.lang bulk batch 6"
"lang/ms_MY/projects.lang","SharedProject","Everybody","Semua orang","ready","Sprint 22C projects.lang + install.lang bulk batch 6"
"lang/ms_MY/projects.lang","PrivateProject","Assigned contacts","Kenalan yang ditugaskan","ready","Sprint 22C projects.lang + install.lang bulk batch 6"
"lang/ms_MY/projects.lang","ProjectsImContactFor","Projects for which I am explicitly a contact","Projek yang mana saya dinyatakan sebagai kenalan","ready","Sprint 22C projects.lang + install.lang bulk batch 6"
"lang/ms_MY/projects.lang","AllAllowedProjects","All project I can read (mine + public)","Semua projek yang boleh saya baca (milik saya + awam)","ready","Sprint 22C projects.lang + install.lang bulk batch 6"
"lang/ms_MY/projects.lang","AllProjects","All projects","Semua projek","ready","Sprint 22C projects.lang + install.lang bulk batch 6"
"lang/ms_MY/projects.lang","MyProjectsDesc","This view is limited to the projects that you are a contact for","Paparan ini terhad kepada projek yang anda menjadi kenalan","ready","Sprint 22C projects.lang + install.lang bulk batch 6"
"lang/ms_MY/projects.lang","ProjectsPublicDesc","This view presents all projects you are allowed to read.","Paparan ini menunjukkan semua projek yang anda dibenarkan baca.","ready","Sprint 22C projects.lang + install.lang bulk batch 6"
"lang/ms_MY/projects.lang","TasksOnProjectsPublicDesc","This view presents all tasks on projects you are allowed to read.","Paparan ini menunjukkan semua tugasan bagi projek yang anda dibenarkan baca.","ready","Sprint 22C projects.lang + install.lang bulk batch 6"
"lang/ms_MY/projects.lang","ProjectsPublicTaskDesc","This view presents all projects and tasks you are allowed to read.","Paparan ini menunjukkan semua projek dan tugasan yang anda dibenarkan baca.","ready","Sprint 22C projects.lang + install.lang bulk batch 6"
"lang/ms_MY/projects.lang","ProjectsDesc","This view presents all projects (your user permissions grant you permission to view everything).","Paparan ini menunjukkan semua projek (kebenaran pengguna anda membenarkan anda melihat semuanya).","ready","Sprint 22C projects.lang + install.lang bulk batch 6"
"lang/ms_MY/projects.lang","TasksOnProjectsDesc","This view presents all tasks on all projects (your user permissions grant you permission to view everything).","Paparan ini menunjukkan semua tugasan bagi semua projek (kebenaran pengguna anda membenarkan anda melihat semuanya).","ready","Sprint 22C projects.lang + install.lang bulk batch 6"
"lang/ms_MY/projects.lang","MyTasksDesc","This view is limited to the projects or tasks that you are a contact for","Paparan ini terhad kepada projek atau tugasan yang anda menjadi kenalan","ready","Sprint 22C projects.lang + install.lang bulk batch 6"
"lang/ms_MY/projects.lang","OnlyOpenedProject","Only open projects are visible (projects in draft or closed status are not visible).","Hanya projek terbuka dipaparkan (projek berstatus draf atau ditutup tidak dipaparkan).","ready","Sprint 22C projects.lang + install.lang bulk batch 6"
"lang/ms_MY/projects.lang","ClosedProjectsAreHidden","Closed projects are not visible.","Projek yang ditutup tidak dipaparkan.","ready","Sprint 22C projects.lang + install.lang bulk batch 6"
"lang/ms_MY/projects.lang","TasksPublicDesc","This view presents all projects and tasks you are allowed to read.","Paparan ini menunjukkan semua projek dan tugasan yang anda dibenarkan baca.","ready","Sprint 22C projects.lang + install.lang bulk batch 6"
"lang/ms_MY/projects.lang","TasksDesc","This view presents all projects and tasks (your user permissions grant you permission to view everything).","Paparan ini menunjukkan semua projek dan tugasan (kebenaran pengguna anda membenarkan anda melihat semuanya).","ready","Sprint 22C projects.lang + install.lang bulk batch 6"
"lang/ms_MY/projects.lang","AllTaskVisibleButEditIfYouAreAssigned","All tasks for qualified projects are visible, but you can enter time only for task assigned to selected user. Assign task if you need to enter time on it.","Semua tugasan bagi projek yang layak boleh dilihat, tetapi anda hanya boleh memasukkan masa untuk tugasan yang ditugaskan kepada pengguna terpilih. Tugaskan tugasan jika anda perlu memasukkan masa padanya.","ready","Sprint 22C projects.lang + install.lang bulk batch 6"
"lang/ms_MY/projects.lang","OnlyYourTaskAreVisible","Only tasks assigned to you are visible. If you need to enter time on a task and if the task is not visible here, then you need to assign the task to yourself.","Hanya tugasan yang ditugaskan kepada anda dipaparkan. Jika anda perlu memasukkan masa pada tugasan dan tugasan itu tidak dipaparkan di sini, anda perlu menugaskan tugasan itu kepada diri sendiri.","ready","Sprint 22C projects.lang + install.lang bulk batch 6"
"lang/ms_MY/projects.lang","ImportDatasetProjects","Projects or opportunities","Projek atau peluang","ready","Sprint 22C projects.lang + install.lang bulk batch 6"
"lang/ms_MY/projects.lang","ImportDatasetTasks","Tasks of projects","Tugasan projek","ready","Sprint 22C projects.lang + install.lang bulk batch 6"
"lang/ms_MY/projects.lang","ProjectCategories","Project tags/categories","Tag/kategori projek","ready","Sprint 22C projects.lang + install.lang bulk batch 6"
"lang/ms_MY/projects.lang","DeleteAProject","Delete a project","Hapus projek","ready","Sprint 22C projects.lang + install.lang bulk batch 6"
"lang/ms_MY/projects.lang","DeleteATask","Delete a task","Hapus tugasan","ready","Sprint 22C projects.lang + install.lang bulk batch 6"
"lang/ms_MY/projects.lang","ConfirmDeleteAProject","Are you sure you want to delete this project?","Adakah anda pasti mahu menghapuskan projek ini?","ready","Sprint 22C projects.lang + install.lang bulk batch 6"
"lang/ms_MY/projects.lang","ConfirmDeleteATask","Are you sure you want to delete this task?","Adakah anda pasti mahu menghapuskan tugasan ini?","ready","Sprint 22C projects.lang + install.lang bulk batch 6"
"lang/ms_MY/projects.lang","OpenedProjects","Open projects","Projek terbuka","ready","Sprint 22C projects.lang + install.lang bulk batch 6"
"lang/ms_MY/projects.lang","OpenedProjectsOpportunities","Open opportunities","Peluang terbuka","ready","Sprint 22C projects.lang + install.lang bulk batch 6"
"lang/ms_MY/projects.lang","OpenedTasks","Open tasks","Tugasan terbuka","ready","Sprint 22C projects.lang + install.lang bulk batch 6"
"lang/ms_MY/projects.lang","OpportunitiesStatusForOpenedProjects","Leads amount of open projects by status","Jumlah prospek bagi projek terbuka mengikut status","ready","Sprint 22C projects.lang + install.lang bulk batch 6"
"lang/ms_MY/projects.lang","OpportunitiesStatusForProjects","Leads amount of projects by status","Jumlah prospek projek mengikut status","ready","Sprint 22C projects.lang + install.lang bulk batch 6"
"lang/ms_MY/projects.lang","ShowProject","Show project","Papar projek","ready","Sprint 22C projects.lang + install.lang bulk batch 6"
"lang/ms_MY/projects.lang","ShowTask","Show task","Papar tugasan","ready","Sprint 22C projects.lang + install.lang bulk batch 6"
"lang/ms_MY/projects.lang","SetThirdParty","Set third party","Tetapkan pihak ketiga","ready","Sprint 22C projects.lang + install.lang bulk batch 6"
"lang/ms_MY/projects.lang","SetProject","Set project","Tetapkan projek","ready","Sprint 22C projects.lang + install.lang bulk batch 6"
"lang/ms_MY/projects.lang","OutOfProject","Out of project","Di luar projek","ready","Sprint 22C projects.lang + install.lang bulk batch 6"
"lang/ms_MY/projects.lang","NbOfProjects","Number of projects","Bilangan projek","ready","Sprint 22C projects.lang + install.lang bulk batch 6"
"lang/ms_MY/projects.lang","NbOfTasks","Number of tasks","Bilangan tugasan","ready","Sprint 22C projects.lang + install.lang bulk batch 6"
"lang/ms_MY/projects.lang","TimeEntry","Time tracking","Rekod masa","ready","Sprint 22C projects.lang + install.lang bulk batch 6"
"lang/ms_MY/projects.lang","TimeSpent","Time spent","Masa digunakan","ready","Sprint 22C projects.lang + install.lang bulk batch 6"
"lang/ms_MY/projects.lang","TimeSpentSmall","Time spent","Masa digunakan","ready","Sprint 22C projects.lang + install.lang bulk batch 6"
"lang/ms_MY/projects.lang","TimeSpentByYou","Time spent by you","Masa digunakan oleh anda","ready","Sprint 22C projects.lang + install.lang bulk batch 6"
"lang/ms_MY/projects.lang","TimeSpentByUser","Time spent by user","Masa digunakan oleh pengguna","ready","Sprint 22C projects.lang + install.lang bulk batch 6"
"lang/ms_MY/projects.lang","TaskId","Task ID","ID Tugasan","ready","Sprint 22C projects.lang + install.lang bulk batch 6"
"lang/ms_MY/projects.lang","RefTask","Task ref.","Ruj. tugasan","ready","Sprint 22C projects.lang + install.lang bulk batch 6"
"lang/ms_MY/projects.lang","LabelTask","Task label","Label tugasan","ready","Sprint 22C projects.lang + install.lang bulk batch 6"
"lang/ms_MY/projects.lang","TaskTimeSpent","Time spent on tasks","Masa digunakan untuk tugasan","ready","Sprint 22C projects.lang + install.lang bulk batch 6"
"lang/ms_MY/projects.lang","TaskTimeUser","User","Pengguna","ready","Sprint 22C projects.lang + install.lang bulk batch 6"
"lang/ms_MY/projects.lang","TaskTimeNote","Note","Nota","ready","Sprint 22C projects.lang + install.lang bulk batch 6"
"lang/ms_MY/projects.lang","TaskTimeDate","Date","Tarikh","ready","Sprint 22C projects.lang + install.lang bulk batch 6"
"lang/ms_MY/projects.lang","TasksOnOpenedProject","Tasks on open projects","Tugasan pada projek terbuka","ready","Sprint 22C projects.lang + install.lang bulk batch 6"
"lang/ms_MY/projects.lang","WorkloadNotDefined","Workload not defined","Beban kerja tidak ditakrifkan","ready","Sprint 22C projects.lang + install.lang bulk batch 6"
"lang/ms_MY/projects.lang","NewTimeSpent","Time spent","Masa digunakan baharu","ready","Sprint 22C projects.lang + install.lang bulk batch 6"
"lang/ms_MY/projects.lang","MyTimeSpent","My time spent","Masa digunakan saya","ready","Sprint 22C projects.lang + install.lang bulk batch 6"
"lang/ms_MY/projects.lang","BillTime","Bill the time spent","Bilkan masa yang digunakan","ready","Sprint 22C projects.lang + install.lang bulk batch 6"
"lang/ms_MY/projects.lang","BillTimeShort","Bill time","Bilkan masa","ready","Sprint 22C projects.lang + install.lang bulk batch 6"
"lang/ms_MY/projects.lang","TimeToBill","Time not billed","Masa belum dibilkan","ready","Sprint 22C projects.lang + install.lang bulk batch 6"
"lang/ms_MY/projects.lang","TimeBilled","Time billed","Masa telah dibilkan","ready","Sprint 22C projects.lang + install.lang bulk batch 6"
"lang/ms_MY/projects.lang","TaskDateStart","Task start date","Tarikh mula tugasan","ready","Sprint 22C projects.lang + install.lang bulk batch 6"
"lang/ms_MY/projects.lang","TaskDateEnd","Task end date","Tarikh tamat tugasan","ready","Sprint 22C projects.lang + install.lang bulk batch 6"
"lang/ms_MY/projects.lang","AddTimeSpent","Create time spent","Cipta masa digunakan","ready","Sprint 22C projects.lang + install.lang bulk batch 6"
"lang/ms_MY/projects.lang","AddHereTimeSpentForDay","Add here time spent for this day/task","Tambah masa digunakan di sini untuk hari ini","ready","Sprint 22C projects.lang + install.lang bulk batch 6"
"lang/ms_MY/projects.lang","AddHereTimeSpentForWeek","Add here time spent for this week/task","Tambah masa digunakan di sini untuk minggu ini","ready","Sprint 22C projects.lang + install.lang bulk batch 6"
"lang/ms_MY/projects.lang","Activity","Activity","Aktiviti","ready","Sprint 22C projects.lang + install.lang bulk batch 6"
"lang/ms_MY/projects.lang","Activities","Tasks/activities","Tugasan/aktiviti","ready","Sprint 22C projects.lang + install.lang bulk batch 6"
"lang/ms_MY/projects.lang","MyActivities","My tasks/activities","Tugasan/aktiviti saya","ready","Sprint 22C projects.lang + install.lang bulk batch 6"
"lang/ms_MY/projects.lang","MyProjects","My projects","Projek saya","ready","Sprint 22C projects.lang + install.lang bulk batch 6"
"lang/ms_MY/projects.lang","MyProjectsArea","My projects Area","Ruang projek saya","ready","Sprint 22C projects.lang + install.lang bulk batch 6"
"lang/ms_MY/projects.lang","DurationEffective","Effective duration","Tempoh efektif","ready","Sprint 22C projects.lang + install.lang bulk batch 6"
"lang/ms_MY/projects.lang","ProgressDeclared","Declared real progress","Kemajuan sebenar yang diisytiharkan","ready","Sprint 22C projects.lang + install.lang bulk batch 6"
"lang/ms_MY/projects.lang","TaskProgressSummary","Task progress","Kemajuan tugasan","ready","Sprint 22C projects.lang + install.lang bulk batch 6"
"lang/ms_MY/projects.lang","CurentlyOpenedTasks","Currently open tasks","Tugasan sedang terbuka","ready","Sprint 22C projects.lang + install.lang bulk batch 6"
"lang/ms_MY/projects.lang","TheReportedProgressIsLessThanTheCalculatedProgressionByX","The declared real progress is less %s than the progress on consumption","Kemajuan sebenar yang diisytiharkan kurang daripada kemajuan terkira sebanyak %s","ready","Sprint 22C projects.lang + install.lang bulk batch 6"
"lang/ms_MY/projects.lang","TheReportedProgressIsMoreThanTheCalculatedProgressionByX","The declared real progress is more %s than the progress on consumption","Kemajuan sebenar yang diisytiharkan lebih daripada kemajuan terkira sebanyak %s","ready","Sprint 22C projects.lang + install.lang bulk batch 6"
"lang/ms_MY/projects.lang","ProgressCalculated","Progress on consumption","Kemajuan berdasarkan penggunaan","ready","Sprint 22C projects.lang + install.lang bulk batch 6"
"lang/ms_MY/projects.lang","WhichIamLinkedTo","which I'm linked to","yang saya dipautkan","ready","Sprint 22C projects.lang + install.lang bulk batch 6"
"lang/ms_MY/projects.lang","WhichIamLinkedToProject","which I'm linked to project","yang saya dipautkan kepada projek","ready","Sprint 22C projects.lang + install.lang bulk batch 6"
"lang/ms_MY/projects.lang","Time","Time","Masa","ready","Sprint 22C projects.lang + install.lang bulk batch 6"
"lang/ms_MY/projects.lang","TimeConsumed","Consumed","Digunakan","ready","Sprint 22C projects.lang + install.lang bulk batch 6"
"lang/ms_MY/projects.lang","ListOfTasks","List of tasks","Senarai tugasan","ready","Sprint 22C projects.lang + install.lang bulk batch 6"
"lang/ms_MY/projects.lang","GoToListOfTimeConsumed","Go to list of time consumed","Pergi ke senarai masa digunakan","ready","Sprint 22C projects.lang + install.lang bulk batch 6"
"lang/ms_MY/projects.lang","GanttView","Gantt View","Paparan Gantt","ready","Sprint 22C projects.lang + install.lang bulk batch 6"
"lang/ms_MY/projects.lang","ListWarehouseAssociatedProject","List of warehouses associated to the project","Senarai stor yang dikaitkan dengan projek","ready","Sprint 22C projects.lang + install.lang bulk batch 6"
"lang/ms_MY/projects.lang","ListProposalsAssociatedProject","List of the commercial proposals related to the project","Senarai cadangan komersial yang dikaitkan dengan projek","ready","Sprint 22C projects.lang + install.lang bulk batch 6"
"lang/ms_MY/projects.lang","ListOrdersAssociatedProject","List of sales orders related to the project","Senarai pesanan jualan yang berkaitan dengan projek","ready","Sprint 22C projects.lang + install.lang bulk batch 6"
"lang/ms_MY/projects.lang","ListInvoicesAssociatedProject","List of customer invoices related to the project","Senarai invois pelanggan yang berkaitan dengan projek","ready","Sprint 22C projects.lang + install.lang bulk batch 6"
"lang/ms_MY/projects.lang","ListPredefinedInvoicesAssociatedProject","List of customer template invoices related to the project","Senarai invois templat pelanggan yang berkaitan dengan projek","ready","Sprint 22C projects.lang + install.lang bulk batch 6"
"lang/ms_MY/projects.lang","ListSupplierOrdersAssociatedProject","List of purchase orders related to the project","Senarai pesanan pembelian yang berkaitan dengan projek","ready","Sprint 22C projects.lang + install.lang bulk batch 6"
"lang/ms_MY/projects.lang","ListSupplierInvoicesAssociatedProject","List of vendor invoices related to the project","Senarai invois pembekal yang berkaitan dengan projek","ready","Sprint 22C projects.lang + install.lang bulk batch 6"
"lang/ms_MY/projects.lang","ListContractAssociatedProject","List of contracts related to the project","Senarai kontrak yang berkaitan dengan projek","ready","Sprint 22C projects.lang + install.lang bulk batch 6"
"lang/ms_MY/projects.lang","ListShippingAssociatedProject","List of shippings related to the project","Senarai penghantaran yang berkaitan dengan projek","ready","Sprint 22C projects.lang + install.lang bulk batch 6"
"lang/ms_MY/projects.lang","ListFichinterAssociatedProject","List of interventions related to the project","Senarai intervensi yang berkaitan dengan projek","ready","Sprint 22C projects.lang + install.lang bulk batch 6"
"lang/ms_MY/projects.lang","ListExpenseReportsAssociatedProject","List of expense reports related to the project","Senarai laporan perbelanjaan yang berkaitan dengan projek","ready","Sprint 22C projects.lang + install.lang bulk batch 6"
"lang/ms_MY/projects.lang","ListDonationsAssociatedProject","List of donations related to the project","Senarai derma yang berkaitan dengan projek","ready","Sprint 22C projects.lang + install.lang bulk batch 6"
"lang/ms_MY/projects.lang","ListVariousPaymentsAssociatedProject","List of miscellaneous payments related to the project","Senarai bayaran pelbagai yang berkaitan dengan projek","ready","Sprint 22C projects.lang + install.lang bulk batch 6"
"lang/ms_MY/projects.lang","ListSalariesAssociatedProject","List of payments of salaries related to the project","Senarai bayaran gaji yang berkaitan dengan projek","ready","Sprint 22C projects.lang + install.lang bulk batch 6"
"lang/ms_MY/projects.lang","ListActionsAssociatedProject","List of events related to the project","Senarai acara yang berkaitan dengan projek","ready","Sprint 22C projects.lang + install.lang bulk batch 6"
"lang/ms_MY/projects.lang","ListMOAssociatedProject","List of manufacturing orders related to the project","Senarai perintah pengilangan yang berkaitan dengan projek","ready","Sprint 22C projects.lang + install.lang bulk batch 6"
"lang/ms_MY/projects.lang","ListTaskTimeUserProject","List of time consumed on tasks of project","Senarai masa digunakan pada tugasan untuk projek","ready","Sprint 22C projects.lang + install.lang bulk batch 6"
"lang/ms_MY/projects.lang","ListTaskTimeForTask","List of time consumed on task","Senarai masa digunakan untuk tugasan","ready","Sprint 22C projects.lang + install.lang bulk batch 6"
"lang/ms_MY/projects.lang","ActivityOnProjectToday","Activity on project today","Aktiviti pada projek hari ini","ready","Sprint 22C projects.lang + install.lang bulk batch 6"
"lang/ms_MY/projects.lang","ActivityOnProjectYesterday","Activity on project yesterday","Aktiviti pada projek semalam","ready","Sprint 22C projects.lang + install.lang bulk batch 6"
"lang/ms_MY/projects.lang","ActivityOnProjectThisWeek","Activity on project this week","Aktiviti pada projek minggu ini","ready","Sprint 22C projects.lang + install.lang bulk batch 6"
"lang/ms_MY/projects.lang","ActivityOnProjectThisMonth","Activity on project this month","Aktiviti pada projek bulan ini","ready","Sprint 22C projects.lang + install.lang bulk batch 6"
"lang/ms_MY/projects.lang","ActivityOnProjectThisYear","Activity on project this year","Aktiviti pada projek tahun ini","ready","Sprint 22C projects.lang + install.lang bulk batch 6"
"lang/ms_MY/projects.lang","ChildOfProjectTask","Child of project/task","Anak kepada projek/tugasan","ready","Sprint 22C projects.lang + install.lang bulk batch 6"
"lang/ms_MY/projects.lang","ChildOfTask","Child of task","Anak kepada tugasan","ready","Sprint 22C projects.lang + install.lang bulk batch 6"
"lang/ms_MY/projects.lang","TaskHasChild","Task has child","Tugasan mempunyai anak","ready","Sprint 22C projects.lang + install.lang bulk batch 6"
"lang/ms_MY/projects.lang","ParentTask","Parent task","Tugasan induk","ready","Sprint 22C projects.lang + install.lang bulk batch 6"
"lang/ms_MY/projects.lang","NotOwnerOfProject","Not owner of this private project","Bukan pemilik projek persendirian ini","ready","Sprint 22C projects.lang + install.lang bulk batch 6"
"lang/ms_MY/projects.lang","AffectedTo","Allocated to","Diperuntukkan kepada","ready","Sprint 22C projects.lang + install.lang bulk batch 6"
"lang/ms_MY/projects.lang","CantRemoveProject","This project can't be removed as it is referenced by some other objects (invoice, orders or other). See tab '%s'.","Projek ini tidak boleh dibuang: %s","ready","Sprint 22C projects.lang + install.lang bulk batch 6"
"lang/ms_MY/projects.lang","ConfirmValidateProject","Are you sure you want to validate this project?","Adakah anda pasti mahu mengesahkan projek ini?","ready","Sprint 22C projects.lang + install.lang bulk batch 6"
"lang/ms_MY/projects.lang","CloseAProject","Close project","Tutup projek","ready","Sprint 22C projects.lang + install.lang bulk batch 6"
"lang/ms_MY/projects.lang","ConfirmCloseAProject","Are you sure you want to close this project?","Adakah anda pasti mahu menutup projek ini?","ready","Sprint 22C projects.lang + install.lang bulk batch 6"
"lang/ms_MY/projects.lang","AlsoCloseAProject","Also close project","Tutup projek juga","ready","Sprint 22C projects.lang + install.lang bulk batch 6"
"lang/ms_MY/projects.lang","AlsoCloseAProjectTooltip","Keep it open if you still need to follow production tasks on it","Biarkan terbuka jika anda masih perlu menggunakannya","ready","Sprint 22C projects.lang + install.lang bulk batch 6"
"lang/ms_MY/projects.lang","ReOpenAProject","Open project","Buka projek","ready","Sprint 22C projects.lang + install.lang bulk batch 6"
"lang/ms_MY/projects.lang","ConfirmReOpenAProject","Are you sure you want to re-open this project?","Adakah anda pasti mahu membuka semula projek ini?","ready","Sprint 22C projects.lang + install.lang bulk batch 6"
"lang/ms_MY/projects.lang","ProjectContact","Contacts of project","Kenalan projek","ready","Sprint 22C projects.lang + install.lang bulk batch 6"
"lang/ms_MY/projects.lang","ProjectContactTypeManager","Assign me as contact with the type","Tugaskan saya sebagai kenalan dengan peranan pengurus projek","ready","Sprint 22C projects.lang + install.lang bulk batch 6"
"lang/ms_MY/projects.lang","TaskContact","Task contacts","Kenalan tugasan","ready","Sprint 22C projects.lang + install.lang bulk batch 6"
"lang/ms_MY/projects.lang","ActionsOnProject","Events on project","Acara pada projek","ready","Sprint 22C projects.lang + install.lang bulk batch 6"
"lang/ms_MY/projects.lang","YouAreNotContactOfProject","You are not a contact of this private project","Anda bukan kenalan bagi projek ini","ready","Sprint 22C projects.lang + install.lang bulk batch 6"
"lang/ms_MY/projects.lang","UserIsNotContactOfProject","User is not a contact of this private project","Pengguna bukan kenalan bagi projek ini","ready","Sprint 22C projects.lang + install.lang bulk batch 6"
"lang/ms_MY/projects.lang","DeleteATimeSpent","Delete time spent","Hapus masa digunakan","ready","Sprint 22C projects.lang + install.lang bulk batch 6"
"lang/ms_MY/projects.lang","ConfirmDeleteATimeSpent","Are you sure you want to delete this time spent?","Adakah anda pasti mahu menghapuskan masa digunakan ini?","ready","Sprint 22C projects.lang + install.lang bulk batch 6"
"lang/ms_MY/projects.lang","DoNotShowMyTasksOnly","See also tasks not assigned to me","Lihat juga tugasan yang tidak ditugaskan kepada saya","ready","Sprint 22C projects.lang + install.lang bulk batch 6"
"lang/ms_MY/projects.lang","ShowMyTasksOnly","View only tasks assigned to me","Lihat hanya tugasan yang ditugaskan kepada saya","ready","Sprint 22C projects.lang + install.lang bulk batch 6"
"lang/ms_MY/projects.lang","TaskRessourceLinks","Contacts of task","Kenalan tugasan","ready","Sprint 22C projects.lang + install.lang bulk batch 6"
"lang/ms_MY/projects.lang","ProjectsDedicatedToThisThirdParty","Projects dedicated to this third party","Projek khusus untuk pihak ketiga ini","ready","Sprint 22C projects.lang + install.lang bulk batch 6"
"lang/ms_MY/projects.lang","ProjectsLinkedToThisThirdParty","Projects having a contact that is a contact of the third party","Projek yang dipautkan kepada pihak ketiga ini","ready","Sprint 22C projects.lang + install.lang bulk batch 6"
"lang/ms_MY/projects.lang","NoTasks","No tasks for this project","Tiada tugasan untuk projek ini","ready","Sprint 22C projects.lang + install.lang bulk batch 6"
"lang/ms_MY/projects.lang","LinkedToAnotherCompany","Linked to other third party","Dipautkan kepada pihak ketiga lain","ready","Sprint 22C projects.lang + install.lang bulk batch 6"
"lang/ms_MY/projects.lang","TaskIsNotAssignedToUser","Task not assigned to user. Use button '<strong>%s</strong>' to assign task now.","Tugasan tidak ditugaskan kepada pengguna. Gunakan butang '<strong>%s</strong>' untuk menugaskan tugasan sekarang.","ready","Sprint 22C projects.lang + install.lang bulk batch 6"
"lang/ms_MY/projects.lang","ErrorTimeSpentIsEmpty","Time spent is empty","Masa digunakan kosong","ready","Sprint 22C projects.lang + install.lang bulk batch 6"
"lang/ms_MY/projects.lang","TimeRecordingRestrictedToNMonthsBack","Time recording is restricted to %s months back","Perekodan masa dihadkan kepada %s bulan ke belakang","ready","Sprint 22C projects.lang + install.lang bulk batch 6"
"lang/ms_MY/projects.lang","ThisWillAlsoRemoveTasks","This action will also delete all tasks of project (<b>%s</b> tasks at the moment) and all inputs of time spent.","Tindakan ini juga akan menghapuskan semua tugasan projek (<b>%s</b> tugasan pada masa ini) dan semua rekod masa digunakan.","ready","Sprint 22C projects.lang + install.lang bulk batch 6"
"lang/ms_MY/projects.lang","IfNeedToUseOtherObjectKeepEmpty","If some objects (invoice, order, ...), belonging to another third party, must be linked to the project to create, keep this empty to have the project being multi third parties.","Jika perlu menggunakan objek lain, biarkan kosong","ready","Sprint 22C projects.lang + install.lang bulk batch 6"
"lang/ms_MY/projects.lang","CloneTasks","Clone tasks","Salin tugasan","ready","Sprint 22C projects.lang + install.lang bulk batch 6"
"lang/ms_MY/projects.lang","CloneContacts","Clone contacts","Salin kenalan","ready","Sprint 22C projects.lang + install.lang bulk batch 6"
"lang/ms_MY/projects.lang","CloneNotes","Clone notes","Salin nota","ready","Sprint 22C projects.lang + install.lang bulk batch 6"
"lang/ms_MY/projects.lang","CloneProjectFiles","Clone project joined files","Salin fail lampiran projek","ready","Sprint 22C projects.lang + install.lang bulk batch 6"
"lang/ms_MY/projects.lang","CloneTaskFiles","Clone task(s) joined files (if task(s) cloned)","Salin fail lampiran tugasan","ready","Sprint 22C projects.lang + install.lang bulk batch 6"
"lang/ms_MY/projects.lang","CloneMoveDate","Update project/tasks dates from now?","Kemas kini tarikh projek/tugasan","ready","Sprint 22C projects.lang + install.lang bulk batch 6"
"lang/ms_MY/projects.lang","ConfirmCloneProject","Are you sure to clone this project?","Adakah anda pasti mahu menyalin projek ini?","ready","Sprint 22C projects.lang + install.lang bulk batch 6"
"lang/ms_MY/projects.lang","ProjectReportDate","Change task dates according to new project start date","Ubah tarikh tugasan mengikut tarikh projek","ready","Sprint 22C projects.lang + install.lang bulk batch 6"
"lang/ms_MY/projects.lang","ErrorShiftTaskDate","Impossible to shift task date according to new project start date","Tidak dapat mengalihkan tarikh tugasan","ready","Sprint 22C projects.lang + install.lang bulk batch 6"
"lang/ms_MY/projects.lang","ProjectsAndTasksLines","Projects and tasks","Baris projek dan tugasan","ready","Sprint 22C projects.lang + install.lang bulk batch 6"
"lang/ms_MY/projects.lang","ProjectCreatedInDolibarr","Project %s created","Projek %s dicipta","ready","Sprint 22C projects.lang + install.lang bulk batch 6"
"lang/ms_MY/projects.lang","ProjectValidatedInDolibarr","Project %s validated","Projek %s disahkan","ready","Sprint 22C projects.lang + install.lang bulk batch 6"
"lang/ms_MY/projects.lang","ProjectModifiedInDolibarr","Project %s modified","Projek %s diubah","ready","Sprint 22C projects.lang + install.lang bulk batch 6"
"lang/ms_MY/projects.lang","TaskCreatedInDolibarr","Task %s created","Tugasan %s dicipta","ready","Sprint 22C projects.lang + install.lang bulk batch 6"
"lang/ms_MY/projects.lang","TaskModifiedInDolibarr","Task %s modified","Tugasan %s diubah","ready","Sprint 22C projects.lang + install.lang bulk batch 6"
"lang/ms_MY/projects.lang","TaskDeletedInDolibarr","Task %s deleted","Tugasan %s dihapuskan","ready","Sprint 22C projects.lang + install.lang bulk batch 6"
"lang/ms_MY/projects.lang","OpportunityStatus","Lead status","Status prospek","ready","Sprint 22C projects.lang + install.lang bulk batch 6"
"lang/ms_MY/projects.lang","OpportunityStatusShort","Lead status","Status prospek","ready","Sprint 22C projects.lang + install.lang bulk batch 6"
"lang/ms_MY/projects.lang","OpportunityProbability","Lead probability","Kebarangkalian prospek","ready","Sprint 22C projects.lang + install.lang bulk batch 6"
"lang/ms_MY/projects.lang","OpportunityProbabilityShort","Lead probab.","Kebarangkalian prospek","ready","Sprint 22C projects.lang + install.lang bulk batch 6"
"lang/ms_MY/projects.lang","OpportunityAmount","Lead amount","Jumlah prospek","ready","Sprint 22C projects.lang + install.lang bulk batch 6"
"lang/ms_MY/projects.lang","OpportunityAmountShort","Lead amount","Jumlah prospek","ready","Sprint 22C projects.lang + install.lang bulk batch 6"
"lang/ms_MY/projects.lang","OpportunityWeightedAmount","Amount of opportunity, weighted by probability","Jumlah prospek berwajaran","ready","Sprint 22C projects.lang + install.lang bulk batch 6"
"lang/ms_MY/projects.lang","OpportunityWeightedAmountShort","Opp. weighted amount","Jumlah prospek berwajaran","ready","Sprint 22C projects.lang + install.lang bulk batch 6"
"lang/ms_MY/projects.lang","OpportunityAmountAverageShort","Average lead amount","Purata jumlah prospek","ready","Sprint 22C projects.lang + install.lang bulk batch 6"
"lang/ms_MY/projects.lang","OpportunityAmountWeigthedShort","Weighted lead amount","Jumlah prospek berwajaran","ready","Sprint 22C projects.lang + install.lang bulk batch 6"
"lang/ms_MY/projects.lang","WonLostExcluded","Won/Lost excluded","Menang/Kalah dikecualikan","ready","Sprint 22C projects.lang + install.lang bulk batch 6"
"lang/ms_MY/projects.lang","TypeContact_project_internal_PROJECTLEADER","Project leader","Ketua projek","ready","Sprint 22C projects.lang + install.lang bulk batch 6"
"lang/ms_MY/projects.lang","TypeContact_project_external_PROJECTLEADER","Project leader","Ketua projek","ready","Sprint 22C projects.lang + install.lang bulk batch 6"
"lang/ms_MY/projects.lang","TypeContact_project_internal_PROJECTCONTRIBUTOR","Contributor","Penyumbang","ready","Sprint 22C projects.lang + install.lang bulk batch 6"
"lang/ms_MY/projects.lang","TypeContact_project_external_PROJECTCONTRIBUTOR","Contributor","Penyumbang","ready","Sprint 22C projects.lang + install.lang bulk batch 6"
"lang/ms_MY/projects.lang","TypeContact_project_task_internal_TASKEXECUTIVE","Task executive","Pelaksana tugasan","ready","Sprint 22C projects.lang + install.lang bulk batch 6"
"lang/ms_MY/projects.lang","TypeContact_project_task_external_TASKEXECUTIVE","Task executive","Pelaksana tugasan","ready","Sprint 22C projects.lang + install.lang bulk batch 6"
"lang/ms_MY/projects.lang","TypeContact_project_task_internal_TASKCONTRIBUTOR","Contributor","Penyumbang","ready","Sprint 22C projects.lang + install.lang bulk batch 6"
"lang/ms_MY/projects.lang","TypeContact_project_task_external_TASKCONTRIBUTOR","Contributor","Penyumbang","ready","Sprint 22C projects.lang + install.lang bulk batch 6"
"lang/ms_MY/projects.lang","SelectElement","Select element","Pilih elemen","ready","Sprint 22C projects.lang + install.lang bulk batch 6"
"lang/ms_MY/projects.lang","AddElement","Link to element","Pautkan kepada elemen","ready","Sprint 22C projects.lang + install.lang bulk batch 6"
"lang/ms_MY/projects.lang","LinkToElementShort","Link to","Paut kepada","ready","Sprint 22C projects.lang + install.lang bulk batch 6"
"lang/ms_MY/projects.lang","DocumentModelBeluga","Project document template for linked objects overview","Templat dokumen projek untuk Beluga","ready","Sprint 22C projects.lang + install.lang bulk batch 6"
"lang/ms_MY/projects.lang","DocumentModelBaleine","Project document template for tasks","Templat dokumen projek untuk Baleine","ready","Sprint 22C projects.lang + install.lang bulk batch 6"
"lang/ms_MY/projects.lang","DocumentModelTimeSpent","Project report template for time spent","Templat laporan projek untuk masa digunakan","ready","Sprint 22C projects.lang + install.lang bulk batch 6"
"lang/ms_MY/projects.lang","PlannedWorkload","Planned workload","Beban kerja dirancang","ready","Sprint 22C projects.lang + install.lang bulk batch 6"
"lang/ms_MY/projects.lang","PlannedWorkloadShort","Workload","Beban kerja","ready","Sprint 22C projects.lang + install.lang bulk batch 6"
"lang/ms_MY/projects.lang","ProjectReferers","Related items","Item berkaitan","ready","Sprint 22C projects.lang + install.lang bulk batch 6"
"lang/ms_MY/projects.lang","ProjectMustBeValidatedFirst","Project must be validated first","Projek mesti disahkan terlebih dahulu","ready","Sprint 22C projects.lang + install.lang bulk batch 6"
"lang/ms_MY/projects.lang","MustBeValidatedToBeSigned","%s must be validated first to be set to Signed.","%s mesti disahkan terlebih dahulu untuk ditandatangani","ready","Sprint 22C projects.lang + install.lang bulk batch 6"
"lang/ms_MY/projects.lang","FirstAddRessourceToAllocateTime","Assign a user resource as contact of project to allocate time","Tugaskan sumber pengguna sebagai kenalan terlebih dahulu untuk memperuntukkan masa","ready","Sprint 22C projects.lang + install.lang bulk batch 6"
"lang/ms_MY/projects.lang","InputPerDay","Input per day","Input harian","ready","Sprint 22C projects.lang + install.lang bulk batch 6"
"lang/ms_MY/projects.lang","InputPerWeek","Input per week","Input mingguan","ready","Sprint 22C projects.lang + install.lang bulk batch 6"
"lang/ms_MY/projects.lang","InputPerMonth","Input per month","Input bulanan","ready","Sprint 22C projects.lang + install.lang bulk batch 6"
"lang/ms_MY/projects.lang","InputDetail","Input detail","Butiran input","ready","Sprint 22C projects.lang + install.lang bulk batch 6"
"lang/ms_MY/projects.lang","TimeAlreadyRecorded","This is time spent already recorded for this task/day and user %s","Ini ialah masa digunakan yang telah direkodkan untuk tugasan/hari ini dan pengguna %s","ready","Sprint 22C projects.lang + install.lang bulk batch 6"
"lang/ms_MY/projects.lang","ProjectsWithThisUserAsContact","Projects assigned to this user","Projek yang ditugaskan kepada pengguna ini","ready","Sprint 22C projects.lang + install.lang bulk batch 6"
"lang/ms_MY/projects.lang","ProjectsWithThisContact","Projects assigned to this third-party contact","Projek yang ditugaskan kepada pihak ketiga ini","ready","Sprint 22C projects.lang + install.lang bulk batch 6"
"lang/ms_MY/projects.lang","TasksWithThisUserAsContact","Tasks assigned to this user","Tugasan yang ditugaskan kepada pengguna ini","ready","Sprint 22C projects.lang + install.lang bulk batch 6"
"lang/ms_MY/projects.lang","ResourceNotAssignedToProject","Not assigned to project","Tidak ditugaskan kepada projek","ready","Sprint 22C projects.lang + install.lang bulk batch 6"
"lang/ms_MY/projects.lang","ResourceNotAssignedToTheTask","Not assigned to the task","Tidak ditugaskan kepada tugasan","ready","Sprint 22C projects.lang + install.lang bulk batch 6"
"lang/ms_MY/projects.lang","NoUserAssignedToTheProject","No users assigned to this project","Tiada pengguna ditugaskan kepada projek ini","ready","Sprint 22C projects.lang + install.lang bulk batch 6"
"lang/ms_MY/projects.lang","TimeSpentBy","Time spent by","Masa digunakan oleh","ready","Sprint 22C projects.lang + install.lang bulk batch 6"
"lang/ms_MY/projects.lang","TasksAssignedTo","Tasks assigned to","Tugasan yang ditugaskan kepada","ready","Sprint 22C projects.lang + install.lang bulk batch 6"
"lang/ms_MY/projects.lang","AssignTaskToMe","Assign task to myself","Tugaskan tugasan kepada diri saya","ready","Sprint 22C projects.lang + install.lang bulk batch 6"
"lang/ms_MY/projects.lang","AssignTaskToUser","Assign task to %s","Tugaskan tugasan kepada %s","ready","Sprint 22C projects.lang + install.lang bulk batch 6"
"lang/ms_MY/projects.lang","SelectTaskToAssign","Select a task to assign...","Pilih tugasan untuk ditugaskan...","ready","Sprint 22C projects.lang + install.lang bulk batch 6"
"lang/ms_MY/projects.lang","SelectAProjectFirst","Select a project first...","Pilih projek terlebih dahulu...","ready","Sprint 22C projects.lang + install.lang bulk batch 6"
"lang/ms_MY/projects.lang","AssignTask","Assign","Tugaskan","ready","Sprint 22C projects.lang + install.lang bulk batch 6"
"lang/ms_MY/projects.lang","ManageTasks","Use projects to follow tasks and/or report time spent (timesheets)","Gunakan projek untuk mengikuti tugasan dan/atau melaporkan masa digunakan (helaian masa)","ready","Sprint 22C projects.lang + install.lang bulk batch 6"
"lang/ms_MY/projects.lang","ManageOpportunitiesStatus","Use projects to follow leads/opportinuties","Gunakan projek untuk mengikuti prospek/peluang","ready","Sprint 22C projects.lang + install.lang bulk batch 6"
"lang/ms_MY/projects.lang","ProjectNbProject","Number of projects","Bilangan projek","ready","Sprint 22C projects.lang + install.lang bulk batch 6"
"lang/ms_MY/projects.lang","ProjectNbTask","Number of tasks","Bilangan tugasan","ready","Sprint 22C projects.lang + install.lang bulk batch 6"
"lang/ms_MY/projects.lang","ProjectNbProjectByMonth","No. of created projects by month","Bil. projek dicipta mengikut bulan","ready","Sprint 22C projects.lang + install.lang bulk batch 6"
"lang/ms_MY/projects.lang","ProjectNbTaskByMonth","No. of created tasks by month","Bil. tugasan dicipta mengikut bulan","ready","Sprint 22C projects.lang + install.lang bulk batch 6"
"lang/ms_MY/projects.lang","ProjectOppAmountOfProjectsByMonth","Amount of leads by month","Jumlah prospek mengikut bulan","ready","Sprint 22C projects.lang + install.lang bulk batch 6"
"lang/ms_MY/projects.lang","ProjectWeightedOppAmountOfProjectsByMonth","Weighted amount of leads by month","Jumlah prospek berwajaran mengikut bulan","ready","Sprint 22C projects.lang + install.lang bulk batch 6"
"lang/ms_MY/projects.lang","ProjectOpenedProjectByOppStatus","Open project|lead by lead status","Projek terbuka|prospek mengikut status prospek","ready","Sprint 22C projects.lang + install.lang bulk batch 6"
"lang/ms_MY/projects.lang","ProjectsStatistics","Statistics on projects or leads","Statistik projek atau prospek","ready","Sprint 22C projects.lang + install.lang bulk batch 6"
"lang/ms_MY/projects.lang","TasksStatistics","Statistics on tasks of projects or leads","Statistik tugasan projek atau prospek","ready","Sprint 22C projects.lang + install.lang bulk batch 6"
"lang/ms_MY/projects.lang","TaskAssignedToEnterTime","Task assigned. Entering time on this task should be possible.","Tugasan telah ditugaskan. Kemasukan masa pada tugasan ini sepatutnya boleh dibuat.","ready","Sprint 22C projects.lang + install.lang bulk batch 6"
"lang/ms_MY/projects.lang","IdTaskTime","Id task time","ID masa tugasan","ready","Sprint 22C projects.lang + install.lang bulk batch 6"
"lang/ms_MY/projects.lang","YouCanCompleteRef","If you want to complete the ref with some suffix, it is recommended to add a - character to separate it, so the automatic numbering will still work correctly for next projects. For example %s-MYSUFFIX","Jika anda mahu melengkapkan rujukan dengan akhiran tertentu, disyorkan untuk menambah aksara - sebagai pemisah, supaya penomboran automatik masih berfungsi dengan betul untuk projek seterusnya. Contohnya %s-MYSUFFIX","ready","Sprint 22C projects.lang + install.lang bulk batch 6"
"lang/ms_MY/projects.lang","OpenedProjectsByThirdparties","Open projects by third parties","Projek terbuka mengikut pihak ketiga","ready","Sprint 22C projects.lang + install.lang bulk batch 6"
"lang/ms_MY/projects.lang","Opportunities","Leads","Prospek","ready","Sprint 22C projects.lang + install.lang bulk batch 6"
"lang/ms_MY/projects.lang","OnlyOpportunitiesShort","Only leads","Prospek sahaja","ready","Sprint 22C projects.lang + install.lang bulk batch 6"
"lang/ms_MY/projects.lang","OpenedOpportunitiesShort","Open leads","Prospek terbuka","ready","Sprint 22C projects.lang + install.lang bulk batch 6"
"lang/ms_MY/projects.lang","NotOpenedOpportunitiesShort","Not an open lead","Bukan prospek terbuka","ready","Sprint 22C projects.lang + install.lang bulk batch 6"
"lang/ms_MY/projects.lang","NotAnOpportunityShort","Not a lead","Bukan prospek","ready","Sprint 22C projects.lang + install.lang bulk batch 6"
"lang/ms_MY/projects.lang","OpportunityTotalAmount","Total amount of leads","Jumlah keseluruhan prospek","ready","Sprint 22C projects.lang + install.lang bulk batch 6"
"lang/ms_MY/projects.lang","OpportunityPonderatedAmount","Weighted amount of leads","Jumlah prospek berwajaran","ready","Sprint 22C projects.lang + install.lang bulk batch 6"
"lang/ms_MY/projects.lang","OpportunityPonderatedAmountDesc","Leads amount weighted with probability","Jumlah prospek yang diberi wajaran mengikut kebarangkalian","ready","Sprint 22C projects.lang + install.lang bulk batch 6"
"lang/ms_MY/projects.lang","OppStatusPROSP","Prospection","Prospeksi","ready","Sprint 22C projects.lang + install.lang bulk batch 6"
"lang/ms_MY/projects.lang","OppStatusQUAL","Qualification","Kelayakan","ready","Sprint 22C projects.lang + install.lang bulk batch 6"
"lang/ms_MY/projects.lang","OppStatusPROPO","Proposal","Cadangan","ready","Sprint 22C projects.lang + install.lang bulk batch 6"
"lang/ms_MY/projects.lang","OppStatusNEGO","Negotiation","Rundingan","ready","Sprint 22C projects.lang + install.lang bulk batch 6"
"lang/ms_MY/projects.lang","OppStatusPENDING","Pending","Belum selesai","ready","Sprint 22C projects.lang + install.lang bulk batch 6"
"lang/ms_MY/projects.lang","OppStatusWON","Won","Menang","ready","Sprint 22C projects.lang + install.lang bulk batch 6"
"lang/ms_MY/projects.lang","OppStatusLOST","Lost","Kalah","ready","Sprint 22C projects.lang + install.lang bulk batch 6"
"lang/ms_MY/projects.lang","AllowToLinkFromOtherCompany","Allow to link an element with a project of other company<br><br><u>Supported values:</u><br>- Keep empty: Can link elements with any projects in the same company (default)<br>- ""all"": Can link elements with any projects, even projects of other companies<br>- A list of third-party ids separated by commas: can link elements with any projects of these third partys (Example: 123,4795,53)<br>","Benarkan memautkan elemen dengan projek syarikat lain<br><br><u>Nilai disokong:</u><br>- Biarkan kosong: Boleh memautkan elemen dengan mana-mana projek dalam syarikat yang sama (lalai)<br>- ""all"": Boleh memautkan elemen dengan mana-mana projek, termasuk projek syarikat lain<br>- Senarai ID pihak ketiga yang dipisahkan dengan koma: boleh memautkan elemen dengan mana-mana projek pihak ketiga ini (Contoh: 123,4795,53)<br>","ready","Sprint 22C projects.lang + install.lang bulk batch 6"
"lang/ms_MY/projects.lang","LatestProjects","Latest %s projects","%s projek terkini","ready","Sprint 22C projects.lang + install.lang bulk batch 6"
"lang/ms_MY/projects.lang","LatestModifiedProjects","Latest %s modified projects","%s projek terkini yang diubah","ready","Sprint 22C projects.lang + install.lang bulk batch 6"
"lang/ms_MY/projects.lang","OtherFilteredTasks","Other filtered tasks","Tugasan tertapis lain","ready","Sprint 22C projects.lang + install.lang bulk batch 6"
"lang/ms_MY/projects.lang","NoAssignedTasks","No assigned tasks found (assign project/tasks to the current user from the top select box to enter time on it)","Tiada tugasan ditugaskan ditemui (tugaskan projek/tugasan kepada pengguna semasa daripada kotak pilihan di atas untuk memasukkan masa padanya)","ready","Sprint 22C projects.lang + install.lang bulk batch 6"
"lang/ms_MY/projects.lang","ThirdPartyRequiredToGenerateIntervention","A third party must be defined on project to be able to create intervention.","Pihak ketiga mesti ditakrifkan pada projek untuk membolehkan intervensi dicipta.","ready","Sprint 22C projects.lang + install.lang bulk batch 6"
"lang/ms_MY/projects.lang","ThirdPartyRequiredToGenerateInvoice","A third party must be defined on project to be able to invoice it.","Pihak ketiga mesti ditakrifkan pada projek untuk membolehkan invois dijana.","ready","Sprint 22C projects.lang + install.lang bulk batch 6"
"lang/ms_MY/projects.lang","ChooseANotYetAssignedTask","Choose a task not yet assigned to you","Pilih tugasan yang belum ditugaskan kepada anda","ready","Sprint 22C projects.lang + install.lang bulk batch 6"
"lang/ms_MY/projects.lang","AllowCommentOnTask","Allow user comments on tasks","Benarkan komen pengguna pada tugasan","ready","Sprint 22C projects.lang + install.lang bulk batch 6"
"lang/ms_MY/projects.lang","AllowCommentOnProject","Allow user comments on projects","Benarkan komen pengguna pada projek","ready","Sprint 22C projects.lang + install.lang bulk batch 6"
"lang/ms_MY/projects.lang","DontHavePermissionForCloseProject","You do not have permissions to close the project %s","Anda tidak mempunyai kebenaran untuk menutup projek %s","ready","Sprint 22C projects.lang + install.lang bulk batch 6"
"lang/ms_MY/projects.lang","DontHaveTheValidateStatus","The project %s must be open to be closed","Projek %s mesti terbuka untuk ditutup","ready","Sprint 22C projects.lang + install.lang bulk batch 6"
"lang/ms_MY/projects.lang","RecordsClosed","%s project(s) closed","%s projek ditutup","ready","Sprint 22C projects.lang + install.lang bulk batch 6"
"lang/ms_MY/projects.lang","SendProjectRef","Information project %s","Maklumat projek %s","ready","Sprint 22C projects.lang + install.lang bulk batch 6"
"lang/ms_MY/projects.lang","ModuleSalaryToDefineHourlyRateMustBeEnabled","Module 'Salaries' must be enabled to define employee hourly rate to have time spent valorized","Modul 'Gaji' mesti diaktifkan untuk menetapkan kadar sejam pekerja supaya masa digunakan boleh dinilai","ready","Sprint 22C manual review 6A — keys 251-300"
"lang/ms_MY/projects.lang","NewTaskRefSuggested","Task ref already used, a new task ref is required","Rujukan tugasan telah digunakan. Rujukan tugasan baharu diperlukan","ready","Sprint 22C manual review 6A — keys 251-300"
"lang/ms_MY/projects.lang","NumberOfTasksCloned","%s task(s) cloned","%s tugasan diklon","ready","Sprint 22C manual review 6A — keys 251-300"
"lang/ms_MY/projects.lang","TimeSpentInvoiced","Time spent billed","Masa digunakan yang telah diinvoiskan","ready","Sprint 22C manual review 6A — keys 251-300"
"lang/ms_MY/projects.lang","TimeSpentForIntervention","Time spent","Masa digunakan","ready","Sprint 22C manual review 6A — keys 251-300"
"lang/ms_MY/projects.lang","TimeSpentForInvoice","Time spent","Masa digunakan","ready","Sprint 22C manual review 6A — keys 251-300"
"lang/ms_MY/projects.lang","OneLinePerUser","One line per user","Satu baris bagi setiap pengguna","ready","Sprint 22C manual review 6A — keys 251-300"
"lang/ms_MY/projects.lang","ServiceToUseOnLines","Service to use on lines by default","Perkhidmatan lalai untuk digunakan pada baris","ready","Sprint 22C manual review 6A — keys 251-300"
"lang/ms_MY/projects.lang","InvoiceGeneratedFromTimeSpent","Invoice %s has been generated from time spent on project","Invois %s telah dijana daripada masa digunakan pada projek","ready","Sprint 22C manual review 6A — keys 251-300"
"lang/ms_MY/projects.lang","InterventionGeneratedFromTimeSpent","Intervention %s has been generated from time spent on project","Intervensi %s telah dijana daripada masa digunakan pada projek","ready","Sprint 22C manual review 6A — keys 251-300"
"lang/ms_MY/projects.lang","ProjectBillTimeDescription","Check if you enter timesheet on tasks of project AND you plan to generate invoice(s) from the timesheet to bill the customer of the project (do not check if you plan to create invoice that is not based on entered timesheets). Note: To generate invoice, go on tab 'Time spent' of the project and select lines to include.","Tandakan pilihan ini jika anda merekodkan helaian masa pada tugasan projek DAN merancang untuk menjana invois daripada helaian masa tersebut bagi mengebil pelanggan projek. Jangan tandakan jika anda merancang untuk mencipta invois yang tidak berdasarkan helaian masa yang direkodkan. Nota: Untuk menjana invois, buka tab 'Masa digunakan' projek dan pilih baris yang hendak disertakan.","ready","Sprint 22C manual review 6A — keys 251-300"
"lang/ms_MY/projects.lang","ProjectFollowOpportunity","Follow opportunity","Jejaki peluang","ready","Sprint 22C manual review 6A — keys 251-300"
"lang/ms_MY/projects.lang","ProjectFollowTasks","Follow tasks or time spent","Jejaki tugasan atau masa digunakan","ready","Sprint 22C manual review 6A — keys 251-300"
"lang/ms_MY/projects.lang","Usage","Usage","Kegunaan","ready","Sprint 22C manual review 6A — keys 251-300"
"lang/ms_MY/projects.lang","UsageOpportunity","Usage: Opportunity","Kegunaan: Peluang","ready","Sprint 22C manual review 6A — keys 251-300"
"lang/ms_MY/projects.lang","UsageTasks","Usage: Tasks","Kegunaan: Tugasan","ready","Sprint 22C manual review 6A — keys 251-300"
"lang/ms_MY/projects.lang","UsageBillTimeShort","Usage: Bill time","Kegunaan: Pengebilan masa","ready","Sprint 22C manual review 6A — keys 251-300"
"lang/ms_MY/projects.lang","InvoiceToUse","Draft invoice to use","Draf invois untuk digunakan","ready","Sprint 22C manual review 6A — keys 251-300"
"lang/ms_MY/projects.lang","InterToUse","Draft intervention to use","Draf intervensi untuk digunakan","ready","Sprint 22C manual review 6A — keys 251-300"
"lang/ms_MY/projects.lang","NewInvoice","New invoice","Invois baharu","ready","Sprint 22C manual review 6A — keys 251-300"
"lang/ms_MY/projects.lang","NewInter","New intervention","Intervensi baharu","ready","Sprint 22C manual review 6A — keys 251-300"
"lang/ms_MY/projects.lang","OneLinePerTask","One line per task","Satu baris bagi setiap tugasan","ready","Sprint 22C manual review 6A — keys 251-300"
"lang/ms_MY/projects.lang","OneLinePerPeriod","One line per period","Satu baris bagi setiap tempoh","ready","Sprint 22C manual review 6A — keys 251-300"
"lang/ms_MY/projects.lang","OneLinePerTimeSpentLine","One line for each time spent declaration","Satu baris bagi setiap pengisytiharan masa digunakan","ready","Sprint 22C manual review 6A — keys 251-300"
"lang/ms_MY/projects.lang","AddDetailDateAndDuration","With date and duration into line description","Sertakan tarikh dan tempoh dalam keterangan baris","ready","Sprint 22C manual review 6A — keys 251-300"
"lang/ms_MY/projects.lang","RefTaskParent","Ref. Parent Task","Ruj. tugasan induk","ready","Sprint 22C manual review 6A — keys 251-300"
"lang/ms_MY/projects.lang","ProfitIsCalculatedWith","Profit is calculated using","Keuntungan dikira menggunakan","ready","Sprint 22C manual review 6A — keys 251-300"
"lang/ms_MY/projects.lang","AddPersonToTask","Add also to tasks","Tambahkan juga kepada tugasan","ready","Sprint 22C manual review 6A — keys 251-300"
"lang/ms_MY/projects.lang","UsageOrganizeEvent","Usage: Event Organization","Kegunaan: Penganjuran acara","ready","Sprint 22C manual review 6A — keys 251-300"
"lang/ms_MY/projects.lang","PROJECT_CLASSIFY_CLOSED_WHEN_ALL_TASKS_DONE","Classify project as closed when all its tasks are completed (100%% progress)","Klasifikasikan projek sebagai ditutup apabila semua tugasannya selesai (kemajuan 100%%)","ready","Sprint 22C manual review 6A — keys 251-300"
"lang/ms_MY/projects.lang","PROJECT_CLASSIFY_CLOSED_WHEN_ALL_TASKS_DONE_help","Note: existing projects with all tasks already set to a progress of 100 %% won't be affected: you will have to close them manually. This option only affects open projects.","Nota: Projek sedia ada yang semua tugasannya telah mencapai kemajuan 100%% tidak akan terjejas. Anda perlu menutupnya secara manual. Pilihan ini hanya mempengaruhi projek yang masih terbuka.","ready","Sprint 22C manual review 6A — keys 251-300"
"lang/ms_MY/projects.lang","SelectLinesOfTimeSpentToInvoice","Select lines of time spent that are unbilled, then bulk action ""Generate Invoice"" to bill them","Pilih baris masa digunakan yang belum diinvoiskan, kemudian gunakan tindakan pukal 'Jana Invois' untuk mengebilnya","ready","Sprint 22C manual review 6A — keys 251-300"
"lang/ms_MY/projects.lang","ProjectTasksWithoutTimeSpent","Project tasks without time spent","Tugasan projek tanpa masa digunakan","ready","Sprint 22C manual review 6A — keys 251-300"
"lang/ms_MY/projects.lang","FormForNewLeadDesc","Thanks to fill the following form to contact us. You can also send us an email directly to <b>%s</b>.","Sila lengkapkan borang berikut untuk menghubungi kami. Anda juga boleh menghantar e-mel terus kepada <b>%s</b>.","ready","Sprint 22C manual review 6A — keys 251-300"
"lang/ms_MY/projects.lang","ProjectsHavingThisContact","Projects having this contact","Projek yang mempunyai kenalan ini","ready","Sprint 22C manual review 6A — keys 251-300"
"lang/ms_MY/projects.lang","StartDateCannotBeAfterEndDate","End date cannot be before start date","Tarikh tamat tidak boleh mendahului tarikh mula","ready","Sprint 22C manual review 6A — keys 251-300"
"lang/ms_MY/projects.lang","ErrorPROJECTLEADERRoleMissingRestoreIt","The ""PROJECTLEADER"" role is missing or has been de-activited, please restore in the dictionary of contact types","Peranan 'PROJECTLEADER' tiada atau telah dinyahaktifkan. Sila pulihkannya dalam kamus jenis kenalan","ready","Sprint 22C manual review 6A — keys 251-300"
"lang/ms_MY/projects.lang","LeadPublicFormDesc","You can enable here a public page to allow your prospects to make a first contact to you from a public online form","Anda boleh mengaktifkan halaman awam di sini untuk membolehkan prospek membuat hubungan awal dengan anda melalui borang dalam talian awam","ready","Sprint 22C manual review 6A — keys 251-300"
"lang/ms_MY/projects.lang","EnablePublicLeadForm","Enable the public form for contact","Aktifkan borang awam untuk hubungan","ready","Sprint 22C manual review 6A — keys 251-300"
"lang/ms_MY/projects.lang","NewLeadbyWeb","Your message or request has been recorded. We will answer or contact your soon.","Mesej atau permintaan anda telah direkodkan. Kami akan memberikan jawapan atau menghubungi anda tidak lama lagi.","ready","Sprint 22C manual review 6A — keys 251-300"
"lang/ms_MY/projects.lang","NewLeadForm","New contact form","Borang hubungan baharu","ready","Sprint 22C manual review 6A — keys 251-300"
"lang/ms_MY/projects.lang","LeadFromPublicForm","Online lead from public form","Prospek dalam talian daripada borang awam","ready","Sprint 22C manual review 6A — keys 251-300"
"lang/ms_MY/projects.lang","ExportAccountingReportButtonLabel","Get report","Dapatkan laporan","ready","Sprint 22C manual review 6A — keys 251-300"
"lang/ms_MY/projects.lang","MergeOriginTask","Duplicated task (the task you want to delete)","Tugasan pendua (tugasan yang hendak anda hapuskan)","ready","Sprint 22C manual review 6A — keys 251-300"
"lang/ms_MY/projects.lang","ConfirmMergeTasks","Are you sure you want to merge the chosen task with the current one? All linked objects (time spent, invoices, ...) will be moved to the current task, after which the chosen task will be deleted.","Adakah anda pasti mahu menggabungkan tugasan yang dipilih dengan tugasan semasa? Semua objek yang dipautkan seperti masa digunakan dan invois akan dipindahkan kepada tugasan semasa. Selepas itu, tugasan yang dipilih akan dihapuskan.","ready","Sprint 22C manual review 6A — keys 251-300"
"lang/ms_MY/projects.lang","MergeTasks","Merge tasks","Gabungkan tugasan","ready","Sprint 22C manual review 6A — keys 251-300"
"lang/ms_MY/projects.lang","TaskMergeSuccess","Tasks have been merged","Tugasan telah berjaya digabungkan","ready","Sprint 22C manual review 6A — keys 251-300"
"lang/ms_MY/projects.lang","ErrorTaskIdIsMandatory","Error: Task id is mandatory","Ralat: ID tugasan adalah wajib","ready","Sprint 22C manual review 6A — keys 251-300"
"lang/ms_MY/projects.lang","ErrorsTaskMerge","An error occurred while merging tasks","Ralat berlaku semasa menggabungkan tugasan","ready","Sprint 22C manual review 6A — keys 251-300"
"lang/ms_MY/projects.lang","Billable "," Billable","Boleh dibilkan","ready","Sprint 22C manual review 6A — keys 251-300"
"lang/ms_MY/projects.lang","ConfirmCloseTask","Are you sure you want to close this task ?","Adakah anda pasti mahu menutup tugasan ini?","ready","Sprint 22C manual review 6B — keys 301-350"
"lang/ms_MY/projects.lang","ConfirmClosed","Confirm task closed","Sahkan tugasan ditutup","ready","Sprint 22C manual review 6B — keys 301-350"
"lang/ms_MY/projects.lang","TaskReopened","Task reopened","Tugasan dibuka semula","ready","Sprint 22C manual review 6B — keys 301-350"
"lang/ms_MY/projects.lang","ThisContactHasAUser","Warning, you must assign the associated user of this contact (the user '%s', and not the contact '%s') if you want to give access permission on this object to the respective user contact.","Amaran: Anda mesti menetapkan pengguna yang dikaitkan dengan kenalan ini (pengguna '%s', bukan kenalan '%s') untuk memberikan kebenaran akses kepada objek ini kepada pengguna kenalan berkenaan.","ready","Sprint 22C manual review 6B — keys 301-350"
"lang/ms_MY/projects.lang","CloneChanges","Recalculate date of task","Kira semula tarikh tugasan","ready","Sprint 22C manual review 6B — keys 301-350"
"lang/ms_MY/projects.lang","CloneAffectation","Clone assignations","Klon penugasan","ready","Sprint 22C manual review 6B — keys 301-350"
"lang/ms_MY/projects.lang","CloneProgression","Clone progression","Klon kemajuan","ready","Sprint 22C manual review 6B — keys 301-350"
"lang/ms_MY/projects.lang","CloneTimes","Clone times","Klon masa","ready","Sprint 22C manual review 6B — keys 301-350"
"lang/ms_MY/projects.lang","CloneFile","Clone files","Klon fail","ready","Sprint 22C manual review 6B — keys 301-350"
"lang/ms_MY/projects.lang","ConfirmCloneTask","Do you want to clone this task?","Adakah anda mahu mengklon tugasan ini?","ready","Sprint 22C manual review 6B — keys 301-350"
"lang/ms_MY/projects.lang","TaskBackToDraft","Task status is back to draft","Status tugasan dikembalikan kepada draf","ready","Sprint 22C manual review 6B — keys 301-350"
"lang/ms_MY/projects.lang","EventStartOrEndDateNotDefined","Event start or end date not defined","Tarikh mula atau tarikh tamat acara belum ditetapkan","ready","Sprint 22C manual review 6B — keys 301-350"
"lang/ms_MY/projects.lang","FormForPublicLeadRegistrationHasNotBeenEnabled","Form for public lead registration has not been enabled","Borang pendaftaran prospek awam belum diaktifkan","ready","Sprint 22C manual review 6B — keys 301-350"
"lang/ms_MY/projects.lang","TaskHourlyRateUpdated","Task's hourly rate updated","Kadar sejam tugasan telah dikemas kini","ready","Sprint 22C manual review 6B — keys 301-350"
"lang/ms_MY/projects.lang","UpdateWithLastHourlyRate","Update all recorded time spent of each user with the last hourly rate of the user","Kemas kini semua masa digunakan yang direkodkan bagi setiap pengguna menggunakan kadar sejam terkini pengguna tersebut","ready","Sprint 22C manual review 6B — keys 301-350"
"lang/ms_MY/projects.lang","UpdateUndefinedWithLastHourlyRate","Update the time spent that has no hourly rate defined with the last hourly rate of the user","Kemas kini masa digunakan yang tidak mempunyai kadar sejam menggunakan kadar sejam terkini pengguna","ready","Sprint 22C manual review 6B — keys 301-350"
"lang/ms_MY/projects.lang","EnterUsersHourlyRateFirst","First, enter the hourly rate for the user(s)...","Masukkan kadar sejam pengguna terlebih dahulu...","ready","Sprint 22C manual review 6B — keys 301-350"
"lang/ms_MY/install.lang","InstallEasy","Just follow the instructions step by step.","Ikuti sahaja arahan langkah demi langkah.","ready","Sprint 22C manual review 6B — keys 301-350"
"lang/ms_MY/install.lang","MiscellaneousChecks","Prerequisites check","Semakan prasyarat","ready","Sprint 22C manual review 6B — keys 301-350"
"lang/ms_MY/install.lang","ConfFileExists","Configuration file <b>%s</b> exists.","Fail konfigurasi <b>%s</b> wujud.","ready","Sprint 22C manual review 6B — keys 301-350"
"lang/ms_MY/install.lang","ConfFileDoesNotExistsAndCouldNotBeCreated","Configuration file <b>%s</b> does not exist and could not be created!","Fail konfigurasi <b>%s</b> tidak wujud dan tidak dapat dicipta!","ready","Sprint 22C manual review 6B — keys 301-350"
"lang/ms_MY/install.lang","ConfFileCouldBeCreated","Configuration file <b>%s</b> could be created.","Fail konfigurasi <b>%s</b> boleh dicipta.","ready","Sprint 22C manual review 6B — keys 301-350"
"lang/ms_MY/install.lang","ConfFileIsNotWritable","Configuration file <b>%s</b> is not writable. Check permissions. For first install, your web server must be able to write into this file during configuration process (""chmod 666"" for example on a Unix like OS).","Fail konfigurasi <b>%s</b> tidak boleh ditulis. Semak kebenaran. Bagi pemasangan pertama, pelayan web anda mesti boleh menulis ke dalam fail ini semasa proses konfigurasi (contohnya, 'chmod 666' pada sistem pengendalian seperti Unix).","ready","Sprint 22C manual review 6B — keys 301-350"
"lang/ms_MY/install.lang","ConfFileIsWritable","Configuration file <b>%s</b> is writable.","Fail konfigurasi <b>%s</b> boleh ditulis.","ready","Sprint 22C manual review 6B — keys 301-350"
"lang/ms_MY/install.lang","ConfFileMustBeAFileNotADir","Configuration file <b>%s</b> must be a file, not a directory.","Fail konfigurasi <b>%s</b> mestilah sebuah fail, bukan direktori.","ready","Sprint 22C manual review 6B — keys 301-350"
"lang/ms_MY/install.lang","ConfFileReload","Reloading parameters from configuration file.","Memuat semula parameter daripada fail konfigurasi.","ready","Sprint 22C manual review 6B — keys 301-350"
"lang/ms_MY/install.lang","NoReadableConfFileSoStartInstall","The configuration file <b>conf/conf.php</b> does not exists or is not readable. We will run the installation process to try to initialize it.","Fail konfigurasi <b>conf/conf.php</b> tidak wujud atau tidak boleh dibaca. Proses pemasangan akan dijalankan untuk cuba memulakannya.","ready","Sprint 22C manual review 6B — keys 301-350"
"lang/ms_MY/install.lang","PHPSupportPOSTGETOk","This PHP supports variables POST and GET.","PHP ini menyokong pemboleh ubah POST dan GET.","ready","Sprint 22C manual review 6B — keys 301-350"
"lang/ms_MY/install.lang","PHPSupportPOSTGETKo","It's possible your PHP setup does not support variables POST and/or GET. Check the parameter <b>variables_order</b> in php.ini.","Tetapan PHP anda mungkin tidak menyokong pemboleh ubah POST dan/atau GET. Semak parameter <b>variables_order</b> dalam php.ini.","ready","Sprint 22C manual review 6B — keys 301-350"
"lang/ms_MY/install.lang","PHPSupportSessions","This PHP supports sessions.","PHP ini menyokong sesi.","ready","Sprint 22C manual review 6B — keys 301-350"
"lang/ms_MY/install.lang","PHPSupport","This PHP supports %s functions.","PHP ini menyokong fungsi %s.","ready","Sprint 22C manual review 6B — keys 301-350"
"lang/ms_MY/install.lang","PHPMemoryOK","Your PHP max session memory is set to <b>%s</b>. This should be enough.","Memori sesi maksimum PHP anda ditetapkan kepada <b>%s</b>. Nilai ini sepatutnya mencukupi.","ready","Sprint 22C manual review 6B — keys 301-350"
"lang/ms_MY/install.lang","PHPMemoryTooLow","Your PHP max session memory is set to <b>%s</b> bytes. This is too low. Change your <b>php.ini</b> to set <b>memory_limit</b> parameter to at least <b>%s</b> bytes.","Memori sesi maksimum PHP anda ditetapkan kepada <b>%s</b> bait. Nilai ini terlalu rendah. Ubah <b>php.ini</b> anda untuk menetapkan parameter <b>memory_limit</b> kepada sekurang-kurangnya <b>%s</b> bait.","ready","Sprint 22C manual review 6B — keys 301-350"
"lang/ms_MY/install.lang","Recheck","Click here for a more detailed test","Klik di sini untuk ujian yang lebih terperinci","ready","Sprint 22C manual review 6B — keys 301-350"
"lang/ms_MY/install.lang","ErrorPHPDoesNotSupportSessions","Your PHP installation does not support sessions. This feature is required to allow Dolibarr to work. Check your PHP setup and permissions of the sessions directory.","Pemasangan PHP anda tidak menyokong sesi. Ciri ini diperlukan supaya Dolibarr dapat berfungsi. Semak tetapan PHP dan kebenaran direktori sesi.","ready","Sprint 22C manual review 6B — keys 301-350"
"lang/ms_MY/install.lang","ErrorDirDoesNotExists","Directory %s does not exist.","Direktori %s tidak wujud.","ready","Sprint 22C manual review 6B — keys 301-350"
"lang/ms_MY/install.lang","ErrorGoBackAndCorrectParameters","Go back and check/correct the parameters.","Kembali dan semak atau betulkan parameter.","ready","Sprint 22C manual review 6B — keys 301-350"
"lang/ms_MY/install.lang","ErrorWrongValueForParameter","You may have typed a wrong value for parameter '%s'.","Anda mungkin telah memasukkan nilai yang salah untuk parameter '%s'.","ready","Sprint 22C manual review 6B — keys 301-350"
"lang/ms_MY/install.lang","ErrorFailedToCreateDatabase","Failed to create database '%s'.","Gagal mencipta pangkalan data '%s'.","ready","Sprint 22C manual review 6B — keys 301-350"
"lang/ms_MY/install.lang","ErrorFailedToConnectToDatabase","Failed to connect to database '%s'.","Gagal menyambung ke pangkalan data '%s'.","ready","Sprint 22C manual review 6B — keys 301-350"
"lang/ms_MY/install.lang","ErrorDatabaseVersionTooLow","Database version (%s) too old. Version %s or higher is required.","Versi pangkalan data (%s) terlalu lama. Versi %s atau lebih baharu diperlukan.","ready","Sprint 22C manual review 6B — keys 301-350"
"lang/ms_MY/install.lang","ErrorPHPVersionTooLow","PHP version too old. Version %s or higher is required.","Versi PHP terlalu lama. Versi %s atau lebih baharu diperlukan.","ready","Sprint 22C manual review 6B — keys 301-350"
"lang/ms_MY/install.lang","ErrorPHPVersionTooHigh","PHP version too high. Version %s or lower is required.","Versi PHP terlalu baharu. Versi %s atau lebih lama diperlukan.","ready","Sprint 22C manual review 6B — keys 301-350"
"lang/ms_MY/install.lang","ErrorConnectedButDatabaseNotFound","Connection to server successful but database '%s' not found.","Sambungan ke pelayan berjaya tetapi pangkalan data '%s' tidak ditemukan.","ready","Sprint 22C manual review 6B — keys 301-350"
"lang/ms_MY/install.lang","ErrorDatabaseAlreadyExists","Database '%s' already exists.","Pangkalan data '%s' telah wujud.","ready","Sprint 22C manual review 6B — keys 301-350"
"lang/ms_MY/install.lang","ErrorNoMigrationFilesFoundForParameters","No migration file found for the selected versions","Tiada fail migrasi ditemukan untuk versi yang dipilih","ready","Sprint 22C manual review 6B — keys 301-350"
"lang/ms_MY/install.lang","IfDatabaseNotExistsGoBackAndUncheckCreate","If the database does not exist, go back and check option ""Create database"".","Jika pangkalan data tidak wujud, kembali dan tandakan pilihan 'Cipta pangkalan data'.","ready","Sprint 22C manual review 6B — keys 301-350"
"lang/ms_MY/install.lang","IfDatabaseExistsGoBackAndCheckCreate","If database already exists, go back and uncheck ""Create database"" option.","Jika pangkalan data telah wujud, kembali dan nyahpilih pilihan 'Cipta pangkalan data'.","ready","Sprint 22C manual review 6B — keys 301-350"
"lang/ms_MY/install.lang","WarningBrowserTooOld","Version of browser is too old. Upgrading your browser to a recent version of Firefox, Chrome or Opera is highly recommended.","Versi pelayar terlalu lama. Anda amat disyorkan untuk menaik taraf pelayar kepada versi terkini Firefox, Chrome atau Opera.","ready","Sprint 22C manual review 6B — keys 301-350"
"lang/ms_MY/install.lang","PHPVersion","PHP Version","Versi PHP","ready","Sprint 22C manual review 6B — keys 301-350"
"lang/ms_MY/install.lang","License","Using license","Lesen yang digunakan","ready","Sprint 22C manual review 6C — keys 351-400"
"lang/ms_MY/install.lang","ConfigurationFile","Configuration file","Fail konfigurasi","ready","Sprint 22C manual review 6C — keys 351-400"
"lang/ms_MY/install.lang","WebPagesDirectory","Directory where web pages are stored","Direktori tempat halaman web disimpan","ready","Sprint 22C manual review 6C — keys 351-400"
"lang/ms_MY/install.lang","DocumentsDirectory","Directory to store uploaded and generated documents","Direktori untuk menyimpan dokumen yang dimuat naik dan dijana","ready","Sprint 22C manual review 6C — keys 351-400"
"lang/ms_MY/install.lang","URLRoot","URL Root","URL akar","ready","Sprint 22C manual review 6C — keys 351-400"
"lang/ms_MY/install.lang","ForceHttps","Force secure connections (https)","Paksa sambungan selamat (https)","ready","Sprint 22C manual review 6C — keys 351-400"
"lang/ms_MY/install.lang","CheckToForceHttps","Check this option to force secure connections (https).<br>This requires that the web server is configured with an SSL certificate.","Tandakan pilihan ini untuk memaksa sambungan selamat (https).<br>Ini memerlukan pelayan web dikonfigurasikan dengan sijil SSL.","ready","Sprint 22C manual review 6C — keys 351-400"
"lang/ms_MY/install.lang","DolibarrDatabase","Dolibarr Database","Pangkalan data Dolibarr","ready","Sprint 22C manual review 6C — keys 351-400"
"lang/ms_MY/install.lang","DatabaseType","Database type","Jenis pangkalan data","ready","Sprint 22C manual review 6C — keys 351-400"
"lang/ms_MY/install.lang","Server","Server","Pelayan","ready","Sprint 22C manual review 6C — keys 351-400"
"lang/ms_MY/install.lang","ServerAddressDescription","Name or ip address for the database server. Usually 'localhost' when the database server is hosted on the same server as the web server.","Nama atau alamat IP pelayan pangkalan data. Biasanya 'localhost' apabila pelayan pangkalan data ditempatkan pada pelayan yang sama dengan pelayan web.","ready","Sprint 22C manual review 6C — keys 351-400"
"lang/ms_MY/install.lang","ServerPortDescription","Database server port. Keep empty if unknown.","Port pelayan pangkalan data. Biarkan kosong jika tidak diketahui.","ready","Sprint 22C manual review 6C — keys 351-400"
"lang/ms_MY/install.lang","DatabaseServer","Database server","Pelayan pangkalan data","ready","Sprint 22C manual review 6C — keys 351-400"
"lang/ms_MY/install.lang","DatabaseName","Database name","Nama pangkalan data","ready","Sprint 22C manual review 6C — keys 351-400"
"lang/ms_MY/install.lang","DatabasePrefix","Database table prefix","Awalan jadual pangkalan data","ready","Sprint 22C manual review 6C — keys 351-400"
"lang/ms_MY/install.lang","DatabasePrefixDescription","Database table prefix. If empty, defaults to llx_.","Awalan jadual pangkalan data. Jika kosong, nilai lalainya ialah llx_.","ready","Sprint 22C manual review 6C — keys 351-400"
"lang/ms_MY/install.lang","AdminLogin","User account for the Dolibarr database owner.","Akaun pengguna bagi pemilik pangkalan data Dolibarr.","ready","Sprint 22C manual review 6C — keys 351-400"
"lang/ms_MY/install.lang","AdminPassword","Password for Dolibarr database owner.","Kata laluan pemilik pangkalan data Dolibarr.","ready","Sprint 22C manual review 6C — keys 351-400"
"lang/ms_MY/install.lang","CreateDatabase","Create database","Cipta pangkalan data","ready","Sprint 22C manual review 6C — keys 351-400"
"lang/ms_MY/install.lang","CreateUser","Create user account or grant user account permission on the Dolibarr database","Cipta akaun pengguna atau berikan kebenaran akaun pengguna pada pangkalan data Dolibarr","ready","Sprint 22C manual review 6C — keys 351-400"
"lang/ms_MY/install.lang","DatabaseSuperUserAccess","Database server - Superuser access","Pelayan pangkalan data — akses pengguna super","ready","Sprint 22C manual review 6C — keys 351-400"
"lang/ms_MY/install.lang","CheckToCreateDatabase","Check the box if the database does not exist yet and so must be created.<br>In this case, you must also fill in the user name and password for the superuser account at the bottom of this page.","Tandakan kotak ini jika pangkalan data belum wujud dan perlu dicipta.<br>Dalam keadaan ini, anda juga mesti mengisi nama pengguna dan kata laluan akaun pengguna super di bahagian bawah halaman ini.","ready","Sprint 22C manual review 6C — keys 351-400"
"lang/ms_MY/install.lang","CheckToCreateUser","Check the box if:<br>the database user account does not yet exist and so must be created, or<br>if the user account exists but the database does not exist and permissions must be granted.<br>In this case, you must enter the user account and password and <b>also</b> the superuser account name and password at the bottom of this page. If this box is unchecked, database owner and password must already exist.","Tandakan kotak ini jika:<br>akaun pengguna pangkalan data belum wujud dan perlu dicipta, atau<br>akaun pengguna telah wujud tetapi pangkalan data belum wujud dan kebenaran perlu diberikan.<br>Dalam keadaan ini, anda mesti memasukkan akaun pengguna dan kata laluannya serta <b>juga</b> nama akaun pengguna super dan kata laluannya di bahagian bawah halaman ini. Jika kotak ini tidak ditandakan, pemilik pangkalan data dan kata laluannya mestilah telah wujud.","ready","Sprint 22C manual review 6C — keys 351-400"
"lang/ms_MY/install.lang","DatabaseRootLoginDescription","Superuser account name (to create new databases or new users), mandatory if the database or its owner does not already exist.","Nama akaun pengguna super untuk mencipta pangkalan data atau pengguna baharu. Wajib jika pangkalan data atau pemiliknya belum wujud.","ready","Sprint 22C manual review 6C — keys 351-400"
"lang/ms_MY/install.lang","KeepEmptyIfNoPassword","Leave empty if superuser has no password (NOT recommended)","Biarkan kosong jika pengguna super tidak mempunyai kata laluan (TIDAK disyorkan)","ready","Sprint 22C manual review 6C — keys 351-400"
"lang/ms_MY/install.lang","SaveConfigurationFile","Saving parameters to","Menyimpan parameter ke","ready","Sprint 22C manual review 6C — keys 351-400"
"lang/ms_MY/install.lang","ServerConnection","Server connection","Sambungan pelayan","ready","Sprint 22C manual review 6C — keys 351-400"
"lang/ms_MY/install.lang","DatabaseCreation","Database creation","Penciptaan pangkalan data","ready","Sprint 22C manual review 6C — keys 351-400"
"lang/ms_MY/install.lang","CreateDatabaseObjects","Database objects creation","Penciptaan objek pangkalan data","ready","Sprint 22C manual review 6C — keys 351-400"
"lang/ms_MY/install.lang","ReferenceDataLoading","Reference data loading","Pemuatan data rujukan","ready","Sprint 22C manual review 6C — keys 351-400"
"lang/ms_MY/install.lang","TablesAndPrimaryKeysCreation","Tables and Primary keys creation","Penciptaan jadual dan kunci primer","ready","Sprint 22C manual review 6C — keys 351-400"
"lang/ms_MY/install.lang","CreateTableAndPrimaryKey","Create table %s","Cipta jadual %s","ready","Sprint 22C manual review 6C — keys 351-400"
"lang/ms_MY/install.lang","CreateOtherKeysForTable","Create foreign keys and indexes for table %s","Cipta kunci asing dan indeks untuk jadual %s","ready","Sprint 22C manual review 6C — keys 351-400"
"lang/ms_MY/install.lang","OtherKeysCreation","Foreign keys and indexes creation","Penciptaan kunci asing dan indeks","ready","Sprint 22C manual review 6C — keys 351-400"
"lang/ms_MY/install.lang","FunctionsCreation","Functions creation","Penciptaan fungsi","ready","Sprint 22C manual review 6C — keys 351-400"
"lang/ms_MY/install.lang","CreationOfUser","Creation of the user","Penciptaan pengguna","ready","Sprint 22C manual review 6C — keys 351-400"
"lang/ms_MY/install.lang","AdminAccountCreation","Administrator login creation","Penciptaan log masuk pentadbir","ready","Sprint 22C manual review 6C — keys 351-400"
"lang/ms_MY/install.lang","PleaseTypePassword","Please type a password, empty passwords are not allowed!","Sila masukkan kata laluan. Kata laluan kosong tidak dibenarkan!","ready","Sprint 22C manual review 6C — keys 351-400"
"lang/ms_MY/install.lang","PleaseTypeALogin","Please type a login!","Sila masukkan nama log masuk!","ready","Sprint 22C manual review 6C — keys 351-400"
"lang/ms_MY/install.lang","PasswordsMismatch","Passwords differs, please try again!","Kata laluan tidak sepadan. Sila cuba lagi!","ready","Sprint 22C manual review 6C — keys 351-400"
"lang/ms_MY/install.lang","SetupEnd","End of setup","Tetapan selesai","ready","Sprint 22C manual review 6C — keys 351-400"
"lang/ms_MY/install.lang","SystemIsInstalled","This installation is complete.","Pemasangan ini telah selesai.","ready","Sprint 22C manual review 6C — keys 351-400"
"lang/ms_MY/install.lang","SystemIsUpgraded","Dolibarr has been upgraded successfully.","Dolibarr telah berjaya dinaik taraf.","ready","Sprint 22C manual review 6C — keys 351-400"
"lang/ms_MY/install.lang","YouNeedToPersonalizeSetup","You need to configure Dolibarr to suit your needs (appearance, features, ...). To do this, please follow the link below:","Anda perlu mengkonfigurasikan Dolibarr agar sesuai dengan keperluan anda seperti penampilan dan ciri. Untuk melakukannya, sila ikuti pautan di bawah:","ready","Sprint 22C manual review 6C — keys 351-400"
"lang/ms_MY/install.lang","AdminLoginCreatedSuccessfuly","Dolibarr administrator login '<b>%s</b>' created successfully.","Log masuk pentadbir Dolibarr '<b>%s</b>' berjaya dicipta.","ready","Sprint 22C manual review 6C — keys 351-400"
"lang/ms_MY/install.lang","GoToDolibarr","Go to Dolibarr","Pergi ke Dolibarr","ready","Sprint 22C manual review 6C — keys 351-400"
"lang/ms_MY/install.lang","GoToSetupArea","Go to Dolibarr (setup area)","Pergi ke Dolibarr (ruang tetapan)","ready","Sprint 22C manual review 6C — keys 351-400"
"lang/ms_MY/install.lang","MigrationNotFinished","The database version is not completely up to date: run the upgrade process again.","Versi pangkalan data belum dikemas kini sepenuhnya. Jalankan proses naik taraf sekali lagi.","ready","Sprint 22C manual review 6C — keys 351-400"
"lang/ms_MY/install.lang","GoToUpgradePage","Go to upgrade page again","Pergi semula ke halaman naik taraf","ready","Sprint 22C manual review 6C — keys 351-400"
"lang/ms_MY/install.lang","WithNoSlashAtTheEnd","Without the slash ""/"" at the end","Tanpa garis miring '/' di hujung","ready","Sprint 22C manual review 6C — keys 351-400"
"lang/ms_MY/install.lang","DirectoryRecommendation","<span class=""warning"">IMPORTANT</span>: You must use a directory that is outside of the web pages (so do not use a subdirectory of previous parameter).","<span class=""warning"">PENTING</span>: Anda mesti menggunakan direktori yang berada di luar halaman web, jadi jangan gunakan subdirektori bagi parameter sebelumnya.","ready","Sprint 22C manual review 6D — keys 401-450"
"lang/ms_MY/install.lang","LoginAlreadyExists","Already exists","Telah wujud","ready","Sprint 22C manual review 6D — keys 401-450"
"lang/ms_MY/install.lang","DolibarrAdminLogin","Dolibarr admin login","Log masuk pentadbir Dolibarr","ready","Sprint 22C manual review 6D — keys 401-450"
"lang/ms_MY/install.lang","AdminLoginAlreadyExists","Dolibarr administrator account '<b>%s</b>' already exists. Go back if you want to create another one.","Akaun pentadbir Dolibarr '<b>%s</b>' telah wujud. Kembali jika anda mahu mencipta akaun lain.","ready","Sprint 22C manual review 6D — keys 401-450"
"lang/ms_MY/install.lang","FailedToCreateAdminLogin","Failed to create Dolibarr administrator account.","Gagal mencipta akaun pentadbir Dolibarr.","ready","Sprint 22C manual review 6D — keys 401-450"
"lang/ms_MY/install.lang","WarningRemoveInstallDir","Warning, for security reasons, once the installation process is complete, you must add a file called <b>install.lock</b> into the Dolibarr document directory in order to prevent the accidental/malicious use of the install tools again.","Amaran: Atas sebab keselamatan, selepas proses pemasangan selesai, anda mesti menambah fail bernama <b>install.lock</b> ke dalam direktori dokumen Dolibarr untuk menghalang penggunaan semula alat pemasangan secara tidak sengaja atau berniat jahat.","ready","Sprint 22C manual review 6D — keys 401-450"
"lang/ms_MY/install.lang","FunctionNotAvailableInThisPHP","Not available in this PHP","Tidak tersedia dalam PHP ini","ready","Sprint 22C manual review 6D — keys 401-450"
"lang/ms_MY/install.lang","ChoosedMigrateScript","Choose migration script","Pilih skrip migrasi","ready","Sprint 22C manual review 6D — keys 401-450"
"lang/ms_MY/install.lang","DataMigration","Database migration (data)","Migrasi pangkalan data (data)","ready","Sprint 22C manual review 6D — keys 401-450"
"lang/ms_MY/install.lang","DatabaseMigration","Database migration (structure + some data)","Migrasi pangkalan data (struktur dan sebahagian data)","ready","Sprint 22C manual review 6D — keys 401-450"
"lang/ms_MY/install.lang","ProcessMigrateScript","Script processing","Pemprosesan skrip","ready","Sprint 22C manual review 6D — keys 401-450"
"lang/ms_MY/install.lang","ChooseYourSetupMode","Choose your setup mode and click ""Start""...","Pilih mod tetapan anda dan klik 'Mula'...","ready","Sprint 22C manual review 6D — keys 401-450"
"lang/ms_MY/install.lang","FreshInstall","Fresh install","Pemasangan baharu","ready","Sprint 22C manual review 6D — keys 401-450"
"lang/ms_MY/install.lang","FreshInstallDesc","Use this mode if this is your first install. If not, this mode can repair a incomplete previous install. If you want to upgrade your version, choose ""Upgrade"" mode.","Gunakan mod ini jika ini ialah pemasangan pertama anda. Jika tidak, mod ini boleh membaiki pemasangan terdahulu yang tidak lengkap. Jika anda mahu menaik taraf versi, pilih mod 'Naik Taraf'.","ready","Sprint 22C manual review 6D — keys 401-450"
"lang/ms_MY/install.lang","Upgrade","Upgrade","Naik Taraf","ready","Sprint 22C manual review 6D — keys 401-450"
"lang/ms_MY/install.lang","UpgradeDesc","Use this mode if you have replaced old Dolibarr files with files from a newer version. This will upgrade your database and data.","Gunakan mod ini jika anda telah menggantikan fail Dolibarr lama dengan fail daripada versi yang lebih baharu. Ini akan menaik taraf pangkalan data dan data anda.","ready","Sprint 22C manual review 6D — keys 401-450"
"lang/ms_MY/install.lang","Start","Start","Mula","ready","Sprint 22C manual review 6D — keys 401-450"
"lang/ms_MY/install.lang","InstallNotAllowed","Setup not allowed by <b>conf.php</b> permissions","Tetapan tidak dibenarkan oleh kebenaran <b>conf.php</b>","ready","Sprint 22C manual review 6D — keys 401-450"
"lang/ms_MY/install.lang","YouMustCreateWithPermission","You must create file %s and set write permissions on it for the web server during install process.","Anda mesti mencipta fail %s dan menetapkan kebenaran menulis padanya untuk pelayan web semasa proses pemasangan.","ready","Sprint 22C manual review 6D — keys 401-450"
"lang/ms_MY/install.lang","CorrectProblemAndReloadPage","Please fix the problem and press F5 to reload the page.","Sila betulkan masalah dan tekan F5 untuk memuat semula halaman.","ready","Sprint 22C manual review 6D — keys 401-450"
"lang/ms_MY/install.lang","AlreadyDone","Already migrated","Telah dimigrasikan","ready","Sprint 22C manual review 6D — keys 401-450"
"lang/ms_MY/install.lang","DatabaseVersion","Database version","Versi pangkalan data","ready","Sprint 22C manual review 6D — keys 401-450"
"lang/ms_MY/install.lang","ServerVersion","Database server version","Versi pelayan pangkalan data","ready","Sprint 22C manual review 6D — keys 401-450"
"lang/ms_MY/install.lang","YouMustCreateItAndAllowServerToWrite","You must create this directory and allow for the web server to write into it.","Anda mesti mencipta direktori ini dan membenarkan pelayan web menulis ke dalamnya.","ready","Sprint 22C manual review 6D — keys 401-450"
"lang/ms_MY/install.lang","DBSortingCollation","Character sorting order","Tertib pengisihan aksara","ready","Sprint 22C manual review 6D — keys 401-450"
"lang/ms_MY/install.lang","YouAskDatabaseCreationSoDolibarrNeedToConnect","You selected create database <b>%s</b>, but for this, Dolibarr needs to connect to server <b>%s</b> with super user <b>%s</b> permissions.","Anda memilih untuk mencipta pangkalan data <b>%s</b>, tetapi untuk melakukannya, Dolibarr perlu menyambung ke pelayan <b>%s</b> dengan kebenaran pengguna super <b>%s</b>.","ready","Sprint 22C manual review 6D — keys 401-450"
"lang/ms_MY/install.lang","YouAskLoginCreationSoDolibarrNeedToConnect","You selected create database user <b>%s</b>, but for this, Dolibarr needs to connect to server <b>%s</b> with super user <b>%s</b> permissions.","Anda memilih untuk mencipta pengguna pangkalan data <b>%s</b>, tetapi untuk melakukannya, Dolibarr perlu menyambung ke pelayan <b>%s</b> dengan kebenaran pengguna super <b>%s</b>.","ready","Sprint 22C manual review 6D — keys 401-450"
"lang/ms_MY/install.lang","BecauseConnectionFailedParametersMayBeWrong","The database connection failed: the host or super user parameters must be wrong.","Sambungan pangkalan data gagal. Parameter hos atau pengguna super mungkin salah.","ready","Sprint 22C manual review 6D — keys 401-450"
"lang/ms_MY/install.lang","OrphelinsPaymentsDetectedByMethod","Orphans payment detected by method %s","Bayaran tanpa rekod induk dikesan melalui kaedah %s","ready","Sprint 22C manual review 6D — keys 401-450"
"lang/ms_MY/install.lang","RemoveItManuallyAndPressF5ToContinue","Remove it manually and press F5 to continue.","Buangnya secara manual dan tekan F5 untuk meneruskan.","ready","Sprint 22C manual review 6D — keys 401-450"
"lang/ms_MY/install.lang","FieldRenamed","Field renamed","Medan dinamakan semula","ready","Sprint 22C manual review 6D — keys 401-450"
"lang/ms_MY/install.lang","IfLoginDoesNotExistsCheckCreateUser","If the user does not exist yet, you must check option ""Create user""","Jika pengguna belum wujud, anda mesti menandakan pilihan 'Cipta pengguna'","ready","Sprint 22C manual review 6D — keys 401-450"
"lang/ms_MY/install.lang","ErrorConnection","Server ""<b>%s</b>"", database name ""<b>%s</b>"", login ""<b>%s</b>"", or database password may be wrong or the PHP client version may be too old compared to the database version.","Pelayan '<b>%s</b>', nama pangkalan data '<b>%s</b>', log masuk '<b>%s</b>', atau kata laluan pangkalan data mungkin salah, atau versi klien PHP mungkin terlalu lama berbanding versi pangkalan data.","ready","Sprint 22C manual review 6D — keys 401-450"
"lang/ms_MY/install.lang","InstallChoiceRecommanded","Recommended choice to install version <b>%s</b> from your current version <b>%s</b>","Pilihan yang disyorkan untuk memasang versi <b>%s</b> daripada versi semasa anda <b>%s</b>","ready","Sprint 22C manual review 6D — keys 401-450"
"lang/ms_MY/install.lang","InstallChoiceSuggested","<b>Install choice suggested by installer</b>.","<b>Pilihan pemasangan yang dicadangkan oleh pemasang</b>.","ready","Sprint 22C manual review 6D — keys 401-450"
"lang/ms_MY/install.lang","MigrateIsDoneStepByStep","The targeted version (%s) has a gap of several versions. The install wizard will come back to suggest a further migration once this one is complete.","Versi sasaran (%s) mempunyai jurang beberapa versi. Selepas migrasi ini selesai, pembantu pemasangan akan kembali untuk mencadangkan migrasi seterusnya.","ready","Sprint 22C manual review 6D — keys 401-450"
"lang/ms_MY/install.lang","CheckThatDatabasenameIsCorrect","Check that the database name ""<b>%s</b>"" is correct.","Pastikan nama pangkalan data '<b>%s</b>' adalah betul.","ready","Sprint 22C manual review 6D — keys 401-450"
"lang/ms_MY/install.lang","IfAlreadyExistsCheckOption","If this name is correct and that database does not exist yet, you must check option ""Create database"".","Jika nama ini betul dan pangkalan data tersebut belum wujud, anda mesti menandakan pilihan 'Cipta pangkalan data'.","ready","Sprint 22C manual review 6D — keys 401-450"
"lang/ms_MY/install.lang","OpenBaseDir","PHP openbasedir parameter","Parameter open_basedir PHP","ready","Sprint 22C manual review 6D — keys 401-450"
"lang/ms_MY/install.lang","YouAskToCreateDatabaseSoRootRequired","You checked the box ""Create database"". For this, you need to provide the login/password of superuser (bottom of form).","Anda menandakan kotak 'Cipta pangkalan data'. Untuk melakukannya, anda perlu memberikan log masuk dan kata laluan pengguna super di bahagian bawah borang.","ready","Sprint 22C manual review 6D — keys 401-450"
"lang/ms_MY/install.lang","YouAskToCreateDatabaseUserSoRootRequired","You checked the box ""Create database owner"". For this, you need to provide the login/password of superuser (bottom of form).","Anda menandakan kotak 'Cipta pemilik pangkalan data'. Untuk melakukannya, anda perlu memberikan log masuk dan kata laluan pengguna super di bahagian bawah borang.","ready","Sprint 22C manual review 6D — keys 401-450"
"lang/ms_MY/install.lang","NextStepMightLastALongTime","The current step may take several minutes. Please wait until the next screen is shown completely before continuing.","Langkah semasa mungkin mengambil masa beberapa minit. Sila tunggu sehingga skrin seterusnya dipaparkan sepenuhnya sebelum meneruskan.","ready","Sprint 22C manual review 6D — keys 401-450"
"lang/ms_MY/install.lang","MigrationCustomerOrderShipping","Migrate shipping for sales orders storage","Migrasi storan penghantaran bagi pesanan jualan","ready","Sprint 22C manual review 6D — keys 401-450"
"lang/ms_MY/install.lang","MigrationShippingDelivery","Upgrade storage of shipping","Naik taraf storan penghantaran","ready","Sprint 22C manual review 6D — keys 401-450"
"lang/ms_MY/install.lang","MigrationShippingDelivery2","Upgrade storage of shipping 2","Naik taraf storan penghantaran 2","ready","Sprint 22C manual review 6D — keys 401-450"
"lang/ms_MY/install.lang","MigrationFinished","Migration finished","Migrasi selesai","ready","Sprint 22C manual review 6D — keys 401-450"
"lang/ms_MY/install.lang","LastStepDesc","<strong>Last step</strong>: Define here the login and password you wish to use to connect to Dolibarr. <b>Do not lose this as it is the main account to administer all other/additional user accounts.</b>","<strong>Langkah terakhir</strong>: Tetapkan log masuk dan kata laluan yang ingin anda gunakan untuk menyambung ke Dolibarr. <b>Jangan hilangkan maklumat ini kerana ia ialah akaun utama untuk mentadbir semua akaun pengguna lain atau tambahan.</b>","ready","Sprint 22C manual review 6D — keys 401-450"
"lang/ms_MY/install.lang","ActivateModule","Activate module %s","Aktifkan modul %s","ready","Sprint 22C manual review 6D — keys 401-450"
"lang/ms_MY/install.lang","ShowEditTechnicalParameters","Click here to show/edit advanced parameters (expert mode)","Klik di sini untuk memaparkan atau menyunting parameter lanjutan (mod pakar)","ready","Sprint 22C manual review 6D — keys 401-450"
"lang/ms_MY/install.lang","WarningUpgrade","Warning:\nDid you run a database backup first?\nThis is highly recommended. Loss of data (due to for example bugs in mysql version 5.5.40/41/42/43) may be possible during this process, so it is essential to take a complete dump of your database before starting any migration.\n\nClick OK to start migration process...","Amaran:\nAdakah anda telah membuat sandaran pangkalan data terlebih dahulu?\nLangkah ini amat disyorkan. Kehilangan data mungkin berlaku semasa proses ini, contohnya disebabkan pepijat dalam MySQL versi 5.5.40/41/42/43. Oleh itu, anda perlu membuat salinan penuh pangkalan data sebelum memulakan sebarang migrasi.\n\nKlik OK untuk memulakan proses migrasi...","ready","Sprint 22C manual review 6D — keys 401-450"
"lang/ms_MY/install.lang","ErrorDatabaseVersionForbiddenForMigration","Your database version is %s. It has a critical bug, making data loss possible if you make structural changes in your database, such as is required by the migration process. For his reason, migration will not be allowed until you upgrade your database to a layer (patched) version (list of known buggy versions: %s)","Versi pangkalan data anda ialah %s. Versi ini mempunyai pepijat kritikal yang boleh menyebabkan kehilangan data apabila perubahan struktur dibuat pada pangkalan data, seperti yang diperlukan dalam proses migrasi. Oleh itu, migrasi tidak dibenarkan sehingga pangkalan data dinaik taraf kepada versi tampalan yang lebih baharu (senarai versi bermasalah yang diketahui: %s).","ready","Sprint 22C manual review 6E — keys 451-500"
"lang/ms_MY/install.lang","KeepDefaultValuesWamp","You used the Dolibarr setup wizard from DoliWamp, so values proposed here are already optimized. Change them only if you know what you are doing.","Anda menggunakan pembantu tetapan Dolibarr daripada DoliWamp, maka nilai yang dicadangkan di sini telah dioptimumkan. Ubah nilai tersebut hanya jika anda benar-benar memahami tindakan yang dilakukan.","ready","Sprint 22C manual review 6E — keys 451-500"
"lang/ms_MY/install.lang","KeepDefaultValuesDeb","You used the Dolibarr setup wizard from a Linux package (Ubuntu, Debian, Fedora...), so the values proposed here are already optimized. Only the password of the database owner to create must be entered. Change other parameters only if you know what you are doing.","Anda menggunakan pembantu tetapan Dolibarr daripada pakej Linux seperti Ubuntu, Debian atau Fedora, maka nilai yang dicadangkan di sini telah dioptimumkan. Hanya kata laluan pemilik pangkalan data yang hendak dicipta perlu dimasukkan. Ubah parameter lain hanya jika anda benar-benar memahami tindakan yang dilakukan.","ready","Sprint 22C manual review 6E — keys 451-500"
"lang/ms_MY/install.lang","KeepDefaultValuesMamp","You used the Dolibarr setup wizard from DoliMamp, so the values proposed here are already optimized. Change them only if you know what you are doing.","Anda menggunakan pembantu tetapan Dolibarr daripada DoliMamp, maka nilai yang dicadangkan di sini telah dioptimumkan. Ubah nilai tersebut hanya jika anda benar-benar memahami tindakan yang dilakukan.","ready","Sprint 22C manual review 6E — keys 451-500"
"lang/ms_MY/install.lang","KeepDefaultValuesProxmox","You used the Dolibarr setup wizard from a Proxmox virtual appliance, so the values proposed here are already optimized. Change them only if you know what you are doing.","Anda menggunakan pembantu tetapan Dolibarr daripada perkakas maya Proxmox, maka nilai yang dicadangkan di sini telah dioptimumkan. Ubah nilai tersebut hanya jika anda benar-benar memahami tindakan yang dilakukan.","ready","Sprint 22C manual review 6E — keys 451-500"
"lang/ms_MY/install.lang","UpgradeExternalModule","Run dedicated upgrade process of external module","Jalankan proses naik taraf khusus untuk modul luaran","ready","Sprint 22C manual review 6E — keys 451-500"
"lang/ms_MY/install.lang","SetAtLeastOneOptionAsUrlParameter","Set at least one option as a parameter in URL with value 'test' or 'confirmed'. For example:  '...repair.php?standard=confirmed'","Tetapkan sekurang-kurangnya satu pilihan sebagai parameter dalam URL dengan nilai 'test' atau 'confirmed'. Contohnya: '...repair.php?standard=confirmed'","ready","Sprint 22C manual review 6E — keys 451-500"
"lang/ms_MY/install.lang","NothingToDelete","Nothing to clean/delete","Tiada apa untuk dibersihkan atau dihapuskan","ready","Sprint 22C manual review 6E — keys 451-500"
"lang/ms_MY/install.lang","NothingToDo","Nothing to do","Tiada apa untuk dilakukan","ready","Sprint 22C manual review 6E — keys 451-500"
"lang/ms_MY/install.lang","MigrationFixData","Fix for denormalized data","Pembetulan data yang dinyahnormalkan","ready","Sprint 22C manual review 6E — keys 451-500"
"lang/ms_MY/install.lang","MigrationOrder","Data migration for customer's orders","Migrasi data bagi pesanan pelanggan","ready","Sprint 22C manual review 6E — keys 451-500"
"lang/ms_MY/install.lang","MigrationSupplierOrder","Data migration for vendor's orders","Migrasi data bagi pesanan pembekal","ready","Sprint 22C manual review 6E — keys 451-500"
"lang/ms_MY/install.lang","MigrationProposal","Data migration for commercial proposals","Migrasi data bagi cadangan komersial","ready","Sprint 22C manual review 6E — keys 451-500"
"lang/ms_MY/install.lang","MigrationInvoice","Data migration for customer's invoices","Migrasi data bagi invois pelanggan","ready","Sprint 22C manual review 6E — keys 451-500"
"lang/ms_MY/install.lang","MigrationContract","Data migration for contracts","Migrasi data bagi kontrak","ready","Sprint 22C manual review 6E — keys 451-500"
"lang/ms_MY/install.lang","MigrationSuccessfullUpdate","Upgrade successful","Naik taraf berjaya","ready","Sprint 22C manual review 6E — keys 451-500"
"lang/ms_MY/install.lang","MigrationUpdateFailed","Failed upgrade process","Proses naik taraf gagal","ready","Sprint 22C manual review 6E — keys 451-500"
"lang/ms_MY/install.lang","MigrationRelationshipTables","Data migration for relationship tables (%s)","Migrasi data bagi jadual hubungan (%s)","ready","Sprint 22C manual review 6E — keys 451-500"
"lang/ms_MY/install.lang","MigrationPaymentsUpdate","Payment data correction","Pembetulan data bayaran","ready","Sprint 22C manual review 6E — keys 451-500"
"lang/ms_MY/install.lang","MigrationPaymentsNumberToUpdate","%s payment(s) to update","%s bayaran untuk dikemas kini","ready","Sprint 22C manual review 6E — keys 451-500"
"lang/ms_MY/install.lang","MigrationProcessPaymentUpdate","Update payment(s) %s","Kemas kini bayaran %s","ready","Sprint 22C manual review 6E — keys 451-500"
"lang/ms_MY/install.lang","MigrationPaymentsNothingToUpdate","No more things to do","Tiada lagi perkara untuk dilakukan","ready","Sprint 22C manual review 6E — keys 451-500"
"lang/ms_MY/install.lang","MigrationPaymentsNothingUpdatable","No more payments that can be corrected","Tiada lagi bayaran yang boleh dibetulkan","ready","Sprint 22C manual review 6E — keys 451-500"
"lang/ms_MY/install.lang","MigrationContractsUpdate","Contract data correction","Pembetulan data kontrak","ready","Sprint 22C manual review 6E — keys 451-500"
"lang/ms_MY/install.lang","MigrationContractsNumberToUpdate","%s contract(s) to update","%s kontrak untuk dikemas kini","ready","Sprint 22C manual review 6E — keys 451-500"
"lang/ms_MY/install.lang","MigrationContractsLineCreation","Create contract line for contract ref %s","Cipta baris kontrak untuk rujukan kontrak %s","ready","Sprint 22C manual review 6E — keys 451-500"
"lang/ms_MY/install.lang","MigrationContractsNothingToUpdate","No more things to do","Tiada lagi perkara untuk dilakukan","ready","Sprint 22C manual review 6E — keys 451-500"
"lang/ms_MY/install.lang","MigrationContractsFieldDontExist","Field fk_facture does not exist anymore. Nothing to do.","Medan fk_facture tidak lagi wujud. Tiada apa untuk dilakukan.","ready","Sprint 22C manual review 6E — keys 451-500"
"lang/ms_MY/install.lang","MigrationContractsEmptyDatesUpdate","Contract empty date correction","Pembetulan tarikh kosong kontrak","ready","Sprint 22C manual review 6E — keys 451-500"
"lang/ms_MY/install.lang","MigrationContractsEmptyDatesUpdateSuccess","Contract empty date correction done successfully","Pembetulan tarikh kosong kontrak berjaya diselesaikan","ready","Sprint 22C manual review 6E — keys 451-500"
"lang/ms_MY/install.lang","MigrationContractsEmptyDatesNothingToUpdate","No contract empty date to correct","Tiada tarikh kosong kontrak untuk dibetulkan","ready","Sprint 22C manual review 6E — keys 451-500"
"lang/ms_MY/install.lang","MigrationContractsEmptyCreationDatesNothingToUpdate","No contract creation date to correct","Tiada tarikh penciptaan kontrak untuk dibetulkan","ready","Sprint 22C manual review 6E — keys 451-500"
"lang/ms_MY/install.lang","MigrationContractsInvalidDatesUpdate","Bad value date contract correction","Pembetulan nilai tarikh kontrak yang tidak sah","ready","Sprint 22C manual review 6E — keys 451-500"
"lang/ms_MY/install.lang","MigrationContractsInvalidDateFix","Correct contract %s (Contract date=%s, Starting service date min=%s)","Betulkan kontrak %s (Tarikh kontrak=%s, tarikh mula minimum perkhidmatan=%s)","ready","Sprint 22C manual review 6E — keys 451-500"
"lang/ms_MY/install.lang","MigrationContractsInvalidDatesNumber","%s contracts modified","%s kontrak diubah","ready","Sprint 22C manual review 6E — keys 451-500"
"lang/ms_MY/install.lang","MigrationContractsInvalidDatesNothingToUpdate","No date with bad value to correct","Tiada tarikh dengan nilai tidak sah untuk dibetulkan","ready","Sprint 22C manual review 6E — keys 451-500"
"lang/ms_MY/install.lang","MigrationContractsIncoherentCreationDateUpdate","Bad value contract creation date correction","Pembetulan tarikh penciptaan kontrak yang tidak konsisten","ready","Sprint 22C manual review 6E — keys 451-500"
"lang/ms_MY/install.lang","MigrationContractsIncoherentCreationDateUpdateSuccess","Bad value contract creation date correction done successfully","Pembetulan tarikh penciptaan kontrak yang tidak konsisten berjaya diselesaikan","ready","Sprint 22C manual review 6E — keys 451-500"
"lang/ms_MY/install.lang","MigrationContractsIncoherentCreationDateNothingToUpdate","No bad value for contract creation date to correct","Tiada tarikh penciptaan kontrak yang tidak konsisten untuk dibetulkan","ready","Sprint 22C manual review 6E — keys 451-500"
"lang/ms_MY/install.lang","MigrationReopeningContracts","Open contract closed by error","Buka kontrak yang ditutup secara tidak sengaja","ready","Sprint 22C manual review 6E — keys 451-500"
"lang/ms_MY/install.lang","MigrationReopenThisContract","Reopen contract %s","Buka semula kontrak %s","ready","Sprint 22C manual review 6E — keys 451-500"
"lang/ms_MY/install.lang","MigrationReopenedContractsNumber","%s contracts modified","%s kontrak diubah","ready","Sprint 22C manual review 6E — keys 451-500"
"lang/ms_MY/install.lang","MigrationReopeningContractsNothingToUpdate","No closed contract to open","Tiada kontrak ditutup untuk dibuka","ready","Sprint 22C manual review 6E — keys 451-500"
"lang/ms_MY/install.lang","MigrationBankTransfertsUpdate","Update links between bank entry and a bank transfer","Kemas kini pautan antara entri bank dengan pindahan bank","ready","Sprint 22C manual review 6E — keys 451-500"
"lang/ms_MY/install.lang","MigrationBankTransfertsNothingToUpdate","All links are up to date","Semua pautan telah dikemas kini","ready","Sprint 22C manual review 6E — keys 451-500"
"lang/ms_MY/install.lang","MigrationShipmentOrderMatching","Sendings receipt update","Kemas kini penerimaan penghantaran","ready","Sprint 22C manual review 6E — keys 451-500"
"lang/ms_MY/install.lang","MigrationDeliveryOrderMatching","Delivery receipt update","Kemas kini penerimaan serahan","ready","Sprint 22C manual review 6E — keys 451-500"
"lang/ms_MY/install.lang","MigrationDeliveryDetail","Delivery update","Kemas kini serahan","ready","Sprint 22C manual review 6E — keys 451-500"
"lang/ms_MY/install.lang","MigrationStockDetail","Update stock value of products","Kemas kini nilai stok produk","ready","Sprint 22C manual review 6E — keys 451-500"
"lang/ms_MY/install.lang","MigrationMenusDetail","Update dynamic menus tables","Kemas kini jadual menu dinamik","ready","Sprint 22C manual review 6E — keys 451-500"
"lang/ms_MY/install.lang","MigrationDeliveryAddress","Update delivery address in shipments","Kemas kini alamat serahan dalam penghantaran","ready","Sprint 22C manual review 6F — keys 501-540"
"lang/ms_MY/install.lang","MigrationProjectTaskActors","Data migration for table llx_projet_task_actors","Migrasi data bagi jadual llx_projet_task_actors","ready","Sprint 22C manual review 6F — keys 501-540"
"lang/ms_MY/install.lang","MigrationProjectUserResp","Data migration field fk_user_resp of llx_projet to llx_element_contact","Migrasi medan fk_user_resp daripada llx_projet ke llx_element_contact","ready","Sprint 22C manual review 6F — keys 501-540"
"lang/ms_MY/install.lang","MigrationProjectTaskTime","Update time spent in seconds","Kemas kini masa digunakan dalam saat","ready","Sprint 22C manual review 6F — keys 501-540"
"lang/ms_MY/install.lang","MigrationActioncommElement","Update data on actions","Kemas kini data tindakan","ready","Sprint 22C manual review 6F — keys 501-540"
"lang/ms_MY/install.lang","MigrationPaymentMode","Data migration for payment type","Migrasi data bagi jenis bayaran","ready","Sprint 22C manual review 6F — keys 501-540"
"lang/ms_MY/install.lang","MigrationCategorieAssociation","Migration of categories","Migrasi kategori","ready","Sprint 22C manual review 6F — keys 501-540"
"lang/ms_MY/install.lang","MigrationEvents","Migration of events to add event owner into assignment table","Migrasi acara untuk menambah pemilik acara ke dalam jadual penugasan","ready","Sprint 22C manual review 6F — keys 501-540"
"lang/ms_MY/install.lang","MigrationEventsContact","Migration of events to add event contact into assignment table","Migrasi acara untuk menambah kenalan acara ke dalam jadual penugasan","ready","Sprint 22C manual review 6F — keys 501-540"
"lang/ms_MY/install.lang","MigrationRemiseEntity","Update entity field value of llx_societe_remise","Kemas kini nilai medan entiti bagi llx_societe_remise","ready","Sprint 22C manual review 6F — keys 501-540"
"lang/ms_MY/install.lang","MigrationRemiseExceptEntity","Update entity field value of llx_societe_remise_except","Kemas kini nilai medan entiti bagi llx_societe_remise_except","ready","Sprint 22C manual review 6F — keys 501-540"
"lang/ms_MY/install.lang","MigrationUserRightsEntity","Update entity field value of llx_user_rights","Kemas kini nilai medan entiti bagi llx_user_rights","ready","Sprint 22C manual review 6F — keys 501-540"
"lang/ms_MY/install.lang","MigrationUserGroupRightsEntity","Update entity field value of llx_usergroup_rights","Kemas kini nilai medan entiti bagi llx_usergroup_rights","ready","Sprint 22C manual review 6F — keys 501-540"
"lang/ms_MY/install.lang","MigrationUserPhotoPath","Migration of photo paths for users","Migrasi laluan foto pengguna","ready","Sprint 22C manual review 6F — keys 501-540"
"lang/ms_MY/install.lang","MigrationFieldsSocialNetworks","Migration of users fields social networks (%s)","Migrasi medan rangkaian sosial pengguna (%s)","ready","Sprint 22C manual review 6F — keys 501-540"
"lang/ms_MY/install.lang","MigrationReloadModule","Reload module %s","Muat semula modul %s","ready","Sprint 22C manual review 6F — keys 501-540"
"lang/ms_MY/install.lang","MigrationResetBlockedLog","Reset module BlockedLog for v7 algorithm","Tetapkan semula modul BlockedLog untuk algoritma v7","ready","Sprint 22C manual review 6F — keys 501-540"
"lang/ms_MY/install.lang","MigrationImportOrExportProfiles","Migration of import or export profiles (%s)","Migrasi profil import atau eksport (%s)","ready","Sprint 22C manual review 6F — keys 501-540"
"lang/ms_MY/install.lang","MigrationHolidayPath","Migration of file paths for holidays","Migrasi laluan fail cuti","ready","Sprint 22C manual review 6F — keys 501-540"
"lang/ms_MY/install.lang","ShowNotAvailableOptions","Show unavailable or not recommended options","Papar pilihan yang tidak tersedia atau tidak disyorkan","ready","Sprint 22C manual review 6F — keys 501-540"
"lang/ms_MY/install.lang","HideNotAvailableOptions","Hide unavailable or not recommended options","Sembunyikan pilihan yang tidak tersedia atau tidak disyorkan","ready","Sprint 22C manual review 6F — keys 501-540"
"lang/ms_MY/install.lang","ErrorFoundDuringMigration","Error(s) were reported during the migration process so next step is not available. To ignore errors, you can <a href=""%s"">click here</a>, but the application or some features may not work correctly until the errors are resolved.","Ralat dilaporkan semasa proses migrasi, maka langkah seterusnya tidak tersedia. Untuk mengabaikan ralat, anda boleh <a href=""%s"">klik di sini</a>, tetapi aplikasi atau sesetengah ciri mungkin tidak berfungsi dengan betul sehingga ralat diselesaikan.","ready","Sprint 22C manual review 6F — keys 501-540"
"lang/ms_MY/install.lang","YouTryInstallDisabledByDirLock","The install/upgrade pages have been disabled for security (directory renamed with .lock suffix).<br>","Halaman pemasangan/naik taraf telah dinyahaktifkan atas sebab keselamatan kerana direktori dinamakan semula dengan akhiran .lock.<br>","ready","Sprint 22C manual review 6F — keys 501-540"
"lang/ms_MY/install.lang","YouTryInstallDisabledByFileLock","The install/upgrade pages have been disabled for security (by the existence of a lock file <strong>install.lock</strong> in the dolibarr documents directory).<br>","Halaman pemasangan/naik taraf telah dinyahaktifkan atas sebab keselamatan kerana terdapat fail kunci <strong>install.lock</strong> dalam direktori dokumen Dolibarr.<br>","ready","Sprint 22C manual review 6F — keys 501-540"
"lang/ms_MY/install.lang","YouTryUpgradeDisabledByMissingFileUnLock","The application tried to self-upgrade, but the upgrade process is currently not allowed.<br>","Aplikasi cuba menaik taraf sendiri, tetapi proses naik taraf tidak dibenarkan pada masa ini.<br>","ready","Sprint 22C manual review 6F — keys 501-540"
"lang/ms_MY/install.lang","ClickHereToGoToApp","Click here to go to your application","Klik di sini untuk pergi ke aplikasi anda","ready","Sprint 22C manual review 6F — keys 501-540"
"lang/ms_MY/install.lang","ClickOnLinkOrRemoveManualy","If an upgrade is in progress, please wait. If not, click on the following link. If you always see this same page, you must remove/rename the file install.lock in the documents directory.","Jika naik taraf sedang dijalankan, sila tunggu. Jika tidak, klik pautan berikut. Jika halaman yang sama masih dipaparkan, anda mesti membuang atau menamakan semula fail install.lock dalam direktori dokumen.","ready","Sprint 22C manual review 6F — keys 501-540"
"lang/ms_MY/install.lang","ClickOnLinkOrCreateUnlockFileManualy","If an upgrade is in progress, please wait... If not, you must remove the file install.lock (or create a file upgrade.unlock for upgrade) into the Dolibarr documents directory.","Jika naik taraf sedang dijalankan, sila tunggu... Jika tidak, anda mesti membuang fail install.lock atau mencipta fail upgrade.unlock untuk naik taraf dalam direktori dokumen Dolibarr.","ready","Sprint 22C manual review 6F — keys 501-540"
"lang/ms_MY/install.lang","Loaded","Loaded","Dimuatkan","ready","Sprint 22C manual review 6F — keys 501-540"
"lang/ms_MY/install.lang","FunctionTest","Function test","Ujian fungsi","ready","Sprint 22C manual review 6F — keys 501-540"
"lang/ms_MY/install.lang","NodoUpgradeAfterDB","No action requested by external modules after upgrade of database","Tiada tindakan diminta oleh modul luaran selepas naik taraf pangkalan data","ready","Sprint 22C manual review 6F — keys 501-540"
"lang/ms_MY/install.lang","NodoUpgradeAfterFiles","No action requested by external modules after upgrade of files or directories","Tiada tindakan diminta oleh modul luaran selepas naik taraf fail atau direktori","ready","Sprint 22C manual review 6F — keys 501-540"
"lang/ms_MY/install.lang","MigrationContractLineRank","Migrate Contract Line to use Rank (and enable Reorder)","Migrasi baris kontrak untuk menggunakan kedudukan dan mengaktifkan penyusunan semula","ready","Sprint 22C manual review 6F — keys 501-540"
"lang/ms_MY/install.lang","MigrationProductLotPath","Migrate Product Batch files path","Migrasi laluan fail kelompok produk","ready","Sprint 22C manual review 6F — keys 501-540"
"lang/ms_MY/install.lang","MigrationAccountancyBookkeeping","Migrate accountancy bookkeeping to use a ref","Migrasi simpan kira perakaunan untuk menggunakan rujukan","ready","Sprint 22C manual review 6F — keys 501-540"
"lang/ms_MY/install.lang","InvoiceExportModelsMigration","Migrate invoice export models","Migrasi model eksport invois","ready","Sprint 22C manual review 6F — keys 501-540"
"lang/ms_MY/install.lang","MigrationApiRestTokens","Migrate user's API keys to llx_oauth_token","Migrasi kunci API pengguna ke llx_oauth_token","ready","Sprint 22C manual review 6F — keys 501-540"
"lang/ms_MY/install.lang","MigratedTokens","%s token(s) migrated","%s token dimigrasikan","ready","Sprint 22C manual review 6F — keys 501-540"
"lang/ms_MY/install.lang","InitAHMACKeyForBlockedLog","Initialization of the BLOCKEDLOG_HMAC_KEY constant for the new HMAC encryption of Unalterable Log module","Pemulaan pemalar BLOCKEDLOG_HMAC_KEY untuk penyulitan HMAC baharu bagi modul Log Tidak Boleh Diubah","ready","Sprint 22C manual review 6F — keys 501-540"
"lang/ms_MY/install.lang","MigrationAlreadyDone","This migration appears to have already been completed.","Migrasi ini kelihatan telah pun diselesaikan.","ready","Sprint 22C manual review 6F — keys 501-540"
