"TargetFile","Key","SourceEnglish","ProposedMalay","Status","Note"
"lang\ms_MY\members.lang","AddSubscription","Create contribution","","needs_translation","Direct en_US vs ms_MY gap"
"lang\ms_MY\members.lang","ADHERENT_PRODUCT_ID_FOR_SUBSCRIPTIONS","Product used for membership line into invoice: %s","","needs_translation","Direct en_US vs ms_MY gap"
"lang\ms_MY\members.lang","AmountIsLowerToMinimumNotice","The amount is lower than the minimum %s","","needs_translation","Direct en_US vs ms_MY gap"
"lang\ms_MY\members.lang","AmountOfSubscriptions","Amount collected from membership payments","","needs_translation","Direct en_US vs ms_MY gap"
"lang\ms_MY\members.lang","AnyAmountWithAdvisedAmount","Any amount of your choice, recommended %s","","needs_translation","Direct en_US vs ms_MY gap"
"lang\ms_MY\members.lang","AnyAmountWithoutAdvisedAmount","Any amount of your choice","","needs_translation","Direct en_US vs ms_MY gap"
"lang\ms_MY\members.lang","AreYouAPreferredPartner","Are you (or plan to be) a %s","","needs_translation","Direct en_US vs ms_MY gap"
"lang\ms_MY\members.lang","BlankSubscriptionForm","Public self-registration form","","needs_translation","Direct en_US vs ms_MY gap"
"lang\ms_MY\members.lang","BlankSubscriptionFormDesc","Dolibarr can provide you a public URL/website to allow external visitors to ask to subscribe to the foundation. If an online payment module is enabled, a payment form may also be automatically provided.","","needs_translation","Direct en_US vs ms_MY gap"
"lang\ms_MY\members.lang","ByProperties","By nature","","needs_translation","Direct en_US vs ms_MY gap"
"lang\ms_MY\members.lang","CanEditAmount","Membership amount can be defined by the member","","needs_translation","Direct en_US vs ms_MY gap"
"lang\ms_MY\members.lang","CanEditAmountDetail","Visitor can choose/edit amount of its contribution regardless of the member type","","needs_translation","Direct en_US vs ms_MY gap"
"lang\ms_MY\members.lang","CanEditAmountShort","Any amount","","needs_translation","Direct en_US vs ms_MY gap"
"lang\ms_MY\members.lang","CanEditAmountShortForValues","recommended, any amount","","needs_translation","Direct en_US vs ms_MY gap"
"lang\ms_MY\members.lang","CardContent","Content of your member card","","needs_translation","Direct en_US vs ms_MY gap"
"lang\ms_MY\members.lang","ConfirmCreateMember","Confirm create member","","needs_translation","Direct en_US vs ms_MY gap"
"lang\ms_MY\members.lang","ConfirmDeleteMember","Are you sure you want to delete this member (Deleting a member will delete all his contributions)?","","needs_translation","Direct en_US vs ms_MY gap"
"lang\ms_MY\members.lang","ConfirmDeleteMemberType","Are you sure you want to delete this member type?","","needs_translation","Direct en_US vs ms_MY gap"
"lang\ms_MY\members.lang","ConfirmDeleteSubscription","Are you sure you want to delete this contribution?","","needs_translation","Direct en_US vs ms_MY gap"
"lang\ms_MY\members.lang","ConfirmExcludeMember","Are you sure you want to exclude this member ?","","needs_translation","Direct en_US vs ms_MY gap"
"lang\ms_MY\members.lang","ConfirmMassSubsriptionCreation","Confirm subscription creation","","needs_translation","Direct en_US vs ms_MY gap"
"lang\ms_MY\members.lang","ConfirmMassSubsriptionCreationQuestion","Are you sure you want to create the %s selected subscription(s)?","","needs_translation","Direct en_US vs ms_MY gap"
"lang\ms_MY\members.lang","ConfirmMergeMembers","Are you sure you want to merge the chosen member with the current one ?","","needs_translation","Direct en_US vs ms_MY gap"
"lang\ms_MY\members.lang","ConfirmResiliateMember","Are you sure you want to terminate this member?","","needs_translation","Direct en_US vs ms_MY gap"
"lang\ms_MY\members.lang","ConfirmValidateMember","Are you sure you want to validate this member?","","needs_translation","Direct en_US vs ms_MY gap"
"lang\ms_MY\members.lang","CorrespondingMemberFound","Corresponding member found","","needs_translation","Direct en_US vs ms_MY gap"
"lang\ms_MY\members.lang","CorrespondingMemberFoundQuestion","A member has been found with the given information.<br>Do you want to renew your membership? (if not nothing will be recorded)","","needs_translation","Direct en_US vs ms_MY gap"
"lang\ms_MY\members.lang","CreateDolibarrLoginDesc","The creation of a user login for members allows them to connect to the application. Depending on the authorizations granted, they will be able, for example, to consult or modify their file themselves.","","needs_translation","Direct en_US vs ms_MY gap"
"lang\ms_MY\members.lang","CreateDolibarrThirdPartyDesc","A third party is the legal entity that will be used on the invoice if you decide to generate invoice for each contribution. You will be able to create it later during the process of recording the contribution.","","needs_translation","Direct en_US vs ms_MY gap"
"lang\ms_MY\members.lang","CreateSubscription","Create subscription","","needs_translation","Direct en_US vs ms_MY gap"
"lang\ms_MY\members.lang","DefaultAmount","Default amount of membership payment (used only if no amount is defined at member type level)","","needs_translation","Direct en_US vs ms_MY gap"
"lang\ms_MY\members.lang","DeleteAMemberType","Delete a member type","","needs_translation","Direct en_US vs ms_MY gap"
"lang\ms_MY\members.lang","DeleteSubscription","Delete a subscription","","needs_translation","Direct en_US vs ms_MY gap"
"lang\ms_MY\members.lang","DeleteType","Delete","","needs_translation","Direct en_US vs ms_MY gap"
"lang\ms_MY\members.lang","DescADHERENT_AUTOREGISTER_NOTIF_MAIL","Content of the notification email received in case of auto-inscription of a guest","","needs_translation","Direct en_US vs ms_MY gap"
"lang\ms_MY\members.lang","DescADHERENT_AUTOREGISTER_NOTIF_MAIL_SUBJECT","Subject of the notification email received in case of auto-inscription of a guest","","needs_translation","Direct en_US vs ms_MY gap"
"lang\ms_MY\members.lang","DescADHERENT_CARD_FOOTER_TEXT","Text printed on bottom of member cards","","needs_translation","Direct en_US vs ms_MY gap"
"lang\ms_MY\members.lang","DescADHERENT_CARD_HEADER_TEXT","Text printed on top of member cards","","needs_translation","Direct en_US vs ms_MY gap"
"lang\ms_MY\members.lang","DescADHERENT_CARD_TEXT","Text printed on member cards (align on left)","","needs_translation","Direct en_US vs ms_MY gap"
"lang\ms_MY\members.lang","DescADHERENT_CARD_TEXT_RIGHT","Text printed on member cards (align on right)","","needs_translation","Direct en_US vs ms_MY gap"
"lang\ms_MY\members.lang","DescADHERENT_CARD_TYPE","Format of cards page","","needs_translation","Direct en_US vs ms_MY gap"
"lang\ms_MY\members.lang","DescADHERENT_CC_MAIL_FROM","Send automatic email copy to","","needs_translation","Direct en_US vs ms_MY gap"
"lang\ms_MY\members.lang","DescADHERENT_EMAIL_TEMPLATE_AUTOREGISTER","Email template to use to send email to a member on member auto-registration","","needs_translation","Direct en_US vs ms_MY gap"
"lang\ms_MY\members.lang","DescADHERENT_EMAIL_TEMPLATE_CANCELATION","Email template to use to send email to a member on member cancellation","","needs_translation","Direct en_US vs ms_MY gap"
"lang\ms_MY\members.lang","DescADHERENT_EMAIL_TEMPLATE_EXCLUSION","Email template to use to send email to a member on member exclusion","","needs_translation","Direct en_US vs ms_MY gap"
"lang\ms_MY\members.lang","DescADHERENT_EMAIL_TEMPLATE_MEMBER_VALIDATION","Email template to use to send email to a member on member validation","","needs_translation","Direct en_US vs ms_MY gap"
"lang\ms_MY\members.lang","DescADHERENT_EMAIL_TEMPLATE_REMIND_EXPIRATION","Email template to use to send email reminder when contribution is about to expire","","needs_translation","Direct en_US vs ms_MY gap"
"lang\ms_MY\members.lang","DescADHERENT_EMAIL_TEMPLATE_SUBSCRIPTION","Email template to use to send email to a member on new contribution recording","","needs_translation","Direct en_US vs ms_MY gap"
"lang\ms_MY\members.lang","DescADHERENT_ETIQUETTE_TEXT","Text printed on member address sheets","","needs_translation","Direct en_US vs ms_MY gap"
"lang\ms_MY\members.lang","DescADHERENT_ETIQUETTE_TYPE","Format of labels page","","needs_translation","Direct en_US vs ms_MY gap"
"lang\ms_MY\members.lang","DescADHERENT_MAIL_FROM","Sender Email for automatic emails","","needs_translation","Direct en_US vs ms_MY gap"
"lang\ms_MY\members.lang","DocForAllMembersCards","Generate business cards for all members","","needs_translation","Direct en_US vs ms_MY gap"
"lang\ms_MY\members.lang","DocForLabels","Generate address sheets","","needs_translation","Direct en_US vs ms_MY gap"
"lang\ms_MY\members.lang","DocForOneMemberCards","Generate business cards for a particular member","","needs_translation","Direct en_US vs ms_MY gap"
"lang\ms_MY\members.lang","EmailSentToMember","Email sent to member at %s","","needs_translation","Direct en_US vs ms_MY gap"
"lang\ms_MY\members.lang","EnablePublicSubscriptionForm","Enable the public website with self-subscription form","","needs_translation","Direct en_US vs ms_MY gap"
"lang\ms_MY\members.lang","ErrorBadValueForDate","Bad value for date","","needs_translation","Direct en_US vs ms_MY gap"
"lang\ms_MY\members.lang","ErrorMemberIsAlreadyLinkedToThisThirdParty","Another member (name: <b>%s</b>, login: <b>%s</b>) is already linked to a third party <b>%s</b>. Remove this link first because a third party can't be linked to only a member (and vice versa).","","needs_translation","Direct en_US vs ms_MY gap"
"lang\ms_MY\members.lang","ErrorMembersMerge","There was an error when merging the members. Please check the log. Changes have been reverted.","","needs_translation","Direct en_US vs ms_MY gap"
"lang\ms_MY\members.lang","ErrorThisMemberIsNotPublic","This member is not public","","needs_translation","Direct en_US vs ms_MY gap"
"lang\ms_MY\members.lang","ErrorUserPermissionAllowsToLinksToItselfOnly","For security reasons, you must be granted permissions to edit all users to be able to link a member to a user that is not yours.","","needs_translation","Direct en_US vs ms_MY gap"
"lang\ms_MY\members.lang","Exclude","Exclude","","needs_translation","Direct en_US vs ms_MY gap"
"lang\ms_MY\members.lang","ExcludeMember","Exclude a member","","needs_translation","Direct en_US vs ms_MY gap"
"lang\ms_MY\members.lang","ExportDataset_member_1","Members and contributions","","needs_translation","Direct en_US vs ms_MY gap"
"lang\ms_MY\members.lang","Filehtpasswd","htpasswd file","","needs_translation","Direct en_US vs ms_MY gap"
"lang\ms_MY\members.lang","FollowingLinksArePublic","The following links are open pages not protected by any Dolibarr permission. They are not formatted pages, provided as example to show how to list members database.","","needs_translation","Direct en_US vs ms_MY gap"
"lang\ms_MY\members.lang","ForceMemberNature","Force member nature (Individual or Legal Entity)","","needs_translation","Direct en_US vs ms_MY gap"
"lang\ms_MY\members.lang","ForceMemberType","Force the member type","","needs_translation","Direct en_US vs ms_MY gap"
"lang\ms_MY\members.lang","FundationMembers","Foundation members","","needs_translation","Direct en_US vs ms_MY gap"
"lang\ms_MY\members.lang","HTPasswordExport","htpassword file generation","","needs_translation","Direct en_US vs ms_MY gap"
"lang\ms_MY\members.lang","ImportDataset_member_1","Members","","needs_translation","Direct en_US vs ms_MY gap"
"lang\ms_MY\members.lang","LastMemberDate","Latest membership date","","needs_translation","Direct en_US vs ms_MY gap"
"lang\ms_MY\members.lang","LastMembersModified","Latest %s modified members","","needs_translation","Direct en_US vs ms_MY gap"
"lang\ms_MY\members.lang","LastMemberType","Last Member type","","needs_translation","Direct en_US vs ms_MY gap"
"lang\ms_MY\members.lang","LastSubscriptionAmount","Amount of latest membership fee","","needs_translation","Direct en_US vs ms_MY gap"
"lang\ms_MY\members.lang","LastSubscriptionDate","Date of latest membership payment","","needs_translation","Direct en_US vs ms_MY gap"
"lang\ms_MY\members.lang","LastSubscriptionsModified","Latest %s modified contributions","","needs_translation","Direct en_US vs ms_MY gap"
"lang\ms_MY\members.lang","LatestSubscriptionDate","Latest membership date","","needs_translation","Direct en_US vs ms_MY gap"
"lang\ms_MY\members.lang","LinkToGeneratedPages","Generation of business cards or address sheets","","needs_translation","Direct en_US vs ms_MY gap"
"lang\ms_MY\members.lang","LinkToGeneratedPagesDesc","This screen allows you to generate PDF files with business cards for all your members or a particular member.","","needs_translation","Direct en_US vs ms_MY gap"
"lang\ms_MY\members.lang","ListOfSubscriptions","List of contributions","","needs_translation","Direct en_US vs ms_MY gap"
"lang\ms_MY\members.lang","ListOfValidatedPublicMembers","List of validated public members","","needs_translation","Direct en_US vs ms_MY gap"
"lang\ms_MY\members.lang","MEMBER_NEWFORM_PAYONLINE","After the online registration, switch automatically to the online payment page","","needs_translation","Direct en_US vs ms_MY gap"
"lang\ms_MY\members.lang","MEMBER_SEARCH_MEMBER_PUBLIC_FORM_CREATE","Suggest to just record the subscription (without creating a new member) if an existing member is found","","needs_translation","Direct en_US vs ms_MY gap"
"lang\ms_MY\members.lang","MEMBER_SEARCH_MEMBER_PUBLIC_FORM_CREATEDesc","A search is done on login, company name + email (for legal entity), or full name + email (for individual). If a member is already found, the form suggest to record a renewal of subscription.","","needs_translation","Direct en_US vs ms_MY gap"
"lang\ms_MY\members.lang","MemberCodeDesc","Member Code, unique for all members","","needs_translation","Direct en_US vs ms_MY gap"
"lang\ms_MY\members.lang","MemberCountersArePublic","Counters of valid members are public","","needs_translation","Direct en_US vs ms_MY gap"
"lang\ms_MY\members.lang","MemberFirstname","Member firstname","","needs_translation","Direct en_US vs ms_MY gap"
"lang\ms_MY\members.lang","MemberId","Member Id","","needs_translation","Direct en_US vs ms_MY gap"
"lang\ms_MY\members.lang","MemberLastname","Member lastname","","needs_translation","Direct en_US vs ms_MY gap"
"lang\ms_MY\members.lang","MemberMergeSuccess","Members have been merged","","needs_translation","Direct en_US vs ms_MY gap"
"lang\ms_MY\members.lang","MembersAndSubscriptions","Members and Contributions","","needs_translation","Direct en_US vs ms_MY gap"
"lang\ms_MY\members.lang","MembersByCountryDesc","This screen shows you the statistics of members by country.","","needs_translation","Direct en_US vs ms_MY gap"
"lang\ms_MY\members.lang","MembersByCountryDesc2","Graphs and charts depend on the availability of the Google online graph service as well as on the availability of a working internet connection.","","needs_translation","Direct en_US vs ms_MY gap"
"lang\ms_MY\members.lang","MembersByNature","This screen show you statistics of members by nature.","","needs_translation","Direct en_US vs ms_MY gap"
"lang\ms_MY\members.lang","MembersByRegion","This screen show you statistics of members by region.","","needs_translation","Direct en_US vs ms_MY gap"
"lang\ms_MY\members.lang","MembersByStateDesc","This screen show you statistics of members by state/provinces/canton.","","needs_translation","Direct en_US vs ms_MY gap"
"lang\ms_MY\members.lang","MembersByTownDesc","This screen show you statistics of members by town.","","needs_translation","Direct en_US vs ms_MY gap"
"lang\ms_MY\members.lang","MembershipPaid","Membership paid for current period (until %s)","","needs_translation","Direct en_US vs ms_MY gap"
"lang\ms_MY\members.lang","MembershipPublic","Public membership","","needs_translation","Direct en_US vs ms_MY gap"
"lang\ms_MY\members.lang","MembershipStatistics","Membership statistics","","needs_translation","Direct en_US vs ms_MY gap"
"lang\ms_MY\members.lang","MembersList","List of members","","needs_translation","Direct en_US vs ms_MY gap"
"lang\ms_MY\members.lang","MembersNature","Nature of members","","needs_translation","Direct en_US vs ms_MY gap"
"lang\ms_MY\members.lang","MembersShowMembershipTypesTable","Show a table to select its membership types before the registration form (if no, show directly the registration form)","","needs_translation","Direct en_US vs ms_MY gap"
"lang\ms_MY\members.lang","MembersShowVotesAllowed","Show whether votes are allowed, in the table of membership types","","needs_translation","Direct en_US vs ms_MY gap"
"lang\ms_MY\members.lang","MembersStatisticsDesc","Choose statistics you want to read...","","needs_translation","Direct en_US vs ms_MY gap"
"lang\ms_MY\members.lang","MemberStatusDraftShort","Draft","","needs_translation","Direct en_US vs ms_MY gap"
"lang\ms_MY\members.lang","MemberStatusExcluded","Excluded member","","needs_translation","Direct en_US vs ms_MY gap"
"lang\ms_MY\members.lang","MemberStatusExcludedShort","Excluded","","needs_translation","Direct en_US vs ms_MY gap"
"lang\ms_MY\members.lang","MemberStatusResiliated","Terminated member","","needs_translation","Direct en_US vs ms_MY gap"
"lang\ms_MY\members.lang","MemberStatusResiliatedShort","Terminated","","needs_translation","Direct en_US vs ms_MY gap"
"lang\ms_MY\members.lang","MembersTickets","Membership address sheet","","needs_translation","Direct en_US vs ms_MY gap"
"lang\ms_MY\members.lang","MemberSubscriptionStartAfter","Minimum period before the entry into force of the start date of a first membership subscription (excluding renewals)","","needs_translation","Direct en_US vs ms_MY gap"
"lang\ms_MY\members.lang","MemberSubscriptionStartAfterDesc","Example: +3m = +3 months, -5d = -5 days, +1Y = +1 year","","needs_translation","Direct en_US vs ms_MY gap"
"lang\ms_MY\members.lang","MemberSubscriptionStartAfterDesc2","This is the suggested date when creating a first membership subscription compared to the current date. For renewal, the date suggested by default will remain the end of the previous membership.","","needs_translation","Direct en_US vs ms_MY gap"
"lang\ms_MY\members.lang","MemberSubscriptionStartFirstDayOf","Force the suggested date of a membership to corresponds to the first day of a","","needs_translation","Direct en_US vs ms_MY gap"
"lang\ms_MY\members.lang","MemberTypeCanNotBeDeleted","Member type can not be deleted","","needs_translation","Direct en_US vs ms_MY gap"
"lang\ms_MY\members.lang","MemberTypeDeleted","Member type deleted","","needs_translation","Direct en_US vs ms_MY gap"
"lang\ms_MY\members.lang","MemberTypeId","Member type id","","needs_translation","Direct en_US vs ms_MY gap"
"lang\ms_MY\members.lang","MemberTypeLabel","Member type label","","needs_translation","Direct en_US vs ms_MY gap"
"lang\ms_MY\members.lang","MemberTypeModified","Member type modified","","needs_translation","Direct en_US vs ms_MY gap"
"lang\ms_MY\members.lang","MenuMembersStats","Statistics","","needs_translation","Direct en_US vs ms_MY gap"
"lang\ms_MY\members.lang","MergeMembers","Merge members","","needs_translation","Direct en_US vs ms_MY gap"
"lang\ms_MY\members.lang","MergeOriginMember","Duplicated member (the member you want to delete)","","needs_translation","Direct en_US vs ms_MY gap"
"lang\ms_MY\members.lang","MergeOriginMemberIsMAndatory"," Origin member is mandatory for merging","","needs_translation","Direct en_US vs ms_MY gap"
"lang\ms_MY\members.lang","MinimumAmount","Minimum amount of membership payment (has priority on any default amounts that is lower)","","needs_translation","Direct en_US vs ms_MY gap"
"lang\ms_MY\members.lang","Moral","Legal entity","","needs_translation","Direct en_US vs ms_MY gap"
"lang\ms_MY\members.lang","MorAndPhy","Legal entity and Individual","","needs_translation","Direct en_US vs ms_MY gap"
"lang\ms_MY\members.lang","MoreActionBankDirect","Create a direct entry on bank account","","needs_translation","Direct en_US vs ms_MY gap"
"lang\ms_MY\members.lang","MoreActionBankViaInvoice","Create an invoice, and a payment on bank account","","needs_translation","Direct en_US vs ms_MY gap"
"lang\ms_MY\members.lang","MoreActionInvoiceOnly","Create an invoice with no payment","","needs_translation","Direct en_US vs ms_MY gap"
"lang\ms_MY\members.lang","MoreActions","Complementary action on recording","","needs_translation","Direct en_US vs ms_MY gap"
"lang\ms_MY\members.lang","MoreActionsOnSubscription","Complementary action suggested by default when recording a contribution, also done automatically on online payment of a contribution","","needs_translation","Direct en_US vs ms_MY gap"
"lang\ms_MY\members.lang","Morphy","Moral or physical","","needs_translation","Direct en_US vs ms_MY gap"
"lang\ms_MY\members.lang","NameOrCompany","Name or company","","needs_translation","Direct en_US vs ms_MY gap"
"lang\ms_MY\members.lang","NbOfActiveMembers","Total number of current active members","","needs_translation","Direct en_US vs ms_MY gap"
"lang\ms_MY\members.lang","NbOfMembers","Total number of members","","needs_translation","Direct en_US vs ms_MY gap"
"lang\ms_MY\members.lang","NbOfSubscriptions","Number of memberships","","needs_translation","Direct en_US vs ms_MY gap"
"lang\ms_MY\members.lang","NewCotisation","New contribution","","needs_translation","Direct en_US vs ms_MY gap"
"lang\ms_MY\members.lang","NewMemberbyWeb","New member added. Awaiting approval","","needs_translation","Direct en_US vs ms_MY gap"
"lang\ms_MY\members.lang","NewMemberForm","New member form","","needs_translation","Direct en_US vs ms_MY gap"
"lang\ms_MY\members.lang","NewMemberType","New member type","","needs_translation","Direct en_US vs ms_MY gap"
"lang\ms_MY\members.lang","NewSubscription","New contribution","","needs_translation","Direct en_US vs ms_MY gap"
"lang\ms_MY\members.lang","NewSubscriptionDesc","This form allows you to record your subscription as a new member of the foundation. If you want to renew your subscription (if already a member), please contact foundation board instead by email %s.","","needs_translation","Direct en_US vs ms_MY gap"
"lang\ms_MY\members.lang","NoCorrection","No correction","","needs_translation","Direct en_US vs ms_MY gap"
"lang\ms_MY\members.lang","NoEmailSentToMember","No email sent to member","","needs_translation","Direct en_US vs ms_MY gap"
"lang\ms_MY\members.lang","NoRecordedMembers","No recorded members","","needs_translation","Direct en_US vs ms_MY gap"
"lang\ms_MY\members.lang","NoRecordedMembersByType","No recorded members","","needs_translation","Direct en_US vs ms_MY gap"
"lang\ms_MY\members.lang","NoThirdPartyAssociatedToMember","No third party associated with this member","","needs_translation","Direct en_US vs ms_MY gap"
"lang\ms_MY\members.lang","NoValidatedMemberYet","No validated members found","","needs_translation","Direct en_US vs ms_MY gap"
"lang\ms_MY\members.lang","NoVatOnSubscription","No VAT for membership payment","","needs_translation","Direct en_US vs ms_MY gap"
"lang\ms_MY\members.lang","Physical","Individual","","needs_translation","Direct en_US vs ms_MY gap"
"lang\ms_MY\members.lang","Public","%s can publish my membership in <a target=""_blank"" href=""%s"">the public register</a>","","needs_translation","Direct en_US vs ms_MY gap"
"lang\ms_MY\members.lang","PublicMemberCard","Public member card","","needs_translation","Direct en_US vs ms_MY gap"
"lang\ms_MY\members.lang","PublicMemberList","Public member list","","needs_translation","Direct en_US vs ms_MY gap"
"lang\ms_MY\members.lang","Reenable","Re-enable","","needs_translation","Direct en_US vs ms_MY gap"
"lang\ms_MY\members.lang","ResiliateMember","Terminate a member","","needs_translation","Direct en_US vs ms_MY gap"
"lang\ms_MY\members.lang","SelectMember","Select a member","","needs_translation","Direct en_US vs ms_MY gap"
"lang\ms_MY\members.lang","SendCardByMail","Send card by email","","needs_translation","Direct en_US vs ms_MY gap"
"lang\ms_MY\members.lang","SendingAnEMailToMember","Sending information email to member","","needs_translation","Direct en_US vs ms_MY gap"
"lang\ms_MY\members.lang","SendingEmailOnAutoSubscription","Sending email on auto registration","","needs_translation","Direct en_US vs ms_MY gap"
"lang\ms_MY\members.lang","SendingEmailOnCancelation","Sending email on cancellation","","needs_translation","Direct en_US vs ms_MY gap"
"lang\ms_MY\members.lang","SendingEmailOnMemberValidation","Sending email on new member validation","","needs_translation","Direct en_US vs ms_MY gap"
"lang\ms_MY\members.lang","SendingEmailOnNewSubscription","Sending email on new contribution","","needs_translation","Direct en_US vs ms_MY gap"
"lang\ms_MY\members.lang","SendingReminderActionComm","Sending reminder for agenda event","","needs_translation","Direct en_US vs ms_MY gap"
"lang\ms_MY\members.lang","SendingReminderForExpiredSubscription","Sending reminder for expired contributions","","needs_translation","Direct en_US vs ms_MY gap"
"lang\ms_MY\members.lang","SendReminderForExpiredSubscription","Send reminder by email to members when membership is about to expire (parameter is number of days before end of membership to send the reminder. It can be a list of days separated by a semicolon, for example '10;5;0;-5'). The template of email to send is defined in setup of membership module.","","needs_translation","Direct en_US vs ms_MY gap"
"lang\ms_MY\members.lang","SendReminderForExpiredSubscriptionTitle","Send reminder by email for expired membership","","needs_translation","Direct en_US vs ms_MY gap"
"lang\ms_MY\members.lang","SetLinkToThirdParty","Link to a Dolibarr third party","","needs_translation","Direct en_US vs ms_MY gap"
"lang\ms_MY\members.lang","SetLinkToUser","Link to a Dolibarr user","","needs_translation","Direct en_US vs ms_MY gap"
"lang\ms_MY\members.lang","ShowMember","Show member card","","needs_translation","Direct en_US vs ms_MY gap"
"lang\ms_MY\members.lang","ShowSubscription","Show contribution","","needs_translation","Direct en_US vs ms_MY gap"
"lang\ms_MY\members.lang","ShowTypeCard","Show type '%s'","","needs_translation","Direct en_US vs ms_MY gap"
"lang\ms_MY\members.lang","SubscriptionCard","Subscription card","","needs_translation","Direct en_US vs ms_MY gap"
"lang\ms_MY\members.lang","SubscriptionEndDate","Subscription's end date","","needs_translation","Direct en_US vs ms_MY gap"
"lang\ms_MY\members.lang","SubscriptionId","Contribution ID","","needs_translation","Direct en_US vs ms_MY gap"
"lang\ms_MY\members.lang","SubscriptionLinkedToConciliatedTransaction","Membership is linked to a conciliated transaction so this modification is not allowed.","","needs_translation","Direct en_US vs ms_MY gap"
"lang\ms_MY\members.lang","SubscriptionNotReceived","Contribution never received","","needs_translation","Direct en_US vs ms_MY gap"
"lang\ms_MY\members.lang","SubscriptionNotRecorded","Contribution not recorded","","needs_translation","Direct en_US vs ms_MY gap"
"lang\ms_MY\members.lang","SubscriptionRecorded","Contribution recorded","","needs_translation","Direct en_US vs ms_MY gap"
"lang\ms_MY\members.lang","SubscriptionReminderEmail","contribution reminder","","needs_translation","Direct en_US vs ms_MY gap"
"lang\ms_MY\members.lang","SubscriptionRequired","Contribution required","","needs_translation","Direct en_US vs ms_MY gap"
"lang\ms_MY\members.lang","SubscriptionRequiredDesc","If subscription is required, a subscription with a start or end date must be recorded to have the member up to date (whatever is subscription amount, even if subscription is free).","","needs_translation","Direct en_US vs ms_MY gap"
"lang\ms_MY\members.lang","ThirdpartyNotLinkedToMember","Third party not linked to a member","","needs_translation","Direct en_US vs ms_MY gap"
"lang\ms_MY\members.lang","ThisIsContentOfSubscriptionReminderEmail","We want to let you know that your subscription is about to expire or has already expired (__MEMBER_LAST_SUBSCRIPTION_DATE_END__). We hope you will renew it.<br><br>","","needs_translation","Direct en_US vs ms_MY gap"
"lang\ms_MY\members.lang","ThisIsContentOfYourCard","This is a summary of the information we have about you. Please contact us if anything is incorrect.<br><br>","","needs_translation","Direct en_US vs ms_MY gap"
"lang\ms_MY\members.lang","ThisIsContentOfYourMembershipRequestWasReceived","We want to let you know that your membership request was received.<br><br>","","needs_translation","Direct en_US vs ms_MY gap"
"lang\ms_MY\members.lang","ThisIsContentOfYourMembershipWasValidated","We want to let you know that your membership was validated with the following information:<br><br>","","needs_translation","Direct en_US vs ms_MY gap"
"lang\ms_MY\members.lang","ThisIsContentOfYourSubscriptionWasRecorded","We want to let you know that your new subscription was recorded. Please find your invoice here enclosed.<br><br>","","needs_translation","Direct en_US vs ms_MY gap"
"lang\ms_MY\members.lang","TurnoverOrBudget","Dolibarr-related revenue (for a company) or Budget (for a foundation)","","needs_translation","Direct en_US vs ms_MY gap"
"lang\ms_MY\members.lang","UserNotLinkedToMember","User not linked to a member","","needs_translation","Direct en_US vs ms_MY gap"
"lang\ms_MY\members.lang","VATToUseForSubscriptions","VAT rate to use for membership payment","","needs_translation","Direct en_US vs ms_MY gap"
"lang\ms_MY\members.lang","VoteAllowed","Vote allowed","","needs_translation","Direct en_US vs ms_MY gap"
"lang\ms_MY\members.lang","WarningNoComplementaryActionDone","No Complementary action on recording will be executed with this massaction","","needs_translation","Direct en_US vs ms_MY gap"
"lang\ms_MY\members.lang","WelcomeEMail","Welcome email","","needs_translation","Direct en_US vs ms_MY gap"
"lang\ms_MY\members.lang","XExternalUserCreated","%s external user(s) created","","needs_translation","Direct en_US vs ms_MY gap"
"lang\ms_MY\members.lang","XMembersClosed","%s member(s) closed","","needs_translation","Direct en_US vs ms_MY gap"
"lang\ms_MY\members.lang","XSubsriptionCreated","%s subscription(s) created","","needs_translation","Direct en_US vs ms_MY gap"
"lang\ms_MY\members.lang","XSubsriptionErrors","%s subscription(s) where in error","","needs_translation","Direct en_US vs ms_MY gap"
"lang\ms_MY\members.lang","YouMayFindYourInvoiceInThisEmail","You may find your invoice attached to this email","","needs_translation","Direct en_US vs ms_MY gap"
"lang\ms_MY\members.lang","YourMembershipRequestWasReceived","Your membership was received.","","needs_translation","Direct en_US vs ms_MY gap"
"lang\ms_MY\members.lang","YourMembershipWasCanceled","Your membership was canceled","","needs_translation","Direct en_US vs ms_MY gap"
"lang\ms_MY\members.lang","YourMembershipWasValidated","Your membership was validated","","needs_translation","Direct en_US vs ms_MY gap"
"lang\ms_MY\members.lang","YourSubscriptionWasRecorded","Your new contribution was recorded","","needs_translation","Direct en_US vs ms_MY gap"
"lang\ms_MY\products.lang","ActionAvailableOnVariantProductOnly","Action only available on the variant of product","","needs_translation","Direct en_US vs ms_MY gap"
"lang\ms_MY\products.lang","AddCustomerPrice","Add price by customer","","needs_translation","Direct en_US vs ms_MY gap"
"lang\ms_MY\products.lang","AddUpdater","Add Updater","","needs_translation","Direct en_US vs ms_MY gap"
"lang\ms_MY\products.lang","AddVariable","Add Variable","","needs_translation","Direct en_US vs ms_MY gap"
"lang\ms_MY\products.lang","AllowStockMovementVariantParent","Also records stock movements on parent products of variant products","","needs_translation","Direct en_US vs ms_MY gap"
"lang\ms_MY\products.lang","AllowStockMovementVariantParentHelp","By default, a parent of a variant is a virtual product, so no stock is managed for it. By enabling this option, a stock will be managed for parent products and each time a stock quantity is modified for a variant product, the same quantity will be modified for the parent product. You should not need this option, except if you are using variant to manage the same product than parent (but with different descriptions, prices...)","","needs_translation","Direct en_US vs ms_MY gap"
"lang\ms_MY\products.lang","AlwaysUseFixedPrice","Use the fixed price","","needs_translation","Direct en_US vs ms_MY gap"
"lang\ms_MY\products.lang","AlwaysUseNewPrice","Always use current price of product/service","","needs_translation","Direct en_US vs ms_MY gap"
"lang\ms_MY\products.lang","AmountUsedToUpdateWAP","Unit amount to use to update the Weighted Average Price","","needs_translation","Direct en_US vs ms_MY gap"
"lang\ms_MY\products.lang","AppliedPricesFrom","Applied from","","needs_translation","Direct en_US vs ms_MY gap"
"lang\ms_MY\products.lang","AppliedPricesTo","Applied until","","needs_translation","Direct en_US vs ms_MY gap"
"lang\ms_MY\products.lang","ApplyToAllPriceImpactLevel"," Apply to all levels","","needs_translation","Direct en_US vs ms_MY gap"
"lang\ms_MY\products.lang","ApplyToAllPriceImpactLevelHelp","By clicking here you set the same price impact on all levels","","needs_translation","Direct en_US vs ms_MY gap"
"lang\ms_MY\products.lang","AssociatedProducts","Kits","","needs_translation","Direct en_US vs ms_MY gap"
"lang\ms_MY\products.lang","AssociatedProductsAbility","Enable Kits (set of several products)","","needs_translation","Direct en_US vs ms_MY gap"
"lang\ms_MY\products.lang","AssociatedProductsNumber","Number of products composing this kit","","needs_translation","Direct en_US vs ms_MY gap"
"lang\ms_MY\products.lang","Attributes","Attributes","","needs_translation","Direct en_US vs ms_MY gap"
"lang\ms_MY\products.lang","BarCodeDataForProduct","Barcode information of product %s:","","needs_translation","Direct en_US vs ms_MY gap"
"lang\ms_MY\products.lang","BarCodeDataForThirdparty","Barcode information of third party %s:","","needs_translation","Direct en_US vs ms_MY gap"
"lang\ms_MY\products.lang","BarCodePrintsheet","Print barcodes","","needs_translation","Direct en_US vs ms_MY gap"
"lang\ms_MY\products.lang","BarcodeValue","Barcode value","","needs_translation","Direct en_US vs ms_MY gap"
"lang\ms_MY\products.lang","Build","Produce","","needs_translation","Direct en_US vs ms_MY gap"
"lang\ms_MY\products.lang","BuildPageToPrint","Generate page to print","","needs_translation","Direct en_US vs ms_MY gap"
"lang\ms_MY\products.lang","BuyingPrice","Buying price","","needs_translation","Direct en_US vs ms_MY gap"
"lang\ms_MY\products.lang","BuyingPrices","Buying prices","","needs_translation","Direct en_US vs ms_MY gap"
"lang\ms_MY\products.lang","CantBeLessThanMinPrice","The selling price can't be lower than minimum allowed for this product (%s without tax). This message can also appear if you type a significant discount.","","needs_translation","Direct en_US vs ms_MY gap"
"lang\ms_MY\products.lang","CantBeLessThanMinPriceInclTax","The selling price can't be lower than minimum allowed for this product (%s including taxes). This message can also appears if you type a too important discount.","","needs_translation","Direct en_US vs ms_MY gap"
"lang\ms_MY\products.lang","CardProduct0","Product","","needs_translation","Direct en_US vs ms_MY gap"
"lang\ms_MY\products.lang","CardProduct1","Service","","needs_translation","Direct en_US vs ms_MY gap"
"lang\ms_MY\products.lang","CategoryFilter","Search by category","","needs_translation","Direct en_US vs ms_MY gap"
"lang\ms_MY\products.lang","ClinkOnALinkOfColumn","Click on a link of column %s to get a detailed view...","","needs_translation","Direct en_US vs ms_MY gap"
"lang\ms_MY\products.lang","CloneCategoriesProduct","Clone linked tags/categories","","needs_translation","Direct en_US vs ms_MY gap"
"lang\ms_MY\products.lang","CloneCombinationsProduct","Clone the product variants","","needs_translation","Direct en_US vs ms_MY gap"
"lang\ms_MY\products.lang","CloneCompositionProduct","Clone virtual products/services","","needs_translation","Direct en_US vs ms_MY gap"
"lang\ms_MY\products.lang","CloneContentProduct","Clone all main information of the product/service","","needs_translation","Direct en_US vs ms_MY gap"
"lang\ms_MY\products.lang","CloneDestinationReference","Destination product reference","","needs_translation","Direct en_US vs ms_MY gap"
"lang\ms_MY\products.lang","ClonePricesProduct","Clone prices","","needs_translation","Direct en_US vs ms_MY gap"
"lang\ms_MY\products.lang","ComposedProduct","Child products","","needs_translation","Direct en_US vs ms_MY gap"
"lang\ms_MY\products.lang","ComposedProductIncDecStock","Increase/Decrease stock on parent change","","needs_translation","Direct en_US vs ms_MY gap"
"lang\ms_MY\products.lang","ConfirmCloneProduct","Are you sure you want to clone product or service <b>%s</b>?","","needs_translation","Direct en_US vs ms_MY gap"
"lang\ms_MY\products.lang","ConfirmCloneProductCombinations","Would you like to copy all the product variants to the other parent product with the given reference?","","needs_translation","Direct en_US vs ms_MY gap"
"lang\ms_MY\products.lang","ConfirmDeleteProduct","Are you sure you want to delete this product/service?","","needs_translation","Direct en_US vs ms_MY gap"
"lang\ms_MY\products.lang","ConfirmDeleteProductBuyPrice","Are you sure you want to delete this buying price?","","needs_translation","Direct en_US vs ms_MY gap"
"lang\ms_MY\products.lang","ConfirmDeleteProductLine","Are you sure you want to delete this product line?","","needs_translation","Direct en_US vs ms_MY gap"
"lang\ms_MY\products.lang","ConfirmEditExtrafield"," Select the extrafield you want modify","","needs_translation","Direct en_US vs ms_MY gap"
"lang\ms_MY\products.lang","ConfirmEditExtrafieldQuestion"," Are you sure you want to modify this extrafield?","","needs_translation","Direct en_US vs ms_MY gap"
"lang\ms_MY\products.lang","ConfirmMergeProducts","Are you sure you want to merge the chosen product with the current one? All linked objects (invoices, orders, ...) will be moved to the current product, after which the chosen product will be deleted.","","needs_translation","Direct en_US vs ms_MY gap"
"lang\ms_MY\products.lang","ConfirmSetToDraftInventory","Are you sure you want to go back to Draft status?<br>The quantities currently set in the inventory will be reset.","","needs_translation","Direct en_US vs ms_MY gap"
"lang\ms_MY\products.lang","ContractStatusClosed","Closed","","needs_translation","Direct en_US vs ms_MY gap"
"lang\ms_MY\products.lang","CorrectlyUpdated","Correctly updated","","needs_translation","Direct en_US vs ms_MY gap"
"lang\ms_MY\products.lang","CostPriceDescription","This price field (excl. tax) can be used to capture the average amount this product costs to your company. It may be any price you calculate yourself, for example, from the average buying price plus average production and distribution cost.","","needs_translation","Direct en_US vs ms_MY gap"
"lang\ms_MY\products.lang","CostPriceUsage","This value could be used for margin calculation.","","needs_translation","Direct en_US vs ms_MY gap"
"lang\ms_MY\products.lang","CountryOrigin","Country of origin","","needs_translation","Direct en_US vs ms_MY gap"
"lang\ms_MY\products.lang","Create","Create","","needs_translation","Direct en_US vs ms_MY gap"
"lang\ms_MY\products.lang","CurrentProductPrice","Current price","","needs_translation","Direct en_US vs ms_MY gap"
"lang\ms_MY\products.lang","CustomerPrices","Customer prices","","needs_translation","Direct en_US vs ms_MY gap"
"lang\ms_MY\products.lang","CustomsCode","Customs nomenclature","","needs_translation","Direct en_US vs ms_MY gap"
"lang\ms_MY\products.lang","CustomsCodeHelp","The code used by customs. Also called the Commodity code, HS code or TARIC code.","","needs_translation","Direct en_US vs ms_MY gap"
"lang\ms_MY\products.lang","d","d","","needs_translation","Direct en_US vs ms_MY gap"
"lang\ms_MY\products.lang","day","day","","needs_translation","Direct en_US vs ms_MY gap"
"lang\ms_MY\products.lang","DefaultBOM","Default BOM","","needs_translation","Direct en_US vs ms_MY gap"
"lang\ms_MY\products.lang","DefaultBOMDesc","The default BOM recommended to use to manufacture this product. This field can be set only if nature of product is '%s'.","","needs_translation","Direct en_US vs ms_MY gap"
"lang\ms_MY\products.lang","DefaultPrice","Default price","","needs_translation","Direct en_US vs ms_MY gap"
"lang\ms_MY\products.lang","DefaultPriceLog","Log of previous default prices","","needs_translation","Direct en_US vs ms_MY gap"
"lang\ms_MY\products.lang","DefaultPriceRealPriceMayDependOnCustomer","Default price, real price may depend on customer","","needs_translation","Direct en_US vs ms_MY gap"
"lang\ms_MY\products.lang","DefaultPriceType","Base of prices per default (with versus without tax) when adding new sale prices","","needs_translation","Direct en_US vs ms_MY gap"
"lang\ms_MY\products.lang","DefaultUnitToShow","Unit","","needs_translation","Direct en_US vs ms_MY gap"
"lang\ms_MY\products.lang","DefinitionOfBarCodeForProductNotComplete","Definition of type or value of barcode not complete for product %s.","","needs_translation","Direct en_US vs ms_MY gap"
"lang\ms_MY\products.lang","DefinitionOfBarCodeForThirdpartyNotComplete","Definition of type or value of barcode non complete for third party %s.","","needs_translation","Direct en_US vs ms_MY gap"
"lang\ms_MY\products.lang","DeleteLinkedProduct","Delete the child product linked to the combination","","needs_translation","Direct en_US vs ms_MY gap"
"lang\ms_MY\products.lang","DeleteProductBuyPrice","Delete buying price","","needs_translation","Direct en_US vs ms_MY gap"
"lang\ms_MY\products.lang","DeleteProductLine","Delete product line","","needs_translation","Direct en_US vs ms_MY gap"
"lang\ms_MY\products.lang","DisablePriceByQty","Disable prices by quantity","","needs_translation","Direct en_US vs ms_MY gap"
"lang\ms_MY\products.lang","DiscountQtyMin","Discount for this qty.","","needs_translation","Direct en_US vs ms_MY gap"
"lang\ms_MY\products.lang","DoNotRemovePreviousCombinations","Do not remove previous variants","","needs_translation","Direct en_US vs ms_MY gap"
"lang\ms_MY\products.lang","DynamicPriceConfiguration","Dynamic price configuration","","needs_translation","Direct en_US vs ms_MY gap"
"lang\ms_MY\products.lang","DynamicPriceDesc","You may define mathematical formulae to calculate Customer or Vendor prices. Such formulas can use all mathematical operators, some constants and variables. You can define here the variables you wish to use. If the variable needs an automatic update, you may define the external URL to allow Dolibarr to update the value automatically.","","needs_translation","Direct en_US vs ms_MY gap"
"lang\ms_MY\products.lang","EditProductCombination","Editing variant","","needs_translation","Direct en_US vs ms_MY gap"
"lang\ms_MY\products.lang","EditProductCombinations","Editing variants","","needs_translation","Direct en_US vs ms_MY gap"
"lang\ms_MY\products.lang","EditSellingPriceLabel","Edit selling price label","","needs_translation","Direct en_US vs ms_MY gap"
"lang\ms_MY\products.lang","ErrorAppliedPricesIntersectAnotherPeriod","The begin or end date intersect to another existing period.","","needs_translation","Direct en_US vs ms_MY gap"
"lang\ms_MY\products.lang","ErrorAssociationIsFatherOfThis","One of selected product is parent with current product","","needs_translation","Direct en_US vs ms_MY gap"
"lang\ms_MY\products.lang","ErrorCopyProductCombinations","There was an error while copying the product variants","","needs_translation","Direct en_US vs ms_MY gap"
"lang\ms_MY\products.lang","ErrorCreatingProductAttributeValue","There was an error while creating the attribute value. It could be because there is already an existing value with that reference","","needs_translation","Direct en_US vs ms_MY gap"
"lang\ms_MY\products.lang","ErrorDeletingGeneratedProducts","There was an error while trying to delete existing product variants","","needs_translation","Direct en_US vs ms_MY gap"
"lang\ms_MY\products.lang","ErrorDestinationProductNotFound","Destination product not found","","needs_translation","Direct en_US vs ms_MY gap"
"lang\ms_MY\products.lang","ErrorPriceCantBeLowerThanMinPrice","Error, price can't be lower than minimum price.","","needs_translation","Direct en_US vs ms_MY gap"
"lang\ms_MY\products.lang","ErrorProductAlreadyExists","A product with reference %s already exists.","","needs_translation","Direct en_US vs ms_MY gap"
"lang\ms_MY\products.lang","ErrorProductBadRefOrLabel","Wrong value for reference or label.","","needs_translation","Direct en_US vs ms_MY gap"
"lang\ms_MY\products.lang","ErrorProductClone","There was a problem while trying to clone the product or service.","","needs_translation","Direct en_US vs ms_MY gap"
"lang\ms_MY\products.lang","ErrorProductCombinationNotFound","Product variant not found","","needs_translation","Direct en_US vs ms_MY gap"
"lang\ms_MY\products.lang","ErrorsProductsMerge","Errors in products merge","","needs_translation","Direct en_US vs ms_MY gap"
"lang\ms_MY\products.lang","ExpectedValuation","Expected Valuation","","needs_translation","Direct en_US vs ms_MY gap"
"lang\ms_MY\products.lang","ExportDataset_produit_1","Products","","needs_translation","Direct en_US vs ms_MY gap"
"lang\ms_MY\products.lang","ExportDataset_service_1","Services","","needs_translation","Direct en_US vs ms_MY gap"
"lang\ms_MY\products.lang","Features","Features","","needs_translation","Direct en_US vs ms_MY gap"
"lang\ms_MY\products.lang","FillBarCodeTypeAndValueFromProduct","Fill barcode type and value from barcode of a product.","","needs_translation","Direct en_US vs ms_MY gap"
"lang\ms_MY\products.lang","FillBarCodeTypeAndValueFromThirdParty","Fill barcode type and value from barcode of a third party.","","needs_translation","Direct en_US vs ms_MY gap"
"lang\ms_MY\products.lang","FillBarCodeTypeAndValueManually","Fill barcode type and value manually.","","needs_translation","Direct en_US vs ms_MY gap"
"lang\ms_MY\products.lang","FillWithLastServiceDates","Fill with last service line dates","","needs_translation","Direct en_US vs ms_MY gap"
"lang\ms_MY\products.lang","Finished","Manufactured product","","needs_translation","Direct en_US vs ms_MY gap"
"lang\ms_MY\products.lang","ForceUpdateChildPriceSoc","Set same price on customer's subsidiaries","","needs_translation","Direct en_US vs ms_MY gap"
"lang\ms_MY\products.lang","g","g","","needs_translation","Direct en_US vs ms_MY gap"
"lang\ms_MY\products.lang","GenerateImage","Generate image","","needs_translation","Direct en_US vs ms_MY gap"
"lang\ms_MY\products.lang","GenerateThumb","Generate thumb","","needs_translation","Direct en_US vs ms_MY gap"
"lang\ms_MY\products.lang","GenerateWithAI","Generate with AI","","needs_translation","Direct en_US vs ms_MY gap"
"lang\ms_MY\products.lang","GlobalVariables","Global variables","","needs_translation","Direct en_US vs ms_MY gap"
"lang\ms_MY\products.lang","GlobalVariableUpdaterHelp0","Parses JSON data from specified URL, VALUE specifies the location of relevant value,","","needs_translation","Direct en_US vs ms_MY gap"
"lang\ms_MY\products.lang","GlobalVariableUpdaterHelp1","Parses WebService data from specified URL, NS specifies the namespace, VALUE specifies the location of relevant value, DATA should contain the data to send and METHOD is the calling WS method","","needs_translation","Direct en_US vs ms_MY gap"
"lang\ms_MY\products.lang","GlobalVariableUpdaterHelpFormat0","Format for request {""URL"": ""http://example.com/urlofjson"", ""VALUE"": ""array1,array2,targetvalue""}","","needs_translation","Direct en_US vs ms_MY gap"
"lang\ms_MY\products.lang","GlobalVariableUpdaterHelpFormat1","Format for request is {""URL"": ""http://example.com/urlofws"", ""VALUE"": ""array,targetvalue"", ""NS"": ""http://example.com/urlofns"", ""METHOD"": ""myWSMethod"", ""DATA"": {""your"": ""data"", ""to"": ""send""}}","","needs_translation","Direct en_US vs ms_MY gap"
"lang\ms_MY\products.lang","GlobalVariableUpdaters","External updaters for variables","","needs_translation","Direct en_US vs ms_MY gap"
"lang\ms_MY\products.lang","GlobalVariableUpdaterType0","JSON data","","needs_translation","Direct en_US vs ms_MY gap"
"lang\ms_MY\products.lang","GlobalVariableUpdaterType1","WebService data","","needs_translation","Direct en_US vs ms_MY gap"
"lang\ms_MY\products.lang","GoOnMenuToCreateVairants","Go on menu %s - %s to prepare attribute variants (like colors, size, ...)","","needs_translation","Direct en_US vs ms_MY gap"
"lang\ms_MY\products.lang","gram","gram","","needs_translation","Direct en_US vs ms_MY gap"
"lang\ms_MY\products.lang","h","h","","needs_translation","Direct en_US vs ms_MY gap"
"lang\ms_MY\products.lang","HeightUnits","Height unit","","needs_translation","Direct en_US vs ms_MY gap"
"lang\ms_MY\products.lang","HideChildProducts","Hide variant products","","needs_translation","Direct en_US vs ms_MY gap"
"lang\ms_MY\products.lang","HideProductCombinations","Hide products variant in the products selector","","needs_translation","Direct en_US vs ms_MY gap"
"lang\ms_MY\products.lang","hour","hour","","needs_translation","Direct en_US vs ms_MY gap"
"lang\ms_MY\products.lang","IfZeroItIsNotAVirtualProduct","If 0, this product is not a kit","","needs_translation","Direct en_US vs ms_MY gap"
"lang\ms_MY\products.lang","IfZeroItIsNotUsedByVirtualProduct","If 0, this product is not used by any kit","","needs_translation","Direct en_US vs ms_MY gap"
"lang\ms_MY\products.lang","ImpactOnPriceLevel","Impact on price level %s","","needs_translation","Direct en_US vs ms_MY gap"
"lang\ms_MY\products.lang","ImportDataset_produit_1","Products","","needs_translation","Direct en_US vs ms_MY gap"
"lang\ms_MY\products.lang","ImportDataset_service_1","Services","","needs_translation","Direct en_US vs ms_MY gap"
"lang\ms_MY\products.lang","IncludingProductWithTag","Including products/services with the tag","","needs_translation","Direct en_US vs ms_MY gap"
"lang\ms_MY\products.lang","InventoryExtraFields"," Extra Fields (inventory)","","needs_translation","Direct en_US vs ms_MY gap"
"lang\ms_MY\products.lang","KeepEmptyForAutoCalculation","Keep empty to have this calculated automatically from weight or volume of products","","needs_translation","Direct en_US vs ms_MY gap"
"lang\ms_MY\products.lang","KeywordFilter","Search by keyword","","needs_translation","Direct en_US vs ms_MY gap"
"lang\ms_MY\products.lang","kg","Kg","","needs_translation","Direct en_US vs ms_MY gap"
"lang\ms_MY\products.lang","kilogram","kilogram","","needs_translation","Direct en_US vs ms_MY gap"
"lang\ms_MY\products.lang","l","L","","needs_translation","Direct en_US vs ms_MY gap"
"lang\ms_MY\products.lang","LastModifiedProductsAndServices","Latest %s products/services which were modified","","needs_translation","Direct en_US vs ms_MY gap"
"lang\ms_MY\products.lang","LastRecordedProducts","Latest %s recorded products","","needs_translation","Direct en_US vs ms_MY gap"
"lang\ms_MY\products.lang","LastRecordedServices","Latest %s recorded services","","needs_translation","Direct en_US vs ms_MY gap"
"lang\ms_MY\products.lang","LastUpdated","Latest update","","needs_translation","Direct en_US vs ms_MY gap"
"lang\ms_MY\products.lang","LengthUnits","Length unit","","needs_translation","Direct en_US vs ms_MY gap"
"lang\ms_MY\products.lang","ListOfProductsServices","List of products/services","","needs_translation","Direct en_US vs ms_MY gap"
"lang\ms_MY\products.lang","ListProductByPopularity","List of products by popularity","","needs_translation","Direct en_US vs ms_MY gap"
"lang\ms_MY\products.lang","ListProductServiceByPopularity","List of products/services by popularity","","needs_translation","Direct en_US vs ms_MY gap"
"lang\ms_MY\products.lang","ListServiceByPopularity","List of services by popularity","","needs_translation","Direct en_US vs ms_MY gap"
"lang\ms_MY\products.lang","liter","liter","","needs_translation","Direct en_US vs ms_MY gap"
"lang\ms_MY\products.lang","lm","lm","","needs_translation","Direct en_US vs ms_MY gap"
"lang\ms_MY\products.lang","m","m","","needs_translation","Direct en_US vs ms_MY gap"
"lang\ms_MY\products.lang","m2","m²","","needs_translation","Direct en_US vs ms_MY gap"
"lang\ms_MY\products.lang","m3","m³","","needs_translation","Direct en_US vs ms_MY gap"
"lang\ms_MY\products.lang","mandatoryHelper","Check this if you want a message to the user when creating / validating an invoice, commercial proposal, sales order without entering a start and end date on lines with this service.","","needs_translation","Direct en_US vs ms_MY gap"
"lang\ms_MY\products.lang","mandatoryHelper2","Note that the message is a warning and not a blocking error.","","needs_translation","Direct en_US vs ms_MY gap"
"lang\ms_MY\products.lang","mandatoryperiod","Mandatory periods","","needs_translation","Direct en_US vs ms_MY gap"
"lang\ms_MY\products.lang","mandatoryPeriodNeedTobeSet","Note: Period (start and end date) must be defined","","needs_translation","Direct en_US vs ms_MY gap"
"lang\ms_MY\products.lang","mandatoryPeriodNeedTobeSetMsgValidate","A service requires a start and end period","","needs_translation","Direct en_US vs ms_MY gap"
"lang\ms_MY\products.lang","ManufacturingPrice","Manufacturing price","","needs_translation","Direct en_US vs ms_MY gap"
"lang\ms_MY\products.lang","MassBarcodeInit","Mass barcode init","","needs_translation","Direct en_US vs ms_MY gap"
"lang\ms_MY\products.lang","MassBarcodeInitDesc","This page can be used to initialize a barcode on objects that does not have barcode defined. Check before that setup of module barcode is complete.","","needs_translation","Direct en_US vs ms_MY gap"
"lang\ms_MY\products.lang","MenuStocks","Stocks","","needs_translation","Direct en_US vs ms_MY gap"
"lang\ms_MY\products.lang","MergeOriginProduct","Duplicated product (the product you want to delete)","","needs_translation","Direct en_US vs ms_MY gap"
"lang\ms_MY\products.lang","MergeProducts","Merge products","","needs_translation","Direct en_US vs ms_MY gap"
"lang\ms_MY\products.lang","meter","meter","","needs_translation","Direct en_US vs ms_MY gap"
"lang\ms_MY\products.lang","MinCustomerPrice","Minimum selling price","","needs_translation","Direct en_US vs ms_MY gap"
"lang\ms_MY\products.lang","MinimumPriceLimit","Minimum price can't be lower then %s","","needs_translation","Direct en_US vs ms_MY gap"
"lang\ms_MY\products.lang","MinimumRecommendedPrice","Minimum recommended price is: %s","","needs_translation","Direct en_US vs ms_MY gap"
"lang\ms_MY\products.lang","MinPrice","Min. selling price","","needs_translation","Direct en_US vs ms_MY gap"
"lang\ms_MY\products.lang","MinPriceHT","Min. selling price (excl. tax)","","needs_translation","Direct en_US vs ms_MY gap"
"lang\ms_MY\products.lang","MinPriceTTC","Min. selling price (inc. tax)","","needs_translation","Direct en_US vs ms_MY gap"
"lang\ms_MY\products.lang","MinSupplierPrice","Minimum buying price","","needs_translation","Direct en_US vs ms_MY gap"
"lang\ms_MY\products.lang","ModifyValueExtrafields"," Modify value of an extrafield","","needs_translation","Direct en_US vs ms_MY gap"
"lang\ms_MY\products.lang","Movements","Movements","","needs_translation","Direct en_US vs ms_MY gap"
"lang\ms_MY\products.lang","MultipriceRules","Automatic prices for segment","","needs_translation","Direct en_US vs ms_MY gap"
"lang\ms_MY\products.lang","MultiPricesAbility","Multiple price segments per product/service (each customer is in one price segment)","","needs_translation","Direct en_US vs ms_MY gap"
"lang\ms_MY\products.lang","MultiPricesNumPrices","Number of prices","","needs_translation","Direct en_US vs ms_MY gap"
"lang\ms_MY\products.lang","Nature","Nature of product (raw/manufactured)","","needs_translation","Direct en_US vs ms_MY gap"
"lang\ms_MY\products.lang","NatureOfProductDesc","Raw material or manufactured product","","needs_translation","Direct en_US vs ms_MY gap"
"lang\ms_MY\products.lang","NatureOfProductShort","Nature of product","","needs_translation","Direct en_US vs ms_MY gap"
"lang\ms_MY\products.lang","NbOfDifferentValues","No. of different values","","needs_translation","Direct en_US vs ms_MY gap"
"lang\ms_MY\products.lang","NbOfQtyInProposals","Qty in proposals","","needs_translation","Direct en_US vs ms_MY gap"
"lang\ms_MY\products.lang","NbProducts","Number of products","","needs_translation","Direct en_US vs ms_MY gap"
"lang\ms_MY\products.lang","NetMeasure","Net measure","","needs_translation","Direct en_US vs ms_MY gap"
"lang\ms_MY\products.lang","NewPrice","New price","","needs_translation","Direct en_US vs ms_MY gap"
"lang\ms_MY\products.lang","NewProductAttribute","New attribute","","needs_translation","Direct en_US vs ms_MY gap"
"lang\ms_MY\products.lang","NewProductAttributeValue","New attribute value","","needs_translation","Direct en_US vs ms_MY gap"
"lang\ms_MY\products.lang","NewProductCombination","New variant","","needs_translation","Direct en_US vs ms_MY gap"
"lang\ms_MY\products.lang","NewProductCombinations","New variants","","needs_translation","Direct en_US vs ms_MY gap"
"lang\ms_MY\products.lang","NewRefForClone","Ref. of new product/service","","needs_translation","Direct en_US vs ms_MY gap"
"lang\ms_MY\products.lang","NoDynamicPrice","No dynamic price","","needs_translation","Direct en_US vs ms_MY gap"
"lang\ms_MY\products.lang","NoEditVariants","Go to Parent product card and edit variants price impact in the variants tab","","needs_translation","Direct en_US vs ms_MY gap"
"lang\ms_MY\products.lang","NoMatchFound","No match found","","needs_translation","Direct en_US vs ms_MY gap"
"lang\ms_MY\products.lang","NoPriceDefinedForThisSupplier","No price/qty defined for this vendor/product","","needs_translation","Direct en_US vs ms_MY gap"
"lang\ms_MY\products.lang","NoProductPriceDefinedForThisSupplier","No product price/qty defined for this vendor","","needs_translation","Direct en_US vs ms_MY gap"
"lang\ms_MY\products.lang","NoSupplierPriceDefinedForThisProduct","No vendor price/qty defined for this product","","needs_translation","Direct en_US vs ms_MY gap"
"lang\ms_MY\products.lang","NoteNotVisibleOnBill","Note (not visible on invoices, proposals...)","","needs_translation","Direct en_US vs ms_MY gap"
"lang\ms_MY\products.lang","NotOnSell","Not for sale","","needs_translation","Direct en_US vs ms_MY gap"
"lang\ms_MY\products.lang","NotPredefinedProducts","Not predefined products/services","","needs_translation","Direct en_US vs ms_MY gap"
"lang\ms_MY\products.lang","NotSupportedOnKits","Not supported on kits","","needs_translation","Direct en_US vs ms_MY gap"
"lang\ms_MY\products.lang","NumberOfStickers","Number of stickers to print on page","","needs_translation","Direct en_US vs ms_MY gap"
"lang\ms_MY\products.lang","OnBuy","For purchase","","needs_translation","Direct en_US vs ms_MY gap"
"lang\ms_MY\products.lang","OnSell","For sale","","needs_translation","Direct en_US vs ms_MY gap"
"lang\ms_MY\products.lang","OrProductsWithCategories","Or products with tags/categories","","needs_translation","Direct en_US vs ms_MY gap"
"lang\ms_MY\products.lang","p","piece","","needs_translation","Direct en_US vs ms_MY gap"
"lang\ms_MY\products.lang","PackagingForThisProduct","Round quantities up to a multiple","","needs_translation","Direct en_US vs ms_MY gap"
"lang\ms_MY\products.lang","PackagingForThisProductDesc","When adding/updating a line in a documents, the quantity is adjusted to match the nearest higher multiple of the value defined on product.","","needs_translation","Direct en_US vs ms_MY gap"
"lang\ms_MY\products.lang","PackagingForThisProductSell","Packaging of quantities (sale)","","needs_translation","Direct en_US vs ms_MY gap"
"lang\ms_MY\products.lang","PageToGenerateBarCodeSheets","With this tool, you can print sheets of barcode stickers. Choose format of your sticker page, type of barcode and value of barcode, then click on button <b>%s</b>.","","needs_translation","Direct en_US vs ms_MY gap"
"lang\ms_MY\products.lang","ParentProduct","Parent product","","needs_translation","Direct en_US vs ms_MY gap"
"lang\ms_MY\products.lang","ParentProductOfVariant","Parent product of variant","","needs_translation","Direct en_US vs ms_MY gap"
"lang\ms_MY\products.lang","ParentProducts","Parent products","","needs_translation","Direct en_US vs ms_MY gap"
"lang\ms_MY\products.lang","ParentProductsNumber","Number of parent packaging product","","needs_translation","Direct en_US vs ms_MY gap"
"lang\ms_MY\products.lang","PercentageVariation","Percentage variation","","needs_translation","Direct en_US vs ms_MY gap"
"lang\ms_MY\products.lang","PercentDiscountOver","%% discount over %s","","needs_translation","Direct en_US vs ms_MY gap"
"lang\ms_MY\products.lang","PercentVariationOver","%% variation over %s","","needs_translation","Direct en_US vs ms_MY gap"
"lang\ms_MY\products.lang","PMPExpected","Expected PMP","","needs_translation","Direct en_US vs ms_MY gap"
"lang\ms_MY\products.lang","PMPReal","Real PMP","","needs_translation","Direct en_US vs ms_MY gap"
"lang\ms_MY\products.lang","PMPValue","Weighted average price","","needs_translation","Direct en_US vs ms_MY gap"
"lang\ms_MY\products.lang","PMPValueShort","WAP","","needs_translation","Direct en_US vs ms_MY gap"
"lang\ms_MY\products.lang","PossibleValues","Possible values","","needs_translation","Direct en_US vs ms_MY gap"
"lang\ms_MY\products.lang","PredefinedItem","Predefined item","","needs_translation","Direct en_US vs ms_MY gap"
"lang\ms_MY\products.lang","PredefinedProducts","Predefined Product","","needs_translation","Direct en_US vs ms_MY gap"
"lang\ms_MY\products.lang","PredefinedProductsAndServices","Predefined products/services","","needs_translation","Direct en_US vs ms_MY gap"
"lang\ms_MY\products.lang","PredefinedServices","Predefined Service","","needs_translation","Direct en_US vs ms_MY gap"
"lang\ms_MY\products.lang","PriceByCustomeAndMultiPricesAbility","Different prices for each customer + Multiple price segments per product/service (each customer is in one price segment)","","needs_translation","Direct en_US vs ms_MY gap"
"lang\ms_MY\products.lang","PriceByCustomer","Different prices for each customer","","needs_translation","Direct en_US vs ms_MY gap"
"lang\ms_MY\products.lang","PriceByCustomerLog","Log of previous customer prices","","needs_translation","Direct en_US vs ms_MY gap"
"lang\ms_MY\products.lang","PriceByQuantity","Different prices by quantity","","needs_translation","Direct en_US vs ms_MY gap"
"lang\ms_MY\products.lang","PriceByQuantityRange","Quantity range","","needs_translation","Direct en_US vs ms_MY gap"
"lang\ms_MY\products.lang","PriceCatalogue","A single sell price per product/service","","needs_translation","Direct en_US vs ms_MY gap"
"lang\ms_MY\products.lang","PriceExpressionEditor","Price expression editor","","needs_translation","Direct en_US vs ms_MY gap"
"lang\ms_MY\products.lang","PriceExpressionEditorHelp1","""price = 2 + 2"" or ""2 + 2"" for setting the price. Use ; to separate expressions","","needs_translation","Direct en_US vs ms_MY gap"
"lang\ms_MY\products.lang","PriceExpressionEditorHelp2","You can access ExtraFields with variables like <b>#extrafield_myextrafieldkey#</b> and global variables with <b>#global_mycode#</b>","","needs_translation","Direct en_US vs ms_MY gap"
"lang\ms_MY\products.lang","PriceExpressionEditorHelp3","In both product/service and vendor prices there are these variables available:<br><b>#tva_tx# #localtax1_tx# #localtax2_tx# #weight# #length# #surface# #price_min#</b>","","needs_translation","Direct en_US vs ms_MY gap"
"lang\ms_MY\products.lang","PriceExpressionEditorHelp4","In product/service price only: <b>#supplier_min_price#</b><br>In vendor prices only: <b>#supplier_quantity# and #supplier_tva_tx#</b>","","needs_translation","Direct en_US vs ms_MY gap"
"lang\ms_MY\products.lang","PriceExpressionEditorHelp5","Available global values:","","needs_translation","Direct en_US vs ms_MY gap"
"lang\ms_MY\products.lang","PriceExpressionSelected","Selected price expression","","needs_translation","Direct en_US vs ms_MY gap"
"lang\ms_MY\products.lang","PriceForEachProduct","Products with specific prices","","needs_translation","Direct en_US vs ms_MY gap"
"lang\ms_MY\products.lang","PriceImpact","Price impact","","needs_translation","Direct en_US vs ms_MY gap"
"lang\ms_MY\products.lang","PriceLabel","Price label","","needs_translation","Direct en_US vs ms_MY gap"
"lang\ms_MY\products.lang","PriceMode","Price mode","","needs_translation","Direct en_US vs ms_MY gap"
"lang\ms_MY\products.lang","PriceNumeric","Number","","needs_translation","Direct en_US vs ms_MY gap"
"lang\ms_MY\products.lang","PriceQtyMin","Price quantity min.","","needs_translation","Direct en_US vs ms_MY gap"
"lang\ms_MY\products.lang","PriceQtyMinCurrency","Price (currency) for this qty.","","needs_translation","Direct en_US vs ms_MY gap"
"lang\ms_MY\products.lang","PriceRemoved","Price removed","","needs_translation","Direct en_US vs ms_MY gap"
"lang\ms_MY\products.lang","PricingRule","Rules for selling prices","","needs_translation","Direct en_US vs ms_MY gap"
"lang\ms_MY\products.lang","PrintsheetForOneBarCode","Print several stickers for one barcode","","needs_translation","Direct en_US vs ms_MY gap"
"lang\ms_MY\products.lang","ProductAccountancyBuyCode","Accounting code (purchase)","","needs_translation","Direct en_US vs ms_MY gap"
"lang\ms_MY\products.lang","ProductAccountancyBuyExportCode","Accounting code (purchase import)","","needs_translation","Direct en_US vs ms_MY gap"
"lang\ms_MY\products.lang","ProductAccountancyBuyIntraCode","Accounting code (purchase intra-community)","","needs_translation","Direct en_US vs ms_MY gap"
"lang\ms_MY\products.lang","ProductAccountancySellCode","Accounting code (sale)","","needs_translation","Direct en_US vs ms_MY gap"
"lang\ms_MY\products.lang","ProductAccountancySellExportCode","Accounting code (sale export)","","needs_translation","Direct en_US vs ms_MY gap"
"lang\ms_MY\products.lang","ProductAccountancySellIntraCode","Accounting code (sale intra-Community)","","needs_translation","Direct en_US vs ms_MY gap"
"lang\ms_MY\products.lang","ProductAssociationList","List of products/services that are component(s) of this kit","","needs_translation","Direct en_US vs ms_MY gap"
"lang\ms_MY\products.lang","ProductAttribute","Variant attribute","","needs_translation","Direct en_US vs ms_MY gap"
"lang\ms_MY\products.lang","ProductAttributeDeleteDialog","Are you sure you want to delete this attribute? All values will be deleted","","needs_translation","Direct en_US vs ms_MY gap"
"lang\ms_MY\products.lang","ProductAttributeExtrafields","Variant attributes extrafields","","needs_translation","Direct en_US vs ms_MY gap"
"lang\ms_MY\products.lang","ProductAttributeExtrafieldsSetup","Setup of Variant attributes extrafields","","needs_translation","Direct en_US vs ms_MY gap"
"lang\ms_MY\products.lang","ProductAttributeName","Variant attribute %s","","needs_translation","Direct en_US vs ms_MY gap"
"lang\ms_MY\products.lang","ProductAttributes","Variant attributes for products","","needs_translation","Direct en_US vs ms_MY gap"
"lang\ms_MY\products.lang","ProductAttributeValueDeleteDialog","Are you sure you want to delete the value ""%s"" with the reference ""%s"" of this attribute?","","needs_translation","Direct en_US vs ms_MY gap"
"lang\ms_MY\products.lang","ProductAttributeValueExtrafields","Variant attributes values extrafields","","needs_translation","Direct en_US vs ms_MY gap"
"lang\ms_MY\products.lang","ProductAttributeValueExtrafieldsSetup","Setup of Variant attributes values extrafields","","needs_translation","Direct en_US vs ms_MY gap"
"lang\ms_MY\products.lang","ProductCodeModel","Product ref template","","needs_translation","Direct en_US vs ms_MY gap"
"lang\ms_MY\products.lang","ProductCombination","Variant","","needs_translation","Direct en_US vs ms_MY gap"
"lang\ms_MY\products.lang","ProductCombinationAlreadyUsed","There was an error while deleting the variant. Please check it is not being used in any object","","needs_translation","Direct en_US vs ms_MY gap"
"lang\ms_MY\products.lang","ProductCombinationDeleteDialog","Are you sure want to delete the variant of the product ""<strong>%s</strong>""?","","needs_translation","Direct en_US vs ms_MY gap"
"lang\ms_MY\products.lang","ProductCombinationGenerator","Variants generator","","needs_translation","Direct en_US vs ms_MY gap"
"lang\ms_MY\products.lang","ProductCombinationGeneratorWarning","If you continue, before generating new variants, all previous ones will be DELETED. Already existing ones will be updated with the new values","","needs_translation","Direct en_US vs ms_MY gap"
"lang\ms_MY\products.lang","ProductCombinations","Variants","","needs_translation","Direct en_US vs ms_MY gap"
"lang\ms_MY\products.lang","ProductCustomerExtraFields","Additional Attributes (Customer price)","","needs_translation","Direct en_US vs ms_MY gap"
"lang\ms_MY\products.lang","ProductDeleted","Product/Service ""%s"" deleted from database.","","needs_translation","Direct en_US vs ms_MY gap"
"lang\ms_MY\products.lang","ProductDescriptionTranslated","Translated product description","","needs_translation","Direct en_US vs ms_MY gap"
"lang\ms_MY\products.lang","ProductId","Product/service id","","needs_translation","Direct en_US vs ms_MY gap"
"lang\ms_MY\products.lang","ProductIsUsed","This product is used","","needs_translation","Direct en_US vs ms_MY gap"
"lang\ms_MY\products.lang","ProductLabelTranslated","Translated product label","","needs_translation","Direct en_US vs ms_MY gap"
"lang\ms_MY\products.lang","ProductLevelExtraFields","Additional Attributes (Level price)","","needs_translation","Direct en_US vs ms_MY gap"
"lang\ms_MY\products.lang","ProductNoteTranslated","Translated product note","","needs_translation","Direct en_US vs ms_MY gap"
"lang\ms_MY\products.lang","ProductOrService","Product or Service","","needs_translation","Direct en_US vs ms_MY gap"
"lang\ms_MY\products.lang","ProductParentList","List of kits including this product","","needs_translation","Direct en_US vs ms_MY gap"
"lang\ms_MY\products.lang","ProductsAndServices","Products and Services","","needs_translation","Direct en_US vs ms_MY gap"
"lang\ms_MY\products.lang","ProductsAndServicesArea","Product and Services area","","needs_translation","Direct en_US vs ms_MY gap"
"lang\ms_MY\products.lang","ProductsArea","Product area","","needs_translation","Direct en_US vs ms_MY gap"
"lang\ms_MY\products.lang","ProductSellByQuarterHT","Products turnover quarterly before tax","","needs_translation","Direct en_US vs ms_MY gap"
"lang\ms_MY\products.lang","ProductServiceCard","Products/Services card","","needs_translation","Direct en_US vs ms_MY gap"
"lang\ms_MY\products.lang","ProductSheet","Product sheet","","needs_translation","Direct en_US vs ms_MY gap"
"lang\ms_MY\products.lang","ProductsMergeSuccess","Products have been merged","","needs_translation","Direct en_US vs ms_MY gap"
"lang\ms_MY\products.lang","ProductsMultiPrice","Products and prices for each price segment","","needs_translation","Direct en_US vs ms_MY gap"
"lang\ms_MY\products.lang","ProductsNotOnSell","Products not for sale and not for purchase","","needs_translation","Direct en_US vs ms_MY gap"
"lang\ms_MY\products.lang","ProductsOnPurchase","Products for purchase","","needs_translation","Direct en_US vs ms_MY gap"
"lang\ms_MY\products.lang","ProductsOnPurchaseOnly","Products for purchase only","","needs_translation","Direct en_US vs ms_MY gap"
"lang\ms_MY\products.lang","ProductsOnSale","Products for sale","","needs_translation","Direct en_US vs ms_MY gap"
"lang\ms_MY\products.lang","ProductsOnSaleOnly","Products for sale only","","needs_translation","Direct en_US vs ms_MY gap"
"lang\ms_MY\products.lang","ProductsOnSellAndOnBuy","Products for sale and for purchase","","needs_translation","Direct en_US vs ms_MY gap"
"lang\ms_MY\products.lang","ProductsOrServiceMultiPrice","Customer prices (of products or services, multi-prices)","","needs_translation","Direct en_US vs ms_MY gap"
"lang\ms_MY\products.lang","ProductsOrServices","Products or Services","","needs_translation","Direct en_US vs ms_MY gap"
"lang\ms_MY\products.lang","ProductsOrServicesTranslations","Products/Services translations","","needs_translation","Direct en_US vs ms_MY gap"
"lang\ms_MY\products.lang","ProductSpecial","Special","","needs_translation","Direct en_US vs ms_MY gap"
"lang\ms_MY\products.lang","ProductsPipeServices","Products | Services","","needs_translation","Direct en_US vs ms_MY gap"
"lang\ms_MY\products.lang","ProductsPricePerCustomer","Product prices per customers","","needs_translation","Direct en_US vs ms_MY gap"
"lang\ms_MY\products.lang","ProductStatusNotOnBuy","Not for purchase","","needs_translation","Direct en_US vs ms_MY gap"
"lang\ms_MY\products.lang","ProductStatusNotOnBuyShort","Not for purchase","","needs_translation","Direct en_US vs ms_MY gap"
"lang\ms_MY\products.lang","ProductStatusNotOnSell","Not for sale","","needs_translation","Direct en_US vs ms_MY gap"
"lang\ms_MY\products.lang","ProductStatusNotOnSellShort","Not for sale","","needs_translation","Direct en_US vs ms_MY gap"
"lang\ms_MY\products.lang","ProductStatusOnBuy","For purchase","","needs_translation","Direct en_US vs ms_MY gap"
"lang\ms_MY\products.lang","ProductStatusOnBuyShort","For purchase","","needs_translation","Direct en_US vs ms_MY gap"
"lang\ms_MY\products.lang","ProductStatusOnSell","For sale","","needs_translation","Direct en_US vs ms_MY gap"
"lang\ms_MY\products.lang","ProductStatusOnSellShort","For sale","","needs_translation","Direct en_US vs ms_MY gap"
"lang\ms_MY\products.lang","ProductSupplierDescription","Vendor description for the product","","needs_translation","Direct en_US vs ms_MY gap"
"lang\ms_MY\products.lang","ProductSupplierExtraFields","Additional Attributes (Supplier Prices)","","needs_translation","Direct en_US vs ms_MY gap"
"lang\ms_MY\products.lang","ProductToAddSearch","Search product to add","","needs_translation","Direct en_US vs ms_MY gap"
"lang\ms_MY\products.lang","ProductVatMassChange","Global VAT Update","","needs_translation","Direct en_US vs ms_MY gap"
"lang\ms_MY\products.lang","ProductVatMassChangeDesc","This tool updates the VAT rate defined on <b><u>ALL</u></b> products and services!","","needs_translation","Direct en_US vs ms_MY gap"
"lang\ms_MY\products.lang","ProductVolume","Volume for 1 product","","needs_translation","Direct en_US vs ms_MY gap"
"lang\ms_MY\products.lang","ProductWeight","Weight for 1 product","","needs_translation","Direct en_US vs ms_MY gap"
"lang\ms_MY\products.lang","PropagateVariant","Propagate variants","","needs_translation","Direct en_US vs ms_MY gap"
"lang\ms_MY\products.lang","PropalMergePdfProductActualFile","PDF file to include into the PDF proposals if the product is part of the proposal...","","needs_translation","Direct en_US vs ms_MY gap"
"lang\ms_MY\products.lang","PropalMergePdfProductChooseFile","Select PDF files","","needs_translation","Direct en_US vs ms_MY gap"
"lang\ms_MY\products.lang","PurchasedAmount","Purchased amount","","needs_translation","Direct en_US vs ms_MY gap"
"lang\ms_MY\products.lang","PuttingDescUpToDate","Update descriptions with current known descriptions","","needs_translation","Direct en_US vs ms_MY gap"
"lang\ms_MY\products.lang","PuttingPricesUpToDate","Update prices with current known prices","","needs_translation","Direct en_US vs ms_MY gap"
"lang\ms_MY\products.lang","QtyMin","Min. purchase quantity","","needs_translation","Direct en_US vs ms_MY gap"
"lang\ms_MY\products.lang","QtyRecalculatedWithPackaging","The quantity of the line were recalculated according to packaging rule on multiples for quantities","","needs_translation","Direct en_US vs ms_MY gap"
"lang\ms_MY\products.lang","Quarter1","1st. Quarter","","needs_translation","Direct en_US vs ms_MY gap"
"lang\ms_MY\products.lang","Quarter2","2nd. Quarter","","needs_translation","Direct en_US vs ms_MY gap"
"lang\ms_MY\products.lang","Quarter3","3rd. Quarter","","needs_translation","Direct en_US vs ms_MY gap"
"lang\ms_MY\products.lang","Quarter4","4th. Quarter","","needs_translation","Direct en_US vs ms_MY gap"
"lang\ms_MY\products.lang","Rank","Rank","","needs_translation","Direct en_US vs ms_MY gap"
"lang\ms_MY\products.lang","RealValuation","Real Valuation","","needs_translation","Direct en_US vs ms_MY gap"
"lang\ms_MY\products.lang","Reference","Reference","","needs_translation","Direct en_US vs ms_MY gap"
"lang\ms_MY\products.lang","RegionStateOrigin","Region of origin","","needs_translation","Direct en_US vs ms_MY gap"
"lang\ms_MY\products.lang","ResetBarcodeForAllRecords","Define barcode value for all record (this will also reset barcode value already defined with new values)","","needs_translation","Direct en_US vs ms_MY gap"
"lang\ms_MY\products.lang","RowMaterial","Raw Material","","needs_translation","Direct en_US vs ms_MY gap"
"lang\ms_MY\products.lang","s","s","","needs_translation","Direct en_US vs ms_MY gap"
"lang\ms_MY\products.lang","ScanOrTypeOrCopyPasteYourBarCodes","Scan or type or copy/paste your barcodes","","needs_translation","Direct en_US vs ms_MY gap"
"lang\ms_MY\products.lang","se","set","","needs_translation","Direct en_US vs ms_MY gap"
"lang\ms_MY\products.lang","second","second","","needs_translation","Direct en_US vs ms_MY gap"
"lang\ms_MY\products.lang","SelectCombination","Select combination","","needs_translation","Direct en_US vs ms_MY gap"
"lang\ms_MY\products.lang","SellingMinPriceTTC","Minimum Selling price (inc. tax)","","needs_translation","Direct en_US vs ms_MY gap"
"lang\ms_MY\products.lang","SellingPriceHT","Selling price (excl. tax)","","needs_translation","Direct en_US vs ms_MY gap"
"lang\ms_MY\products.lang","SellingPrices","Selling prices","","needs_translation","Direct en_US vs ms_MY gap"
"lang\ms_MY\products.lang","SellingPriceTTC","Selling price (inc. tax)","","needs_translation","Direct en_US vs ms_MY gap"
"lang\ms_MY\products.lang","ServiceCodeModel","Service ref template","","needs_translation","Direct en_US vs ms_MY gap"
"lang\ms_MY\products.lang","ServiceLimitedDuration","If product is a service with limited duration:","","needs_translation","Direct en_US vs ms_MY gap"
"lang\ms_MY\products.lang","ServiceNb","Service #%s","","needs_translation","Direct en_US vs ms_MY gap"
"lang\ms_MY\products.lang","ServicesArea","Services area","","needs_translation","Direct en_US vs ms_MY gap"
"lang\ms_MY\products.lang","ServiceSellByQuarterHT","Services turnover quarterly before tax","","needs_translation","Direct en_US vs ms_MY gap"
"lang\ms_MY\products.lang","ServiceSheet","Service sheet","","needs_translation","Direct en_US vs ms_MY gap"
"lang\ms_MY\products.lang","ServicesNotOnSell","Services not for sale and not for purchase","","needs_translation","Direct en_US vs ms_MY gap"
"lang\ms_MY\products.lang","ServicesOnPurchase","Services for purchase","","needs_translation","Direct en_US vs ms_MY gap"
"lang\ms_MY\products.lang","ServicesOnPurchaseOnly","Services for purchase only","","needs_translation","Direct en_US vs ms_MY gap"
"lang\ms_MY\products.lang","ServicesOnSale","Services for sale","","needs_translation","Direct en_US vs ms_MY gap"
"lang\ms_MY\products.lang","ServicesOnSaleOnly","Services for sale only","","needs_translation","Direct en_US vs ms_MY gap"
"lang\ms_MY\products.lang","ServicesOnSellAndOnBuy","Services for sale and for purchase","","needs_translation","Direct en_US vs ms_MY gap"
"lang\ms_MY\products.lang","set","set","","needs_translation","Direct en_US vs ms_MY gap"
"lang\ms_MY\products.lang","SetDefaultBarcodeType","Set barcode type","","needs_translation","Direct en_US vs ms_MY gap"
"lang\ms_MY\products.lang","ShowChildProducts","Show variant products","","needs_translation","Direct en_US vs ms_MY gap"
"lang\ms_MY\products.lang","ShowProduct","Show product","","needs_translation","Direct en_US vs ms_MY gap"
"lang\ms_MY\products.lang","ShowService","Show service","","needs_translation","Direct en_US vs ms_MY gap"
"lang\ms_MY\products.lang","SizeUnits","Size unit","","needs_translation","Direct en_US vs ms_MY gap"
"lang\ms_MY\products.lang","SoldAmount","Sold amount","","needs_translation","Direct en_US vs ms_MY gap"
"lang\ms_MY\products.lang","StateOrigin","State|Province of origin","","needs_translation","Direct en_US vs ms_MY gap"
"lang\ms_MY\products.lang","StockableProduct","Stock management","","needs_translation","Direct en_US vs ms_MY gap"
"lang\ms_MY\products.lang","StockableProductDescription","If this option is enabled, the stock modification for this product is retained. If not, all stock modifications will be disabled for this product.","","needs_translation","Direct en_US vs ms_MY gap"
"lang\ms_MY\products.lang","StockDisabled","Stock disabled","","needs_translation","Direct en_US vs ms_MY gap"
"lang\ms_MY\products.lang","StockEnabled","Stock enabled","","needs_translation","Direct en_US vs ms_MY gap"
"lang\ms_MY\products.lang","StockMouvementExtraFields"," Extra Fields (stock movement)","","needs_translation","Direct en_US vs ms_MY gap"
"lang\ms_MY\products.lang","SubProduct","Sub product","","needs_translation","Direct en_US vs ms_MY gap"
"lang\ms_MY\products.lang","SupplierCard","Vendor card","","needs_translation","Direct en_US vs ms_MY gap"
"lang\ms_MY\products.lang","SupplierRef","Vendor SKU","","needs_translation","Direct en_US vs ms_MY gap"
"lang\ms_MY\products.lang","Suppliers","Vendors","","needs_translation","Direct en_US vs ms_MY gap"
"lang\ms_MY\products.lang","SuppliersPrices","Vendor prices","","needs_translation","Direct en_US vs ms_MY gap"
"lang\ms_MY\products.lang","SuppliersPricesOfProductsOrServices","Vendor prices (of products or services)","","needs_translation","Direct en_US vs ms_MY gap"
"lang\ms_MY\products.lang","SurfaceUnits","Surface unit","","needs_translation","Direct en_US vs ms_MY gap"
"lang\ms_MY\products.lang","SwitchOnPurchaseStatus","Switch for purchase status","","needs_translation","Direct en_US vs ms_MY gap"
"lang\ms_MY\products.lang","SwitchOnSaleStatus","Switch on sale status","","needs_translation","Direct en_US vs ms_MY gap"
"lang\ms_MY\products.lang","TMenuProducts","Products","","needs_translation","Direct en_US vs ms_MY gap"
"lang\ms_MY\products.lang","TMenuServices","Services","","needs_translation","Direct en_US vs ms_MY gap"
"lang\ms_MY\products.lang","TooMuchCombinationsWarning","Generating lots of variants may result in high CPU, memory usage and Dolibarr not able to create them. Enabling the option ""%s"" may help reduce memory usage.","","needs_translation","Direct en_US vs ms_MY gap"
"lang\ms_MY\products.lang","TranslatedDescription","Translated description","","needs_translation","Direct en_US vs ms_MY gap"
"lang\ms_MY\products.lang","TranslatedLabel","Translated label","","needs_translation","Direct en_US vs ms_MY gap"
"lang\ms_MY\products.lang","TranslatedNote","Translated notes","","needs_translation","Direct en_US vs ms_MY gap"
"lang\ms_MY\products.lang","unitCM","cm","","needs_translation","Direct en_US vs ms_MY gap"
"lang\ms_MY\products.lang","unitCM2","cm²","","needs_translation","Direct en_US vs ms_MY gap"
"lang\ms_MY\products.lang","unitCM3","cm³","","needs_translation","Direct en_US vs ms_MY gap"
"lang\ms_MY\products.lang","unitD","Day","","needs_translation","Direct en_US vs ms_MY gap"
"lang\ms_MY\products.lang","unitDM","dm","","needs_translation","Direct en_US vs ms_MY gap"
"lang\ms_MY\products.lang","unitDM2","dm²","","needs_translation","Direct en_US vs ms_MY gap"
"lang\ms_MY\products.lang","unitDM3","dm³","","needs_translation","Direct en_US vs ms_MY gap"
"lang\ms_MY\products.lang","unitFT","ft","","needs_translation","Direct en_US vs ms_MY gap"
"lang\ms_MY\products.lang","unitFT2","ft²","","needs_translation","Direct en_US vs ms_MY gap"
"lang\ms_MY\products.lang","unitFT3","ft³","","needs_translation","Direct en_US vs ms_MY gap"
"lang\ms_MY\products.lang","unitG","g","","needs_translation","Direct en_US vs ms_MY gap"
"lang\ms_MY\products.lang","unitGAL","gallon","","needs_translation","Direct en_US vs ms_MY gap"
"lang\ms_MY\products.lang","unitgallon","gallon","","needs_translation","Direct en_US vs ms_MY gap"
"lang\ms_MY\products.lang","unitH","Hour","","needs_translation","Direct en_US vs ms_MY gap"
"lang\ms_MY\products.lang","unitIN","in","","needs_translation","Direct en_US vs ms_MY gap"
"lang\ms_MY\products.lang","unitIN2","in²","","needs_translation","Direct en_US vs ms_MY gap"
"lang\ms_MY\products.lang","unitIN3","in³","","needs_translation","Direct en_US vs ms_MY gap"
"lang\ms_MY\products.lang","unitKG","kg","","needs_translation","Direct en_US vs ms_MY gap"
"lang\ms_MY\products.lang","unitL","Liter","","needs_translation","Direct en_US vs ms_MY gap"
"lang\ms_MY\products.lang","unitLB","pound","","needs_translation","Direct en_US vs ms_MY gap"
"lang\ms_MY\products.lang","unitLM","Linear meter","","needs_translation","Direct en_US vs ms_MY gap"
"lang\ms_MY\products.lang","unitM","m","","needs_translation","Direct en_US vs ms_MY gap"
"lang\ms_MY\products.lang","unitM2","m2","","needs_translation","Direct en_US vs ms_MY gap"
"lang\ms_MY\products.lang","unitM3","m3","","needs_translation","Direct en_US vs ms_MY gap"
"lang\ms_MY\products.lang","unitMG","mg","","needs_translation","Direct en_US vs ms_MY gap"
"lang\ms_MY\products.lang","unitMM","mm","","needs_translation","Direct en_US vs ms_MY gap"
"lang\ms_MY\products.lang","unitMM2","mm²","","needs_translation","Direct en_US vs ms_MY gap"
"lang\ms_MY\products.lang","unitMM3","mm³","","needs_translation","Direct en_US vs ms_MY gap"
"lang\ms_MY\products.lang","unitOZ","ounce","","needs_translation","Direct en_US vs ms_MY gap"
"lang\ms_MY\products.lang","unitOZ3","ounce","","needs_translation","Direct en_US vs ms_MY gap"
"lang\ms_MY\products.lang","unitP","Piece","","needs_translation","Direct en_US vs ms_MY gap"
"lang\ms_MY\products.lang","unitSET","Set","","needs_translation","Direct en_US vs ms_MY gap"
"lang\ms_MY\products.lang","unitT","ton","","needs_translation","Direct en_US vs ms_MY gap"
"lang\ms_MY\products.lang","UpdateDefaultPrice","Update default price","","needs_translation","Direct en_US vs ms_MY gap"
"lang\ms_MY\products.lang","UpdatedRecently","Updated recently","","needs_translation","Direct en_US vs ms_MY gap"
"lang\ms_MY\products.lang","UpdateInterval","Update interval (minutes)","","needs_translation","Direct en_US vs ms_MY gap"
"lang\ms_MY\products.lang","UpdateLevelPrices","Update prices for each level","","needs_translation","Direct en_US vs ms_MY gap"
"lang\ms_MY\products.lang","UpdatePrice","Increase/decrease customer price","","needs_translation","Direct en_US vs ms_MY gap"
"lang\ms_MY\products.lang","UpdateVAT","Update VAT","","needs_translation","Direct en_US vs ms_MY gap"
"lang\ms_MY\products.lang","UseBarCodeForProducts","Use barcode for products","","needs_translation","Direct en_US vs ms_MY gap"
"lang\ms_MY\products.lang","UseBarCodeForThirdParties","Use barcode for third parties","","needs_translation","Direct en_US vs ms_MY gap"
"lang\ms_MY\products.lang","UseMultipriceRules","Use price segment rules (defined into product module setup) to auto calculate prices of all other segments according to first segment","","needs_translation","Direct en_US vs ms_MY gap"
"lang\ms_MY\products.lang","UsePercentageVariations","Use percentage variations","","needs_translation","Direct en_US vs ms_MY gap"
"lang\ms_MY\products.lang","UseProductCustomerPackaging","Use the ""%s"" feature to round the quantities to some given multiples (for Sales)","","needs_translation","Direct en_US vs ms_MY gap"
"lang\ms_MY\products.lang","UseProductFournDesc","Add a feature to define the product description defined by the vendors (for each vendor reference) in addition to the description for customers","","needs_translation","Direct en_US vs ms_MY gap"
"lang\ms_MY\products.lang","UseProductSupplierPackaging","Use the ""%s"" feature to round the quantities to some given multiples (for Purchases).","","needs_translation","Direct en_US vs ms_MY gap"
"lang\ms_MY\products.lang","VariableToUpdate","Variable to update","","needs_translation","Direct en_US vs ms_MY gap"
"lang\ms_MY\products.lang","VariantAttributes","Variant attributes","","needs_translation","Direct en_US vs ms_MY gap"
"lang\ms_MY\products.lang","VariantLabelExample","Examples: Color, Size","","needs_translation","Direct en_US vs ms_MY gap"
"lang\ms_MY\products.lang","VariantRefExample","Examples: COL, SIZE","","needs_translation","Direct en_US vs ms_MY gap"
"lang\ms_MY\products.lang","VariantsAbility","Enable Variants (variations of products, for example color, size)","","needs_translation","Direct en_US vs ms_MY gap"
"lang\ms_MY\products.lang","VATRateForSupplierProduct","Tax Rate (for this vendor/product)","","needs_translation","Direct en_US vs ms_MY gap"
"lang\ms_MY\products.lang","VolumeUnits","Volume unit","","needs_translation","Direct en_US vs ms_MY gap"
"lang\ms_MY\products.lang","WarningConvertFromBatchToSerial","If you currently have a quantity higher or equal to 2 for the product, switching to this choice means you will still have a product with different objects of the same batch (while you want a unique serial number). The duplicate will remain until an inventory or a manual stock movement to fix this is done.","","needs_translation","Direct en_US vs ms_MY gap"
"lang\ms_MY\products.lang","WarningLineProductNotToSell","Product or service ""%s"" is not to sell and was cloned","","needs_translation","Direct en_US vs ms_MY gap"
"lang\ms_MY\products.lang","WarningSelectOneDocument","Please select at least one document","","needs_translation","Direct en_US vs ms_MY gap"
"lang\ms_MY\products.lang","WarningTransferBatchStockMouvToGlobal"," If you want to deserialize this product, all its serialized stock will be transformed into global stock","","needs_translation","Direct en_US vs ms_MY gap"
"lang\ms_MY\products.lang","WeightImpact","Weight impact","","needs_translation","Direct en_US vs ms_MY gap"
"lang\ms_MY\products.lang","WeightUnits","Weight unit","","needs_translation","Direct en_US vs ms_MY gap"
"lang\ms_MY\products.lang","WhenProductVirtualOnOptionAreForced","When the option 'Enable Kits' (Product module) is on, some modes for automatic stock decrease or increase may be not available. The other options have no restriction.","","needs_translation","Direct en_US vs ms_MY gap"
"lang\ms_MY\products.lang","WidthUnits","Width unit","","needs_translation","Direct en_US vs ms_MY gap"
"lang\ms_MY\products.lang","WithoutDiscount","Without discount","","needs_translation","Direct en_US vs ms_MY gap"
"lang\ms_MY\projects.lang","ActionsOnProject","Events on project","","needs_translation","Direct en_US vs ms_MY gap"
"lang\ms_MY\projects.lang","Activities","Tasks/activities","","needs_translation","Direct en_US vs ms_MY gap"
"lang\ms_MY\projects.lang","Activity","Activity","","needs_translation","Direct en_US vs ms_MY gap"
"lang\ms_MY\projects.lang","ActivityOnProjectThisMonth","Activity on project this month","","needs_translation","Direct en_US vs ms_MY gap"
"lang\ms_MY\projects.lang","ActivityOnProjectThisWeek","Activity on project this week","","needs_translation","Direct en_US vs ms_MY gap"
"lang\ms_MY\projects.lang","ActivityOnProjectThisYear","Activity on project this year","","needs_translation","Direct en_US vs ms_MY gap"
"lang\ms_MY\projects.lang","ActivityOnProjectToday","Activity on project today","","needs_translation","Direct en_US vs ms_MY gap"
"lang\ms_MY\projects.lang","ActivityOnProjectYesterday","Activity on project yesterday","","needs_translation","Direct en_US vs ms_MY gap"
"lang\ms_MY\projects.lang","AddDetailDateAndDuration","With date and duration into line description","","needs_translation","Direct en_US vs ms_MY gap"
"lang\ms_MY\projects.lang","AddElement","Link to element","","needs_translation","Direct en_US vs ms_MY gap"
"lang\ms_MY\projects.lang","AddHereTimeSpentForDay","Add here time spent for this day/task","","needs_translation","Direct en_US vs ms_MY gap"
"lang\ms_MY\projects.lang","AddHereTimeSpentForWeek","Add here time spent for this week/task","","needs_translation","Direct en_US vs ms_MY gap"
"lang\ms_MY\projects.lang","AddPersonToTask","Add also to tasks","","needs_translation","Direct en_US vs ms_MY gap"
"lang\ms_MY\projects.lang","AddTimeSpent","Create time spent","","needs_translation","Direct en_US vs ms_MY gap"
"lang\ms_MY\projects.lang","AffectedTo","Allocated to","","needs_translation","Direct en_US vs ms_MY gap"
"lang\ms_MY\projects.lang","AllAllowedProjects","All project I can read (mine + public)","","needs_translation","Direct en_US vs ms_MY gap"
"lang\ms_MY\projects.lang","AllowCommentOnProject","Allow user comments on projects","","needs_translation","Direct en_US vs ms_MY gap"
"lang\ms_MY\projects.lang","AllowCommentOnTask","Allow user comments on tasks","","needs_translation","Direct en_US vs ms_MY gap"
"lang\ms_MY\projects.lang","AllowToLinkFromOtherCompany","Allow to link an element with a project of other company<br><br><u>Supported values:</u><br>- Keep empty: Can link elements with any projects in the same company (default)<br>- ""all"": Can link elements with any projects, even projects of other companies<br>- A list of third-party ids separated by commas: can link elements with any projects of these third partys (Example: 123,4795,53)<br>","","needs_translation","Direct en_US vs ms_MY gap"
"lang\ms_MY\projects.lang","AllProjects","All projects","","needs_translation","Direct en_US vs ms_MY gap"
"lang\ms_MY\projects.lang","AllTaskVisibleButEditIfYouAreAssigned","All tasks for qualified projects are visible, but you can enter time only for task assigned to selected user. Assign task if you need to enter time on it.","","needs_translation","Direct en_US vs ms_MY gap"
"lang\ms_MY\projects.lang","AlsoCloseAProject","Also close project","","needs_translation","Direct en_US vs ms_MY gap"
"lang\ms_MY\projects.lang","AlsoCloseAProjectTooltip","Keep it open if you still need to follow production tasks on it","","needs_translation","Direct en_US vs ms_MY gap"
"lang\ms_MY\projects.lang","AssignTask","Assign","","needs_translation","Direct en_US vs ms_MY gap"
"lang\ms_MY\projects.lang","AssignTaskToMe","Assign task to myself","","needs_translation","Direct en_US vs ms_MY gap"
"lang\ms_MY\projects.lang","AssignTaskToUser","Assign task to %s","","needs_translation","Direct en_US vs ms_MY gap"
"lang\ms_MY\projects.lang","Billable"," Billable","","needs_translation","Direct en_US vs ms_MY gap"
"lang\ms_MY\projects.lang","BillTime","Bill the time spent","","needs_translation","Direct en_US vs ms_MY gap"
"lang\ms_MY\projects.lang","BillTimeShort","Bill time","","needs_translation","Direct en_US vs ms_MY gap"
"lang\ms_MY\projects.lang","CantRemoveProject","This project can't be removed as it is referenced by some other objects (invoice, orders or other). See tab '%s'.","","needs_translation","Direct en_US vs ms_MY gap"
"lang\ms_MY\projects.lang","ChildOfProjectTask","Child of project/task","","needs_translation","Direct en_US vs ms_MY gap"
"lang\ms_MY\projects.lang","ChildOfTask","Child of task","","needs_translation","Direct en_US vs ms_MY gap"
"lang\ms_MY\projects.lang","ChooseANotYetAssignedTask","Choose a task not yet assigned to you","","needs_translation","Direct en_US vs ms_MY gap"
"lang\ms_MY\projects.lang","CloneAffectation","Clone assignations","","needs_translation","Direct en_US vs ms_MY gap"
"lang\ms_MY\projects.lang","CloneChanges","Recalculate date of task","","needs_translation","Direct en_US vs ms_MY gap"
"lang\ms_MY\projects.lang","CloneContacts","Clone contacts","","needs_translation","Direct en_US vs ms_MY gap"
"lang\ms_MY\projects.lang","CloneFile","Clone files","","needs_translation","Direct en_US vs ms_MY gap"
"lang\ms_MY\projects.lang","CloneMoveDate","Update project/tasks dates from now?","","needs_translation","Direct en_US vs ms_MY gap"
"lang\ms_MY\projects.lang","CloneNotes","Clone notes","","needs_translation","Direct en_US vs ms_MY gap"
"lang\ms_MY\projects.lang","CloneProgression","Clone progression","","needs_translation","Direct en_US vs ms_MY gap"
"lang\ms_MY\projects.lang","CloneProjectFiles","Clone project joined files","","needs_translation","Direct en_US vs ms_MY gap"
"lang\ms_MY\projects.lang","CloneTaskFiles","Clone task(s) joined files (if task(s) cloned)","","needs_translation","Direct en_US vs ms_MY gap"
"lang\ms_MY\projects.lang","CloneTasks","Clone tasks","","needs_translation","Direct en_US vs ms_MY gap"
"lang\ms_MY\projects.lang","CloneTimes","Clone times","","needs_translation","Direct en_US vs ms_MY gap"
"lang\ms_MY\projects.lang","CloseAProject","Close project","","needs_translation","Direct en_US vs ms_MY gap"
"lang\ms_MY\projects.lang","ClosedProjectsAreHidden","Closed projects are not visible.","","needs_translation","Direct en_US vs ms_MY gap"
"lang\ms_MY\projects.lang","ConfirmCloneProject","Are you sure to clone this project?","","needs_translation","Direct en_US vs ms_MY gap"
"lang\ms_MY\projects.lang","ConfirmCloneTask","Do you want to clone this task?","","needs_translation","Direct en_US vs ms_MY gap"
"lang\ms_MY\projects.lang","ConfirmCloseAProject","Are you sure you want to close this project?","","needs_translation","Direct en_US vs ms_MY gap"
"lang\ms_MY\projects.lang","ConfirmClosed","Confirm task closed","","needs_translation","Direct en_US vs ms_MY gap"
"lang\ms_MY\projects.lang","ConfirmCloseTask","Are you sure you want to close this task ?","","needs_translation","Direct en_US vs ms_MY gap"
"lang\ms_MY\projects.lang","ConfirmDeleteAProject","Are you sure you want to delete this project?","","needs_translation","Direct en_US vs ms_MY gap"
"lang\ms_MY\projects.lang","ConfirmDeleteATask","Are you sure you want to delete this task?","","needs_translation","Direct en_US vs ms_MY gap"
"lang\ms_MY\projects.lang","ConfirmDeleteATimeSpent","Are you sure you want to delete this time spent?","","needs_translation","Direct en_US vs ms_MY gap"
"lang\ms_MY\projects.lang","ConfirmMergeTasks","Are you sure you want to merge the chosen task with the current one? All linked objects (time spent, invoices, ...) will be moved to the current task, after which the chosen task will be deleted.","","needs_translation","Direct en_US vs ms_MY gap"
"lang\ms_MY\projects.lang","ConfirmReOpenAProject","Are you sure you want to re-open this project?","","needs_translation","Direct en_US vs ms_MY gap"
"lang\ms_MY\projects.lang","ConfirmValidateProject","Are you sure you want to validate this project?","","needs_translation","Direct en_US vs ms_MY gap"
"lang\ms_MY\projects.lang","CurentlyOpenedTasks","Currently open tasks","","needs_translation","Direct en_US vs ms_MY gap"
"lang\ms_MY\projects.lang","DeleteAProject","Delete a project","","needs_translation","Direct en_US vs ms_MY gap"
"lang\ms_MY\projects.lang","DeleteATask","Delete a task","","needs_translation","Direct en_US vs ms_MY gap"
"lang\ms_MY\projects.lang","DeleteATimeSpent","Delete time spent","","needs_translation","Direct en_US vs ms_MY gap"
"lang\ms_MY\projects.lang","DocumentModelBaleine","Project document template for tasks","","needs_translation","Direct en_US vs ms_MY gap"
"lang\ms_MY\projects.lang","DocumentModelBeluga","Project document template for linked objects overview","","needs_translation","Direct en_US vs ms_MY gap"
"lang\ms_MY\projects.lang","DocumentModelTimeSpent","Project report template for time spent","","needs_translation","Direct en_US vs ms_MY gap"
"lang\ms_MY\projects.lang","DoNotShowMyTasksOnly","See also tasks not assigned to me","","needs_translation","Direct en_US vs ms_MY gap"
"lang\ms_MY\projects.lang","DontHavePermissionForCloseProject","You do not have permissions to close the project %s","","needs_translation","Direct en_US vs ms_MY gap"
"lang\ms_MY\projects.lang","DontHaveTheValidateStatus","The project %s must be open to be closed","","needs_translation","Direct en_US vs ms_MY gap"
"lang\ms_MY\projects.lang","DurationEffective","Effective duration","","needs_translation","Direct en_US vs ms_MY gap"
"lang\ms_MY\projects.lang","EnablePublicLeadForm","Enable the public form for contact","","needs_translation","Direct en_US vs ms_MY gap"
"lang\ms_MY\projects.lang","EnterUsersHourlyRateFirst","First, enter the hourly rate for the user(s)...","","needs_translation","Direct en_US vs ms_MY gap"
"lang\ms_MY\projects.lang","ErrorPROJECTLEADERRoleMissingRestoreIt","The ""PROJECTLEADER"" role is missing or has been de-activited, please restore in the dictionary of contact types","","needs_translation","Direct en_US vs ms_MY gap"
"lang\ms_MY\projects.lang","ErrorShiftTaskDate","Impossible to shift task date according to new project start date","","needs_translation","Direct en_US vs ms_MY gap"
"lang\ms_MY\projects.lang","ErrorsTaskMerge","An error occurred while merging tasks","","needs_translation","Direct en_US vs ms_MY gap"
"lang\ms_MY\projects.lang","ErrorTaskIdIsMandatory","Error: Task id is mandatory","","needs_translation","Direct en_US vs ms_MY gap"
"lang\ms_MY\projects.lang","ErrorTimeSpentIsEmpty","Time spent is empty","","needs_translation","Direct en_US vs ms_MY gap"
"lang\ms_MY\projects.lang","EventStartOrEndDateNotDefined","Event start or end date not defined","","needs_translation","Direct en_US vs ms_MY gap"
"lang\ms_MY\projects.lang","ExportAccountingReportButtonLabel","Get report","","needs_translation","Direct en_US vs ms_MY gap"
"lang\ms_MY\projects.lang","FirstAddRessourceToAllocateTime","Assign a user resource as contact of project to allocate time","","needs_translation","Direct en_US vs ms_MY gap"
"lang\ms_MY\projects.lang","FormForNewLeadDesc","Thanks to fill the following form to contact us. You can also send us an email directly to <b>%s</b>.","","needs_translation","Direct en_US vs ms_MY gap"
"lang\ms_MY\projects.lang","FormForPublicLeadRegistrationHasNotBeenEnabled","Form for public lead registration has not been enabled","","needs_translation","Direct en_US vs ms_MY gap"
"lang\ms_MY\projects.lang","GanttView","Gantt View","","needs_translation","Direct en_US vs ms_MY gap"
"lang\ms_MY\projects.lang","GoToListOfTimeConsumed","Go to list of time consumed","","needs_translation","Direct en_US vs ms_MY gap"
"lang\ms_MY\projects.lang","IdTaskTime","Id task time","","needs_translation","Direct en_US vs ms_MY gap"
"lang\ms_MY\projects.lang","IfNeedToUseOtherObjectKeepEmpty","If some objects (invoice, order, ...), belonging to another third party, must be linked to the project to create, keep this empty to have the project being multi third parties.","","needs_translation","Direct en_US vs ms_MY gap"
"lang\ms_MY\projects.lang","ImportDatasetProjects","Projects or opportunities","","needs_translation","Direct en_US vs ms_MY gap"
"lang\ms_MY\projects.lang","ImportDatasetTasks","Tasks of projects","","needs_translation","Direct en_US vs ms_MY gap"
"lang\ms_MY\projects.lang","InputDetail","Input detail","","needs_translation","Direct en_US vs ms_MY gap"
"lang\ms_MY\projects.lang","InputPerDay","Input per day","","needs_translation","Direct en_US vs ms_MY gap"
"lang\ms_MY\projects.lang","InputPerMonth","Input per month","","needs_translation","Direct en_US vs ms_MY gap"
"lang\ms_MY\projects.lang","InputPerWeek","Input per week","","needs_translation","Direct en_US vs ms_MY gap"
"lang\ms_MY\projects.lang","InterToUse","Draft intervention to use","","needs_translation","Direct en_US vs ms_MY gap"
"lang\ms_MY\projects.lang","InterventionGeneratedFromTimeSpent","Intervention %s has been generated from time spent on project","","needs_translation","Direct en_US vs ms_MY gap"
"lang\ms_MY\projects.lang","InvoiceGeneratedFromTimeSpent","Invoice %s has been generated from time spent on project","","needs_translation","Direct en_US vs ms_MY gap"
"lang\ms_MY\projects.lang","InvoiceToUse","Draft invoice to use","","needs_translation","Direct en_US vs ms_MY gap"
"lang\ms_MY\projects.lang","LabelTask","Task label","","needs_translation","Direct en_US vs ms_MY gap"
"lang\ms_MY\projects.lang","LatestModifiedProjects","Latest %s modified projects","","needs_translation","Direct en_US vs ms_MY gap"
"lang\ms_MY\projects.lang","LatestProjects","Latest %s projects","","needs_translation","Direct en_US vs ms_MY gap"
"lang\ms_MY\projects.lang","LeadFromPublicForm","Online lead from public form","","needs_translation","Direct en_US vs ms_MY gap"
"lang\ms_MY\projects.lang","LeadPublicFormDesc","You can enable here a public page to allow your prospects to make a first contact to you from a public online form","","needs_translation","Direct en_US vs ms_MY gap"
"lang\ms_MY\projects.lang","LinkedToAnotherCompany","Linked to other third party","","needs_translation","Direct en_US vs ms_MY gap"
"lang\ms_MY\projects.lang","LinkToElementShort","Link to","","needs_translation","Direct en_US vs ms_MY gap"
"lang\ms_MY\projects.lang","ListActionsAssociatedProject","List of events related to the project","","needs_translation","Direct en_US vs ms_MY gap"
"lang\ms_MY\projects.lang","ListContractAssociatedProject","List of contracts related to the project","","needs_translation","Direct en_US vs ms_MY gap"
"lang\ms_MY\projects.lang","ListDonationsAssociatedProject","List of donations related to the project","","needs_translation","Direct en_US vs ms_MY gap"
"lang\ms_MY\projects.lang","ListExpenseReportsAssociatedProject","List of expense reports related to the project","","needs_translation","Direct en_US vs ms_MY gap"
"lang\ms_MY\projects.lang","ListFichinterAssociatedProject","List of interventions related to the project","","needs_translation","Direct en_US vs ms_MY gap"
"lang\ms_MY\projects.lang","ListInvoicesAssociatedProject","List of customer invoices related to the project","","needs_translation","Direct en_US vs ms_MY gap"
"lang\ms_MY\projects.lang","ListMOAssociatedProject","List of manufacturing orders related to the project","","needs_translation","Direct en_US vs ms_MY gap"
"lang\ms_MY\projects.lang","ListOfTasks","List of tasks","","needs_translation","Direct en_US vs ms_MY gap"
"lang\ms_MY\projects.lang","ListOrdersAssociatedProject","List of sales orders related to the project","","needs_translation","Direct en_US vs ms_MY gap"
"lang\ms_MY\projects.lang","ListPredefinedInvoicesAssociatedProject","List of customer template invoices related to the project","","needs_translation","Direct en_US vs ms_MY gap"
"lang\ms_MY\projects.lang","ListProposalsAssociatedProject","List of the commercial proposals related to the project","","needs_translation","Direct en_US vs ms_MY gap"
"lang\ms_MY\projects.lang","ListSalariesAssociatedProject","List of payments of salaries related to the project","","needs_translation","Direct en_US vs ms_MY gap"
"lang\ms_MY\projects.lang","ListShippingAssociatedProject","List of shippings related to the project","","needs_translation","Direct en_US vs ms_MY gap"
"lang\ms_MY\projects.lang","ListSupplierInvoicesAssociatedProject","List of vendor invoices related to the project","","needs_translation","Direct en_US vs ms_MY gap"
"lang\ms_MY\projects.lang","ListSupplierOrdersAssociatedProject","List of purchase orders related to the project","","needs_translation","Direct en_US vs ms_MY gap"
"lang\ms_MY\projects.lang","ListTaskTimeForTask","List of time consumed on task","","needs_translation","Direct en_US vs ms_MY gap"
"lang\ms_MY\projects.lang","ListTaskTimeUserProject","List of time consumed on tasks of project","","needs_translation","Direct en_US vs ms_MY gap"
"lang\ms_MY\projects.lang","ListVariousPaymentsAssociatedProject","List of miscellaneous payments related to the project","","needs_translation","Direct en_US vs ms_MY gap"
"lang\ms_MY\projects.lang","ListWarehouseAssociatedProject","List of warehouses associated to the project","","needs_translation","Direct en_US vs ms_MY gap"
"lang\ms_MY\projects.lang","ManageOpportunitiesStatus","Use projects to follow leads/opportinuties","","needs_translation","Direct en_US vs ms_MY gap"
"lang\ms_MY\projects.lang","ManageTasks","Use projects to follow tasks and/or report time spent (timesheets)","","needs_translation","Direct en_US vs ms_MY gap"
"lang\ms_MY\projects.lang","MergeOriginTask","Duplicated task (the task you want to delete)","","needs_translation","Direct en_US vs ms_MY gap"
"lang\ms_MY\projects.lang","MergeTasks","Merge tasks","","needs_translation","Direct en_US vs ms_MY gap"
"lang\ms_MY\projects.lang","ModuleSalaryToDefineHourlyRateMustBeEnabled","Module 'Salaries' must be enabled to define employee hourly rate to have time spent valorized","","needs_translation","Direct en_US vs ms_MY gap"
"lang\ms_MY\projects.lang","MustBeValidatedToBeSigned","%s must be validated first to be set to Signed.","","needs_translation","Direct en_US vs ms_MY gap"
"lang\ms_MY\projects.lang","MyActivities","My tasks/activities","","needs_translation","Direct en_US vs ms_MY gap"
"lang\ms_MY\projects.lang","MyProjects","My projects","","needs_translation","Direct en_US vs ms_MY gap"
"lang\ms_MY\projects.lang","MyProjectsArea","My projects Area","","needs_translation","Direct en_US vs ms_MY gap"
"lang\ms_MY\projects.lang","MyProjectsDesc","This view is limited to the projects that you are a contact for","","needs_translation","Direct en_US vs ms_MY gap"
"lang\ms_MY\projects.lang","MyTasksDesc","This view is limited to the projects or tasks that you are a contact for","","needs_translation","Direct en_US vs ms_MY gap"
"lang\ms_MY\projects.lang","MyTimeSpent","My time spent","","needs_translation","Direct en_US vs ms_MY gap"
"lang\ms_MY\projects.lang","NbOfProjects","Number of projects","","needs_translation","Direct en_US vs ms_MY gap"
"lang\ms_MY\projects.lang","NbOfTasks","Number of tasks","","needs_translation","Direct en_US vs ms_MY gap"
"lang\ms_MY\projects.lang","NewInter","New intervention","","needs_translation","Direct en_US vs ms_MY gap"
"lang\ms_MY\projects.lang","NewInvoice","New invoice","","needs_translation","Direct en_US vs ms_MY gap"
"lang\ms_MY\projects.lang","NewLeadbyWeb","Your message or request has been recorded. We will answer or contact your soon.","","needs_translation","Direct en_US vs ms_MY gap"
"lang\ms_MY\projects.lang","NewLeadForm","New contact form","","needs_translation","Direct en_US vs ms_MY gap"
"lang\ms_MY\projects.lang","NewTaskRefSuggested","Task ref already used, a new task ref is required","","needs_translation","Direct en_US vs ms_MY gap"
"lang\ms_MY\projects.lang","NewTimeSpent","Time spent","","needs_translation","Direct en_US vs ms_MY gap"
"lang\ms_MY\projects.lang","NoAssignedTasks","No assigned tasks found (assign project/tasks to the current user from the top select box to enter time on it)","","needs_translation","Direct en_US vs ms_MY gap"
"lang\ms_MY\projects.lang","NotAnOpportunityShort","Not a lead","","needs_translation","Direct en_US vs ms_MY gap"
"lang\ms_MY\projects.lang","NoTasks","No tasks for this project","","needs_translation","Direct en_US vs ms_MY gap"
"lang\ms_MY\projects.lang","NotOpenedOpportunitiesShort","Not an open lead","","needs_translation","Direct en_US vs ms_MY gap"
"lang\ms_MY\projects.lang","NotOwnerOfProject","Not owner of this private project","","needs_translation","Direct en_US vs ms_MY gap"
"lang\ms_MY\projects.lang","NoUserAssignedToTheProject","No users assigned to this project","","needs_translation","Direct en_US vs ms_MY gap"
"lang\ms_MY\projects.lang","NumberOfTasksCloned","%s task(s) cloned","","needs_translation","Direct en_US vs ms_MY gap"
"lang\ms_MY\projects.lang","OneLinePerPeriod","One line per period","","needs_translation","Direct en_US vs ms_MY gap"
"lang\ms_MY\projects.lang","OneLinePerTask","One line per task","","needs_translation","Direct en_US vs ms_MY gap"
"lang\ms_MY\projects.lang","OneLinePerTimeSpentLine","One line for each time spent declaration","","needs_translation","Direct en_US vs ms_MY gap"
"lang\ms_MY\projects.lang","OneLinePerUser","One line per user","","needs_translation","Direct en_US vs ms_MY gap"
"lang\ms_MY\projects.lang","OnlyOpenedProject","Only open projects are visible (projects in draft or closed status are not visible).","","needs_translation","Direct en_US vs ms_MY gap"
"lang\ms_MY\projects.lang","OnlyOpportunitiesShort","Only leads","","needs_translation","Direct en_US vs ms_MY gap"
"lang\ms_MY\projects.lang","OnlyYourTaskAreVisible","Only tasks assigned to you are visible. If you need to enter time on a task and if the task is not visible here, then you need to assign the task to yourself.","","needs_translation","Direct en_US vs ms_MY gap"
"lang\ms_MY\projects.lang","OpenedOpportunitiesShort","Open leads","","needs_translation","Direct en_US vs ms_MY gap"
"lang\ms_MY\projects.lang","OpenedProjects","Open projects","","needs_translation","Direct en_US vs ms_MY gap"
"lang\ms_MY\projects.lang","OpenedProjectsByThirdparties","Open projects by third parties","","needs_translation","Direct en_US vs ms_MY gap"
"lang\ms_MY\projects.lang","OpenedProjectsOpportunities","Open opportunities","","needs_translation","Direct en_US vs ms_MY gap"
"lang\ms_MY\projects.lang","OpenedTasks","Open tasks","","needs_translation","Direct en_US vs ms_MY gap"
"lang\ms_MY\projects.lang","Opportunities","Leads","","needs_translation","Direct en_US vs ms_MY gap"
"lang\ms_MY\projects.lang","OpportunitiesStatusForOpenedProjects","Leads amount of open projects by status","","needs_translation","Direct en_US vs ms_MY gap"
"lang\ms_MY\projects.lang","OpportunitiesStatusForProjects","Leads amount of projects by status","","needs_translation","Direct en_US vs ms_MY gap"
"lang\ms_MY\projects.lang","OpportunityAmount","Lead amount","","needs_translation","Direct en_US vs ms_MY gap"
"lang\ms_MY\projects.lang","OpportunityAmountAverageShort","Average lead amount","","needs_translation","Direct en_US vs ms_MY gap"
"lang\ms_MY\projects.lang","OpportunityAmountShort","Lead amount","","needs_translation","Direct en_US vs ms_MY gap"
"lang\ms_MY\projects.lang","OpportunityAmountWeigthedShort","Weighted lead amount","","needs_translation","Direct en_US vs ms_MY gap"
"lang\ms_MY\projects.lang","OpportunityPonderatedAmount","Weighted amount of leads","","needs_translation","Direct en_US vs ms_MY gap"
"lang\ms_MY\projects.lang","OpportunityPonderatedAmountDesc","Leads amount weighted with probability","","needs_translation","Direct en_US vs ms_MY gap"
"lang\ms_MY\projects.lang","OpportunityProbability","Lead probability","","needs_translation","Direct en_US vs ms_MY gap"
"lang\ms_MY\projects.lang","OpportunityProbabilityShort","Lead probab.","","needs_translation","Direct en_US vs ms_MY gap"
"lang\ms_MY\projects.lang","OpportunityStatus","Lead status","","needs_translation","Direct en_US vs ms_MY gap"
"lang\ms_MY\projects.lang","OpportunityStatusShort","Lead status","","needs_translation","Direct en_US vs ms_MY gap"
"lang\ms_MY\projects.lang","OpportunityTotalAmount","Total amount of leads","","needs_translation","Direct en_US vs ms_MY gap"
"lang\ms_MY\projects.lang","OpportunityWeightedAmount","Amount of opportunity, weighted by probability","","needs_translation","Direct en_US vs ms_MY gap"
"lang\ms_MY\projects.lang","OpportunityWeightedAmountShort","Opp. weighted amount","","needs_translation","Direct en_US vs ms_MY gap"
"lang\ms_MY\projects.lang","OppStatusLOST","Lost","","needs_translation","Direct en_US vs ms_MY gap"
"lang\ms_MY\projects.lang","OppStatusNEGO","Negotiation","","needs_translation","Direct en_US vs ms_MY gap"
"lang\ms_MY\projects.lang","OppStatusPENDING","Pending","","needs_translation","Direct en_US vs ms_MY gap"
"lang\ms_MY\projects.lang","OppStatusPROPO","Proposal","","needs_translation","Direct en_US vs ms_MY gap"
"lang\ms_MY\projects.lang","OppStatusPROSP","Prospection","","needs_translation","Direct en_US vs ms_MY gap"
"lang\ms_MY\projects.lang","OppStatusQUAL","Qualification","","needs_translation","Direct en_US vs ms_MY gap"
"lang\ms_MY\projects.lang","OppStatusWON","Won","","needs_translation","Direct en_US vs ms_MY gap"
"lang\ms_MY\projects.lang","OtherFilteredTasks","Other filtered tasks","","needs_translation","Direct en_US vs ms_MY gap"
"lang\ms_MY\projects.lang","OutOfProject","Out of project","","needs_translation","Direct en_US vs ms_MY gap"
"lang\ms_MY\projects.lang","ParentTask","Parent task","","needs_translation","Direct en_US vs ms_MY gap"
"lang\ms_MY\projects.lang","PlannedWorkload","Planned workload","","needs_translation","Direct en_US vs ms_MY gap"
"lang\ms_MY\projects.lang","PlannedWorkloadShort","Workload","","needs_translation","Direct en_US vs ms_MY gap"
"lang\ms_MY\projects.lang","PrivateProject","Assigned contacts","","needs_translation","Direct en_US vs ms_MY gap"
"lang\ms_MY\projects.lang","ProfitIsCalculatedWith","Profit is calculated using","","needs_translation","Direct en_US vs ms_MY gap"
"lang\ms_MY\projects.lang","ProgressCalculated","Progress on consumption","","needs_translation","Direct en_US vs ms_MY gap"
"lang\ms_MY\projects.lang","ProgressDeclared","Declared real progress","","needs_translation","Direct en_US vs ms_MY gap"
"lang\ms_MY\projects.lang","PROJECT_CLASSIFY_CLOSED_WHEN_ALL_TASKS_DONE","Classify project as closed when all its tasks are completed (100%% progress)","","needs_translation","Direct en_US vs ms_MY gap"
"lang\ms_MY\projects.lang","PROJECT_CLASSIFY_CLOSED_WHEN_ALL_TASKS_DONE_help","Note: existing projects with all tasks already set to a progress of 100 %% won't be affected: you will have to close them manually. This option only affects open projects.","","needs_translation","Direct en_US vs ms_MY gap"
"lang\ms_MY\projects.lang","ProjectBillTimeDescription","Check if you enter timesheet on tasks of project AND you plan to generate invoice(s) from the timesheet to bill the customer of the project (do not check if you plan to create invoice that is not based on entered timesheets). Note: To generate invoice, go on tab 'Time spent' of the project and select lines to include.","","needs_translation","Direct en_US vs ms_MY gap"
"lang\ms_MY\projects.lang","ProjectCategories","Project tags/categories","","needs_translation","Direct en_US vs ms_MY gap"
"lang\ms_MY\projects.lang","ProjectContact","Contacts of project","","needs_translation","Direct en_US vs ms_MY gap"
"lang\ms_MY\projects.lang","ProjectContactTypeManager","Assign me as contact with the type","","needs_translation","Direct en_US vs ms_MY gap"
"lang\ms_MY\projects.lang","ProjectCreatedInDolibarr","Project %s created","","needs_translation","Direct en_US vs ms_MY gap"
"lang\ms_MY\projects.lang","ProjectFollowOpportunity","Follow opportunity","","needs_translation","Direct en_US vs ms_MY gap"
"lang\ms_MY\projects.lang","ProjectFollowTasks","Follow tasks or time spent","","needs_translation","Direct en_US vs ms_MY gap"
"lang\ms_MY\projects.lang","ProjectId","Project Id","","needs_translation","Direct en_US vs ms_MY gap"
"lang\ms_MY\projects.lang","ProjectModifiedInDolibarr","Project %s modified","","needs_translation","Direct en_US vs ms_MY gap"
"lang\ms_MY\projects.lang","ProjectMustBeValidatedFirst","Project must be validated first","","needs_translation","Direct en_US vs ms_MY gap"
"lang\ms_MY\projects.lang","ProjectNbProject","Number of projects","","needs_translation","Direct en_US vs ms_MY gap"
"lang\ms_MY\projects.lang","ProjectNbProjectByMonth","No. of created projects by month","","needs_translation","Direct en_US vs ms_MY gap"
"lang\ms_MY\projects.lang","ProjectNbTask","Number of tasks","","needs_translation","Direct en_US vs ms_MY gap"
"lang\ms_MY\projects.lang","ProjectNbTaskByMonth","No. of created tasks by month","","needs_translation","Direct en_US vs ms_MY gap"
"lang\ms_MY\projects.lang","ProjectOpenedProjectByOppStatus","Open project|lead by lead status","","needs_translation","Direct en_US vs ms_MY gap"
"lang\ms_MY\projects.lang","ProjectOppAmountOfProjectsByMonth","Amount of leads by month","","needs_translation","Direct en_US vs ms_MY gap"
"lang\ms_MY\projects.lang","ProjectReferers","Related items","","needs_translation","Direct en_US vs ms_MY gap"
"lang\ms_MY\projects.lang","ProjectReportDate","Change task dates according to new project start date","","needs_translation","Direct en_US vs ms_MY gap"
"lang\ms_MY\projects.lang","ProjectsAndTasksLines","Projects and tasks","","needs_translation","Direct en_US vs ms_MY gap"
"lang\ms_MY\projects.lang","ProjectsArea","Projects Area","","needs_translation","Direct en_US vs ms_MY gap"
"lang\ms_MY\projects.lang","ProjectsDedicatedToThisThirdParty","Projects dedicated to this third party","","needs_translation","Direct en_US vs ms_MY gap"
"lang\ms_MY\projects.lang","ProjectsDesc","This view presents all projects (your user permissions grant you permission to view everything).","","needs_translation","Direct en_US vs ms_MY gap"
"lang\ms_MY\projects.lang","ProjectsHavingThisContact","Projects having this contact","","needs_translation","Direct en_US vs ms_MY gap"
"lang\ms_MY\projects.lang","ProjectsImContactFor","Projects for which I am explicitly a contact","","needs_translation","Direct en_US vs ms_MY gap"
"lang\ms_MY\projects.lang","ProjectsLinkedToThisThirdParty","Projects having a contact that is a contact of the third party","","needs_translation","Direct en_US vs ms_MY gap"
"lang\ms_MY\projects.lang","ProjectsPublicDesc","This view presents all projects you are allowed to read.","","needs_translation","Direct en_US vs ms_MY gap"
"lang\ms_MY\projects.lang","ProjectsPublicTaskDesc","This view presents all projects and tasks you are allowed to read.","","needs_translation","Direct en_US vs ms_MY gap"
"lang\ms_MY\projects.lang","ProjectsStatistics","Statistics on projects or leads","","needs_translation","Direct en_US vs ms_MY gap"
"lang\ms_MY\projects.lang","ProjectsWithThisContact","Projects assigned to this third-party contact","","needs_translation","Direct en_US vs ms_MY gap"
"lang\ms_MY\projects.lang","ProjectsWithThisUserAsContact","Projects assigned to this user","","needs_translation","Direct en_US vs ms_MY gap"
"lang\ms_MY\projects.lang","ProjectTasksWithoutTimeSpent","Project tasks without time spent","","needs_translation","Direct en_US vs ms_MY gap"
"lang\ms_MY\projects.lang","ProjectValidatedInDolibarr","Project %s validated","","needs_translation","Direct en_US vs ms_MY gap"
"lang\ms_MY\projects.lang","ProjectWeightedOppAmountOfProjectsByMonth","Weighted amount of leads by month","","needs_translation","Direct en_US vs ms_MY gap"
"lang\ms_MY\projects.lang","RecordsClosed","%s project(s) closed","","needs_translation","Direct en_US vs ms_MY gap"
"lang\ms_MY\projects.lang","RefProject","Ref. project","","needs_translation","Direct en_US vs ms_MY gap"
"lang\ms_MY\projects.lang","RefTask","Task ref.","","needs_translation","Direct en_US vs ms_MY gap"
"lang\ms_MY\projects.lang","RefTaskParent","Ref. Parent Task","","needs_translation","Direct en_US vs ms_MY gap"
"lang\ms_MY\projects.lang","ReOpenAProject","Open project","","needs_translation","Direct en_US vs ms_MY gap"
"lang\ms_MY\projects.lang","ResourceNotAssignedToProject","Not assigned to project","","needs_translation","Direct en_US vs ms_MY gap"
"lang\ms_MY\projects.lang","ResourceNotAssignedToTheTask","Not assigned to the task","","needs_translation","Direct en_US vs ms_MY gap"
"lang\ms_MY\projects.lang","SelectAProjectFirst","Select a project first...","","needs_translation","Direct en_US vs ms_MY gap"
"lang\ms_MY\projects.lang","SelectElement","Select element","","needs_translation","Direct en_US vs ms_MY gap"
"lang\ms_MY\projects.lang","SelectLinesOfTimeSpentToInvoice","Select lines of time spent that are unbilled, then bulk action ""Generate Invoice"" to bill them","","needs_translation","Direct en_US vs ms_MY gap"
"lang\ms_MY\projects.lang","SelectTaskToAssign","Select a task to assign...","","needs_translation","Direct en_US vs ms_MY gap"
"lang\ms_MY\projects.lang","SendProjectRef","Information project %s","","needs_translation","Direct en_US vs ms_MY gap"
"lang\ms_MY\projects.lang","ServiceToUseOnLines","Service to use on lines by default","","needs_translation","Direct en_US vs ms_MY gap"
"lang\ms_MY\projects.lang","SetProject","Set project","","needs_translation","Direct en_US vs ms_MY gap"
"lang\ms_MY\projects.lang","SetThirdParty","Set third party","","needs_translation","Direct en_US vs ms_MY gap"
"lang\ms_MY\projects.lang","SharedProject","Everybody","","needs_translation","Direct en_US vs ms_MY gap"
"lang\ms_MY\projects.lang","ShowMyTasksOnly","View only tasks assigned to me","","needs_translation","Direct en_US vs ms_MY gap"
"lang\ms_MY\projects.lang","ShowProject","Show project","","needs_translation","Direct en_US vs ms_MY gap"
"lang\ms_MY\projects.lang","ShowTask","Show task","","needs_translation","Direct en_US vs ms_MY gap"
"lang\ms_MY\projects.lang","StartDateCannotBeAfterEndDate","End date cannot be before start date","","needs_translation","Direct en_US vs ms_MY gap"
"lang\ms_MY\projects.lang","TaskAssignedToEnterTime","Task assigned. Entering time on this task should be possible.","","needs_translation","Direct en_US vs ms_MY gap"
"lang\ms_MY\projects.lang","TaskBackToDraft","Task status is back to draft","","needs_translation","Direct en_US vs ms_MY gap"
"lang\ms_MY\projects.lang","TaskContact","Task contacts","","needs_translation","Direct en_US vs ms_MY gap"
"lang\ms_MY\projects.lang","TaskCreatedInDolibarr","Task %s created","","needs_translation","Direct en_US vs ms_MY gap"
"lang\ms_MY\projects.lang","TaskDateEnd","Task end date","","needs_translation","Direct en_US vs ms_MY gap"
"lang\ms_MY\projects.lang","TaskDateStart","Task start date","","needs_translation","Direct en_US vs ms_MY gap"
"lang\ms_MY\projects.lang","TaskDeletedInDolibarr","Task %s deleted","","needs_translation","Direct en_US vs ms_MY gap"
"lang\ms_MY\projects.lang","TaskHasChild","Task has child","","needs_translation","Direct en_US vs ms_MY gap"
"lang\ms_MY\projects.lang","TaskHourlyRateUpdated","Task's hourly rate updated","","needs_translation","Direct en_US vs ms_MY gap"
"lang\ms_MY\projects.lang","TaskId","Task ID","","needs_translation","Direct en_US vs ms_MY gap"
"lang\ms_MY\projects.lang","TaskIsNotAssignedToUser","Task not assigned to user. Use button '<strong>%s</strong>' to assign task now.","","needs_translation","Direct en_US vs ms_MY gap"
"lang\ms_MY\projects.lang","TaskMergeSuccess","Tasks have been merged","","needs_translation","Direct en_US vs ms_MY gap"
"lang\ms_MY\projects.lang","TaskModifiedInDolibarr","Task %s modified","","needs_translation","Direct en_US vs ms_MY gap"
"lang\ms_MY\projects.lang","TaskProgressSummary","Task progress","","needs_translation","Direct en_US vs ms_MY gap"
"lang\ms_MY\projects.lang","TaskReopened","Task reopened","","needs_translation","Direct en_US vs ms_MY gap"
"lang\ms_MY\projects.lang","TaskRessourceLinks","Contacts of task","","needs_translation","Direct en_US vs ms_MY gap"
"lang\ms_MY\projects.lang","TasksAssignedTo","Tasks assigned to","","needs_translation","Direct en_US vs ms_MY gap"
"lang\ms_MY\projects.lang","TasksDesc","This view presents all projects and tasks (your user permissions grant you permission to view everything).","","needs_translation","Direct en_US vs ms_MY gap"
"lang\ms_MY\projects.lang","TasksOnOpenedProject","Tasks on open projects","","needs_translation","Direct en_US vs ms_MY gap"
"lang\ms_MY\projects.lang","TasksOnProjectsDesc","This view presents all tasks on all projects (your user permissions grant you permission to view everything).","","needs_translation","Direct en_US vs ms_MY gap"
"lang\ms_MY\projects.lang","TasksOnProjectsPublicDesc","This view presents all tasks on projects you are allowed to read.","","needs_translation","Direct en_US vs ms_MY gap"
"lang\ms_MY\projects.lang","TasksPublicDesc","This view presents all projects and tasks you are allowed to read.","","needs_translation","Direct en_US vs ms_MY gap"
"lang\ms_MY\projects.lang","TasksStatistics","Statistics on tasks of projects or leads","","needs_translation","Direct en_US vs ms_MY gap"
"lang\ms_MY\projects.lang","TasksWithThisUserAsContact","Tasks assigned to this user","","needs_translation","Direct en_US vs ms_MY gap"
"lang\ms_MY\projects.lang","TaskTimeDate","Date","","needs_translation","Direct en_US vs ms_MY gap"
"lang\ms_MY\projects.lang","TaskTimeNote","Note","","needs_translation","Direct en_US vs ms_MY gap"
"lang\ms_MY\projects.lang","TaskTimeSpent","Time spent on tasks","","needs_translation","Direct en_US vs ms_MY gap"
"lang\ms_MY\projects.lang","TaskTimeUser","User","","needs_translation","Direct en_US vs ms_MY gap"
"lang\ms_MY\projects.lang","TheReportedProgressIsLessThanTheCalculatedProgressionByX","The declared real progress is less %s than the progress on consumption","","needs_translation","Direct en_US vs ms_MY gap"
"lang\ms_MY\projects.lang","TheReportedProgressIsMoreThanTheCalculatedProgressionByX","The declared real progress is more %s than the progress on consumption","","needs_translation","Direct en_US vs ms_MY gap"
"lang\ms_MY\projects.lang","ThirdPartyRequiredToGenerateIntervention","A third party must be defined on project to be able to create intervention.","","needs_translation","Direct en_US vs ms_MY gap"
"lang\ms_MY\projects.lang","ThirdPartyRequiredToGenerateInvoice","A third party must be defined on project to be able to invoice it.","","needs_translation","Direct en_US vs ms_MY gap"
"lang\ms_MY\projects.lang","ThisContactHasAUser","Warning, you must assign the associated user of this contact (the user '%s', and not the contact '%s') if you want to give access permission on this object to the respective user contact.","","needs_translation","Direct en_US vs ms_MY gap"
"lang\ms_MY\projects.lang","ThisWillAlsoRemoveTasks","This action will also delete all tasks of project (<b>%s</b> tasks at the moment) and all inputs of time spent.","","needs_translation","Direct en_US vs ms_MY gap"
"lang\ms_MY\projects.lang","Time","Time","","needs_translation","Direct en_US vs ms_MY gap"
"lang\ms_MY\projects.lang","TimeAlreadyRecorded","This is time spent already recorded for this task/day and user %s","","needs_translation","Direct en_US vs ms_MY gap"
"lang\ms_MY\projects.lang","TimeBilled","Time billed","","needs_translation","Direct en_US vs ms_MY gap"
"lang\ms_MY\projects.lang","TimeConsumed","Consumed","","needs_translation","Direct en_US vs ms_MY gap"
"lang\ms_MY\projects.lang","TimeEntry","Time tracking","","needs_translation","Direct en_US vs ms_MY gap"
"lang\ms_MY\projects.lang","TimeRecordingRestrictedToNMonthsBack","Time recording is restricted to %s months back","","needs_translation","Direct en_US vs ms_MY gap"
"lang\ms_MY\projects.lang","TimeSpent","Time spent","","needs_translation","Direct en_US vs ms_MY gap"
"lang\ms_MY\projects.lang","TimeSpentBy","Time spent by","","needs_translation","Direct en_US vs ms_MY gap"
"lang\ms_MY\projects.lang","TimeSpentByUser","Time spent by user","","needs_translation","Direct en_US vs ms_MY gap"
"lang\ms_MY\projects.lang","TimeSpentByYou","Time spent by you","","needs_translation","Direct en_US vs ms_MY gap"
"lang\ms_MY\projects.lang","TimeSpentForIntervention","Time spent","","needs_translation","Direct en_US vs ms_MY gap"
"lang\ms_MY\projects.lang","TimeSpentForInvoice","Time spent","","needs_translation","Direct en_US vs ms_MY gap"
"lang\ms_MY\projects.lang","TimeSpentInvoiced","Time spent billed","","needs_translation","Direct en_US vs ms_MY gap"
"lang\ms_MY\projects.lang","TimeSpentSmall","Time spent","","needs_translation","Direct en_US vs ms_MY gap"
"lang\ms_MY\projects.lang","TimeToBill","Time not billed","","needs_translation","Direct en_US vs ms_MY gap"
"lang\ms_MY\projects.lang","TypeContact_project_external_PROJECTCONTRIBUTOR","Contributor","","needs_translation","Direct en_US vs ms_MY gap"
"lang\ms_MY\projects.lang","TypeContact_project_external_PROJECTLEADER","Project leader","","needs_translation","Direct en_US vs ms_MY gap"
"lang\ms_MY\projects.lang","TypeContact_project_internal_PROJECTCONTRIBUTOR","Contributor","","needs_translation","Direct en_US vs ms_MY gap"
"lang\ms_MY\projects.lang","TypeContact_project_internal_PROJECTLEADER","Project leader","","needs_translation","Direct en_US vs ms_MY gap"
"lang\ms_MY\projects.lang","TypeContact_project_task_external_TASKCONTRIBUTOR","Contributor","","needs_translation","Direct en_US vs ms_MY gap"
"lang\ms_MY\projects.lang","TypeContact_project_task_external_TASKEXECUTIVE","Task executive","","needs_translation","Direct en_US vs ms_MY gap"
"lang\ms_MY\projects.lang","TypeContact_project_task_internal_TASKCONTRIBUTOR","Contributor","","needs_translation","Direct en_US vs ms_MY gap"
"lang\ms_MY\projects.lang","TypeContact_project_task_internal_TASKEXECUTIVE","Task executive","","needs_translation","Direct en_US vs ms_MY gap"
"lang\ms_MY\projects.lang","UpdateUndefinedWithLastHourlyRate","Update the time spent that has no hourly rate defined with the last hourly rate of the user","","needs_translation","Direct en_US vs ms_MY gap"
"lang\ms_MY\projects.lang","UpdateWithLastHourlyRate","Update all recorded time spent of each user with the last hourly rate of the user","","needs_translation","Direct en_US vs ms_MY gap"
"lang\ms_MY\projects.lang","Usage","Usage","","needs_translation","Direct en_US vs ms_MY gap"
"lang\ms_MY\projects.lang","UsageBillTimeShort","Usage: Bill time","","needs_translation","Direct en_US vs ms_MY gap"
"lang\ms_MY\projects.lang","UsageOpportunity","Usage: Opportunity","","needs_translation","Direct en_US vs ms_MY gap"
"lang\ms_MY\projects.lang","UsageOrganizeEvent","Usage: Event Organization","","needs_translation","Direct en_US vs ms_MY gap"
"lang\ms_MY\projects.lang","UsageTasks","Usage: Tasks","","needs_translation","Direct en_US vs ms_MY gap"
"lang\ms_MY\projects.lang","UserIsNotContactOfProject","User is not a contact of this private project","","needs_translation","Direct en_US vs ms_MY gap"
"lang\ms_MY\projects.lang","WhichIamLinkedTo","which I'm linked to","","needs_translation","Direct en_US vs ms_MY gap"
"lang\ms_MY\projects.lang","WhichIamLinkedToProject","which I'm linked to project","","needs_translation","Direct en_US vs ms_MY gap"
"lang\ms_MY\projects.lang","WonLostExcluded","Won/Lost excluded","","needs_translation","Direct en_US vs ms_MY gap"
"lang\ms_MY\projects.lang","WorkloadNotDefined","Workload not defined","","needs_translation","Direct en_US vs ms_MY gap"
"lang\ms_MY\projects.lang","YouAreNotContactOfProject","You are not a contact of this private project","","needs_translation","Direct en_US vs ms_MY gap"
"lang\ms_MY\projects.lang","YouCanCompleteRef","If you want to complete the ref with some suffix, it is recommended to add a - character to separate it, so the automatic numbering will still work correctly for next projects. For example %s-MYSUFFIX","","needs_translation","Direct en_US vs ms_MY gap"
"lang\ms_MY\stocks.lang","AddInventoryProduct","Add product to inventory","","needs_translation","Direct en_US vs ms_MY gap"
"lang\ms_MY\stocks.lang","AddNewProductStockWarehouse","Set new limit for alert and desired optimal stock","","needs_translation","Direct en_US vs ms_MY gap"
"lang\ms_MY\stocks.lang","AddOne","Add one","","needs_translation","Direct en_US vs ms_MY gap"
"lang\ms_MY\stocks.lang","AddProduct","Add","","needs_translation","Direct en_US vs ms_MY gap"
"lang\ms_MY\stocks.lang","AddStockAllProduct","Increase of stocks","","needs_translation","Direct en_US vs ms_MY gap"
"lang\ms_MY\stocks.lang","AddStockAllProductCancel","Cancel increase of stocks","","needs_translation","Direct en_US vs ms_MY gap"
"lang\ms_MY\stocks.lang","AddStockLocationLine","Decrease quantity then click to split the line","","needs_translation","Direct en_US vs ms_MY gap"
"lang\ms_MY\stocks.lang","AddWarehouse","Create warehouse","","needs_translation","Direct en_US vs ms_MY gap"
"lang\ms_MY\stocks.lang","AlertOnly"," Alerts only","","needs_translation","Direct en_US vs ms_MY gap"
"lang\ms_MY\stocks.lang","AllowAddLimitStockByWarehouse","Manage also value for minimum and desired stock per pairing (product-warehouse) in addition to the value for minimum and desired stock per product","","needs_translation","Direct en_US vs ms_MY gap"
"lang\ms_MY\stocks.lang","AllWarehouses","All warehouses","","needs_translation","Direct en_US vs ms_MY gap"
"lang\ms_MY\stocks.lang","AlwaysShowFullArbo","Display the full path of a warehouse (parent warehouses) on the popup of warehouse links (Warning: This may decrease dramatically performances)","","needs_translation","Direct en_US vs ms_MY gap"
"lang\ms_MY\stocks.lang","ApplyPMP","Apply PMP","","needs_translation","Direct en_US vs ms_MY gap"
"lang\ms_MY\stocks.lang","AutofillWithExpected","Fill real quantity with expected quantity","","needs_translation","Direct en_US vs ms_MY gap"
"lang\ms_MY\stocks.lang","AverageUnitPricePMPDesc","The input average unit price paid to get 1 unit of product into the stock","","needs_translation","Direct en_US vs ms_MY gap"
"lang\ms_MY\stocks.lang","AverageUnitPricePMPShort","Weighted average price","","needs_translation","Direct en_US vs ms_MY gap"
"lang\ms_MY\stocks.lang","BatchNotFound","Lot / serial not found for this product","","needs_translation","Direct en_US vs ms_MY gap"
"lang\ms_MY\stocks.lang","BatchStockMouvementAddInGlobal","Batch stock move into global stock (product doesn't use batch anymore)","","needs_translation","Direct en_US vs ms_MY gap"
"lang\ms_MY\stocks.lang","CancelSending","Cancel shipment","","needs_translation","Direct en_US vs ms_MY gap"
"lang\ms_MY\stocks.lang","ChooseFileToImport","Upload file then click on the %s icon to select file as source import file...","","needs_translation","Direct en_US vs ms_MY gap"
"lang\ms_MY\stocks.lang","ClearQtys","Clear all quantities","","needs_translation","Direct en_US vs ms_MY gap"
"lang\ms_MY\stocks.lang","CollapseBatchDetailHelp","You can set batch detail default display in stocks module configuration","","needs_translation","Direct en_US vs ms_MY gap"
"lang\ms_MY\stocks.lang","ColumnNewPMP","New unit PMP","","needs_translation","Direct en_US vs ms_MY gap"
"lang\ms_MY\stocks.lang","ConfirmAddStock","Increase stocks with transfer %s","","needs_translation","Direct en_US vs ms_MY gap"
"lang\ms_MY\stocks.lang","ConfirmAddStockCancel","Cancel increase of stocks with transfer %s","","needs_translation","Direct en_US vs ms_MY gap"
"lang\ms_MY\stocks.lang","ConfirmDeleteBatch","Are you sure you want to delete lot/serial ?","","needs_translation","Direct en_US vs ms_MY gap"
"lang\ms_MY\stocks.lang","ConfirmDeleteWarehouse","Are you sure you want to delete the warehouse <b>%s</b>?","","needs_translation","Direct en_US vs ms_MY gap"
"lang\ms_MY\stocks.lang","ConfirmDestock","Decrease of stocks with transfer %s","","needs_translation","Direct en_US vs ms_MY gap"
"lang\ms_MY\stocks.lang","ConfirmDestockCancel","Cancel decrease of stocks with transfer %s","","needs_translation","Direct en_US vs ms_MY gap"
"lang\ms_MY\stocks.lang","ConfirmFinish","Do you confirm the closing of the inventory ? This will generate all stock movements to update your stock to the real qty you entered into the inventory.","","needs_translation","Direct en_US vs ms_MY gap"
"lang\ms_MY\stocks.lang","ConfirmFlushInventory","Do you confirm this action?","","needs_translation","Direct en_US vs ms_MY gap"
"lang\ms_MY\stocks.lang","ConfirmValidateStockTransfer","Are you sure you want to validate this stocks transfer with the reference <b>%s</b> ?","","needs_translation","Direct en_US vs ms_MY gap"
"lang\ms_MY\stocks.lang","CorrectStock","Correct stock","","needs_translation","Direct en_US vs ms_MY gap"
"lang\ms_MY\stocks.lang","CurentlyUsingPhysicalStock","Physical stock","","needs_translation","Direct en_US vs ms_MY gap"
"lang\ms_MY\stocks.lang","CurentlyUsingVirtualStock","Virtual stock","","needs_translation","Direct en_US vs ms_MY gap"
"lang\ms_MY\stocks.lang","CurentSelectionMode","Current selection mode","","needs_translation","Direct en_US vs ms_MY gap"
"lang\ms_MY\stocks.lang","CurrentPA","Current BP","","needs_translation","Direct en_US vs ms_MY gap"
"lang\ms_MY\stocks.lang","CurrentStock","Current stock","","needs_translation","Direct en_US vs ms_MY gap"
"lang\ms_MY\stocks.lang","DateInventory","Inventory date","","needs_translation","Direct en_US vs ms_MY gap"
"lang\ms_MY\stocks.lang","DateMovement","Date of movement","","needs_translation","Direct en_US vs ms_MY gap"
"lang\ms_MY\stocks.lang","DatePrevueArrivee","Intended date of arrival","","needs_translation","Direct en_US vs ms_MY gap"
"lang\ms_MY\stocks.lang","DatePrevueDepart","Intended date of departure","","needs_translation","Direct en_US vs ms_MY gap"
"lang\ms_MY\stocks.lang","DateReelleArrivee","Real date of arrival","","needs_translation","Direct en_US vs ms_MY gap"
"lang\ms_MY\stocks.lang","DateReelleDepart","Real date of departure","","needs_translation","Direct en_US vs ms_MY gap"
"lang\ms_MY\stocks.lang","DeleteAWarehouse","Delete a warehouse","","needs_translation","Direct en_US vs ms_MY gap"
"lang\ms_MY\stocks.lang","DeleteBatch","Delete lot/serial","","needs_translation","Direct en_US vs ms_MY gap"
"lang\ms_MY\stocks.lang","DeleteSending","Delete shipment","","needs_translation","Direct en_US vs ms_MY gap"
"lang\ms_MY\stocks.lang","DescWareHouse","Description warehouse","","needs_translation","Direct en_US vs ms_MY gap"
"lang\ms_MY\stocks.lang","DesiredStock","Desired Stock","","needs_translation","Direct en_US vs ms_MY gap"
"lang\ms_MY\stocks.lang","DesiredStockDesc","This stock amount will be the value used to fill the stock by replenishment feature.","","needs_translation","Direct en_US vs ms_MY gap"
"lang\ms_MY\stocks.lang","DestockAllProduct","Decrease of stocks","","needs_translation","Direct en_US vs ms_MY gap"
"lang\ms_MY\stocks.lang","DestockAllProductCancel","Cancel decrease of stocks","","needs_translation","Direct en_US vs ms_MY gap"
"lang\ms_MY\stocks.lang","DeStockOnBill","Decrease real stocks on validation of customer invoice/credit note","","needs_translation","Direct en_US vs ms_MY gap"
"lang\ms_MY\stocks.lang","DeStockOnShipment","Decrease real stocks on shipping validation","","needs_translation","Direct en_US vs ms_MY gap"
"lang\ms_MY\stocks.lang","DeStockOnShipmentOnClosing","Decrease real stocks when shipping is set to closed","","needs_translation","Direct en_US vs ms_MY gap"
"lang\ms_MY\stocks.lang","DeStockOnValidateOrder","Decrease real stocks on validation of sales order","","needs_translation","Direct en_US vs ms_MY gap"
"lang\ms_MY\stocks.lang","DisableStockChangeOfSubProduct","Deactivate the stock change for all the subproducts of this Kit during this movement.","","needs_translation","Direct en_US vs ms_MY gap"
"lang\ms_MY\stocks.lang","DispatchVerb","Dispatch","","needs_translation","Direct en_US vs ms_MY gap"
"lang\ms_MY\stocks.lang","EnhancedValue","Value","","needs_translation","Direct en_US vs ms_MY gap"
"lang\ms_MY\stocks.lang","EnhancedValueOfWarehouses","Warehouses value","","needs_translation","Direct en_US vs ms_MY gap"
"lang\ms_MY\stocks.lang","ErrorBarcodeNotFoundForProductWarehouse","Error: barcode not found for product warehouse","","needs_translation","Direct en_US vs ms_MY gap"
"lang\ms_MY\stocks.lang","ErrorCantFindCodeInInventory","Can't find the following code in inventory","","needs_translation","Direct en_US vs ms_MY gap"
"lang\ms_MY\stocks.lang","ErrorCodeScannedIsBothProductAndSerial","Error: code scanned is both product and serial","","needs_translation","Direct en_US vs ms_MY gap"
"lang\ms_MY\stocks.lang","ErrorOnElementsInventory","Operation canceled for the following reason:","","needs_translation","Direct en_US vs ms_MY gap"
"lang\ms_MY\stocks.lang","ErrorSameBatchNumber","Several records for the batch number were found in the inventory sheet. No way to know which one to increase.","","needs_translation","Direct en_US vs ms_MY gap"
"lang\ms_MY\stocks.lang","ErrorWarehouseRefRequired","Warehouse reference name is required","","needs_translation","Direct en_US vs ms_MY gap"
"lang\ms_MY\stocks.lang","ErrorWrongBarcodemode","Unknown Barcode mode","","needs_translation","Direct en_US vs ms_MY gap"
"lang\ms_MY\stocks.lang","EstimatedStockValue","Input stock value","","needs_translation","Direct en_US vs ms_MY gap"
"lang\ms_MY\stocks.lang","EstimatedStockValueSell","Value for sell","","needs_translation","Direct en_US vs ms_MY gap"
"lang\ms_MY\stocks.lang","EstimatedStockValueSellShort","Value for sell","","needs_translation","Direct en_US vs ms_MY gap"
"lang\ms_MY\stocks.lang","EstimatedStockValueShort","Input stock value","","needs_translation","Direct en_US vs ms_MY gap"
"lang\ms_MY\stocks.lang","ExitEditMode","Exit edit mode","","needs_translation","Direct en_US vs ms_MY gap"
"lang\ms_MY\stocks.lang","ExternalWarehouse","External warehouse","","needs_translation","Direct en_US vs ms_MY gap"
"lang\ms_MY\stocks.lang","FlushInventory","Flush inventory","","needs_translation","Direct en_US vs ms_MY gap"
"lang\ms_MY\stocks.lang","ForceTo","Force to","","needs_translation","Direct en_US vs ms_MY gap"
"lang\ms_MY\stocks.lang","ForThisWarehouse","For this warehouse","","needs_translation","Direct en_US vs ms_MY gap"
"lang\ms_MY\stocks.lang","HelpWarehouseStockTransferDestination","If this warehouse is set, only itself and its children will be available as destination warehouse","","needs_translation","Direct en_US vs ms_MY gap"
"lang\ms_MY\stocks.lang","HelpWarehouseStockTransferSource","If this warehouse is set, only itself and its children will be available as source warehouse","","needs_translation","Direct en_US vs ms_MY gap"
"lang\ms_MY\stocks.lang","IdWarehouse","Id warehouse","","needs_translation","Direct en_US vs ms_MY gap"
"lang\ms_MY\stocks.lang","ImportFromCSV","Import CSV list of movement","","needs_translation","Direct en_US vs ms_MY gap"
"lang\ms_MY\stocks.lang","IncludeAlsoDraftOrders","Include also draft orders","","needs_translation","Direct en_US vs ms_MY gap"
"lang\ms_MY\stocks.lang","IncludeEmptyDesiredStock","Include also negative stock with undefined desired stock","","needs_translation","Direct en_US vs ms_MY gap"
"lang\ms_MY\stocks.lang","IncludeProductWithUndefinedAlerts"," Include also negative stock for products with no desired quantity defined, to restore them to 0","","needs_translation","Direct en_US vs ms_MY gap"
"lang\ms_MY\stocks.lang","IncludeSubWarehouse","Include sub-warehouse ?","","needs_translation","Direct en_US vs ms_MY gap"
"lang\ms_MY\stocks.lang","IncludeSubWarehouseExplanation","Check this box if you want to include all sub-warehouses of the associated warehouse in the inventory","","needs_translation","Direct en_US vs ms_MY gap"
"lang\ms_MY\stocks.lang","IndependantSubProductStock","Product stock and subproduct stock are independent","","needs_translation","Direct en_US vs ms_MY gap"
"lang\ms_MY\stocks.lang","InfoTemplateImport","Uploaded file needs to have this format (* are mandatory fields):<br>Source Warehouse* | Target Warehouse* | Product* | Quantity* | Lot/serial number<br>CSV character separator must be ""<b>%s</b>""","","needs_translation","Direct en_US vs ms_MY gap"
"lang\ms_MY\stocks.lang","InternalWarehouse","Internal warehouse","","needs_translation","Direct en_US vs ms_MY gap"
"lang\ms_MY\stocks.lang","INVENTORY_USE_INVENTORY_DATE_FOR_DATE_OF_MVT","Stock movements will have the date of inventory (instead of the date of inventory validation)","","needs_translation","Direct en_US vs ms_MY gap"
"lang\ms_MY\stocks.lang","inventoryChangePMPPermission","Allow to change PMP value for a product","","needs_translation","Direct en_US vs ms_MY gap"
"lang\ms_MY\stocks.lang","InventoryCode","Movement or inventory code","","needs_translation","Direct en_US vs ms_MY gap"
"lang\ms_MY\stocks.lang","InventoryCodeShort","Inv./Mov. code","","needs_translation","Direct en_US vs ms_MY gap"
"lang\ms_MY\stocks.lang","inventoryConfirmCreate","Create","","needs_translation","Direct en_US vs ms_MY gap"
"lang\ms_MY\stocks.lang","inventoryCreate","Create new","","needs_translation","Direct en_US vs ms_MY gap"
"lang\ms_MY\stocks.lang","inventoryCreateDelete","Create/Delete inventory","","needs_translation","Direct en_US vs ms_MY gap"
"lang\ms_MY\stocks.lang","inventoryCreatePermission","Create new inventory","","needs_translation","Direct en_US vs ms_MY gap"
"lang\ms_MY\stocks.lang","InventoryDate","Inventory date","","needs_translation","Direct en_US vs ms_MY gap"
"lang\ms_MY\stocks.lang","inventoryDeleteLine","Delete line","","needs_translation","Direct en_US vs ms_MY gap"
"lang\ms_MY\stocks.lang","inventoryDeletePermission","Delete inventory","","needs_translation","Direct en_US vs ms_MY gap"
"lang\ms_MY\stocks.lang","inventoryDraft","Running","","needs_translation","Direct en_US vs ms_MY gap"
"lang\ms_MY\stocks.lang","inventoryEdit","Edit","","needs_translation","Direct en_US vs ms_MY gap"
"lang\ms_MY\stocks.lang","InventoryEntrepot","Warehouse identity","","needs_translation","Direct en_US vs ms_MY gap"
"lang\ms_MY\stocks.lang","inventoryErrorQtyAdd","Error: one quantity is less than zero","","needs_translation","Direct en_US vs ms_MY gap"
"lang\ms_MY\stocks.lang","InventoryFlushed","Inventory flushed","","needs_translation","Direct en_US vs ms_MY gap"
"lang\ms_MY\stocks.lang","InventoryForASpecificProduct","Inventory for a specific product","","needs_translation","Direct en_US vs ms_MY gap"
"lang\ms_MY\stocks.lang","InventoryForASpecificWarehouse","Inventory for a specific warehouse","","needs_translation","Direct en_US vs ms_MY gap"
"lang\ms_MY\stocks.lang","InventoryId","Inventory id","","needs_translation","Direct en_US vs ms_MY gap"
"lang\ms_MY\stocks.lang","InventoryLine","Inventory line","","needs_translation","Direct en_US vs ms_MY gap"
"lang\ms_MY\stocks.lang","InventoryLineId","Inventory line ID","","needs_translation","Direct en_US vs ms_MY gap"
"lang\ms_MY\stocks.lang","inventoryListEmpty","No inventory in progress","","needs_translation","Direct en_US vs ms_MY gap"
"lang\ms_MY\stocks.lang","inventoryListTitle","Inventories","","needs_translation","Direct en_US vs ms_MY gap"
"lang\ms_MY\stocks.lang","inventoryMvtStock","By inventory","","needs_translation","Direct en_US vs ms_MY gap"
"lang\ms_MY\stocks.lang","inventoryOfWarehouse","Inventory for warehouse: %s","","needs_translation","Direct en_US vs ms_MY gap"
"lang\ms_MY\stocks.lang","inventoryOnDate","Inventory","","needs_translation","Direct en_US vs ms_MY gap"
"lang\ms_MY\stocks.lang","inventoryReadPermission","View inventories","","needs_translation","Direct en_US vs ms_MY gap"
"lang\ms_MY\stocks.lang","InventoryRealQtyHelp","The quantity you found in stock when making the inventory. Set value to 0 to reset qty<br>Keep field empty, or remove line, to keep unchanged","","needs_translation","Direct en_US vs ms_MY gap"
"lang\ms_MY\stocks.lang","InventoryRef","Inventory ref","","needs_translation","Direct en_US vs ms_MY gap"
"lang\ms_MY\stocks.lang","inventorySelectWarehouse","Warehouse choice","","needs_translation","Direct en_US vs ms_MY gap"
"lang\ms_MY\stocks.lang","inventorySetup"," Inventory Setup","","needs_translation","Direct en_US vs ms_MY gap"
"lang\ms_MY\stocks.lang","InventoryStartedShort","Started","","needs_translation","Direct en_US vs ms_MY gap"
"lang\ms_MY\stocks.lang","InventoryStatus","Inventory status","","needs_translation","Direct en_US vs ms_MY gap"
"lang\ms_MY\stocks.lang","inventoryTitle","Inventory","","needs_translation","Direct en_US vs ms_MY gap"
"lang\ms_MY\stocks.lang","inventoryValidate","Validated","","needs_translation","Direct en_US vs ms_MY gap"
"lang\ms_MY\stocks.lang","inventoryValidatePermission","Validate inventory","","needs_translation","Direct en_US vs ms_MY gap"
"lang\ms_MY\stocks.lang","inventoryWarningProductAlreadyExists","This product is already into list","","needs_translation","Direct en_US vs ms_MY gap"
"lang\ms_MY\stocks.lang","inventoryWritePermission","Update inventories","","needs_translation","Direct en_US vs ms_MY gap"
"lang\ms_MY\stocks.lang","IsInPackage","Contained into package","","needs_translation","Direct en_US vs ms_MY gap"
"lang\ms_MY\stocks.lang","LabelMovement","Label movement","","needs_translation","Direct en_US vs ms_MY gap"
"lang\ms_MY\stocks.lang","LabelOfInventoryMovemement","Inventory %s","","needs_translation","Direct en_US vs ms_MY gap"
"lang\ms_MY\stocks.lang","LastMovement","Latest movement","","needs_translation","Direct en_US vs ms_MY gap"
"lang\ms_MY\stocks.lang","LastMovements","Latest movements","","needs_translation","Direct en_US vs ms_MY gap"
"lang\ms_MY\stocks.lang","LastPA","Last BP","","needs_translation","Direct en_US vs ms_MY gap"
"lang\ms_MY\stocks.lang","LatestModifiedWarehouses","Latest %s modified warehouses","","needs_translation","Direct en_US vs ms_MY gap"
"lang\ms_MY\stocks.lang","LatestStockMovements","Latest %s stock movements","","needs_translation","Direct en_US vs ms_MY gap"
"lang\ms_MY\stocks.lang","LeadTimeForWarning","Lead time before alert (in days)","","needs_translation","Direct en_US vs ms_MY gap"
"lang\ms_MY\stocks.lang","LieuWareHouse","Localisation warehouse","","needs_translation","Direct en_US vs ms_MY gap"
"lang\ms_MY\stocks.lang","ListInventory","List","","needs_translation","Direct en_US vs ms_MY gap"
"lang\ms_MY\stocks.lang","ListMouvementStockProject","List of stock movements associated to project","","needs_translation","Direct en_US vs ms_MY gap"
"lang\ms_MY\stocks.lang","Location","Location","","needs_translation","Direct en_US vs ms_MY gap"
"lang\ms_MY\stocks.lang","LocationSummary","Short name of location","","needs_translation","Direct en_US vs ms_MY gap"
"lang\ms_MY\stocks.lang","LotSerial","Lots/Serials","","needs_translation","Direct en_US vs ms_MY gap"
"lang\ms_MY\stocks.lang","LotSerialList","List of lot/serials","","needs_translation","Direct en_US vs ms_MY gap"
"lang\ms_MY\stocks.lang","MainDefaultWarehouse","Default warehouse","","needs_translation","Direct en_US vs ms_MY gap"
"lang\ms_MY\stocks.lang","MainDefaultWarehouseUser","Use a default warehouse for each user","","needs_translation","Direct en_US vs ms_MY gap"
"lang\ms_MY\stocks.lang","MainDefaultWarehouseUserDesc","By activating this option, during creation of a product, the warehouse assigned to the product will be defined on this one. If no warehouse is defined on the user, the default warehouse is defined.","","needs_translation","Direct en_US vs ms_MY gap"
"lang\ms_MY\stocks.lang","MakeMovementsAndClose","Generate movements and close","","needs_translation","Direct en_US vs ms_MY gap"
"lang\ms_MY\stocks.lang","MassMovement","Mass movement","","needs_translation","Direct en_US vs ms_MY gap"
"lang\ms_MY\stocks.lang","MassStockTransferShort","Bulk stock change","","needs_translation","Direct en_US vs ms_MY gap"
"lang\ms_MY\stocks.lang","MenuNewWarehouse","New warehouse","","needs_translation","Direct en_US vs ms_MY gap"
"lang\ms_MY\stocks.lang","MissingStocks","Missing stocks","","needs_translation","Direct en_US vs ms_MY gap"
"lang\ms_MY\stocks.lang","ModuleStockTransferDesc","Advanced management of Stock Transfer, with generation of transfer sheet","","needs_translation","Direct en_US vs ms_MY gap"
"lang\ms_MY\stocks.lang","ModuleStockTransferName","Advanced Stock Transfer","","needs_translation","Direct en_US vs ms_MY gap"
"lang\ms_MY\stocks.lang","MovementCorrectStock","Stock correction for product %s","","needs_translation","Direct en_US vs ms_MY gap"
"lang\ms_MY\stocks.lang","MovementId","Movement ID","","needs_translation","Direct en_US vs ms_MY gap"
"lang\ms_MY\stocks.lang","MovementLabel","Label of movement","","needs_translation","Direct en_US vs ms_MY gap"
"lang\ms_MY\stocks.lang","Movements","Movements","","needs_translation","Direct en_US vs ms_MY gap"
"lang\ms_MY\stocks.lang","MovementsSinceDate","Movements since the date","","needs_translation","Direct en_US vs ms_MY gap"
"lang\ms_MY\stocks.lang","MovementTransferStock","Stock transfer of product %s into another warehouse","","needs_translation","Direct en_US vs ms_MY gap"
"lang\ms_MY\stocks.lang","NbOfProductAfterPeriod","Quantity of product %s in stock after selected period (> %s)","","needs_translation","Direct en_US vs ms_MY gap"
"lang\ms_MY\stocks.lang","NbOfProductBeforePeriod","Quantity of product %s in stock before selected period (< %s)","","needs_translation","Direct en_US vs ms_MY gap"
"lang\ms_MY\stocks.lang","NewInventory","New inventory","","needs_translation","Direct en_US vs ms_MY gap"
"lang\ms_MY\stocks.lang","NewWarehouse","New warehouse / Stock Location","","needs_translation","Direct en_US vs ms_MY gap"
"lang\ms_MY\stocks.lang","NoPendingReceptionOnSupplierOrder","No pending reception due to open purchase order","","needs_translation","Direct en_US vs ms_MY gap"
"lang\ms_MY\stocks.lang","NoPredefinedProductToDispatch","No predefined products for this object. So no dispatching in stock is required.","","needs_translation","Direct en_US vs ms_MY gap"
"lang\ms_MY\stocks.lang","NoStockAction","No stock action","","needs_translation","Direct en_US vs ms_MY gap"
"lang\ms_MY\stocks.lang","NoWarehouseDefinedForTerminal","No warehouse defined for terminal","","needs_translation","Direct en_US vs ms_MY gap"
"lang\ms_MY\stocks.lang","NumberOfDifferentProducts","Number of unique products","","needs_translation","Direct en_US vs ms_MY gap"
"lang\ms_MY\stocks.lang","NumberOfProducts","Total number of products","","needs_translation","Direct en_US vs ms_MY gap"
"lang\ms_MY\stocks.lang","NumberOfUnit","Number of units","","needs_translation","Direct en_US vs ms_MY gap"
"lang\ms_MY\stocks.lang","ObjectNotFound","%s not found","","needs_translation","Direct en_US vs ms_MY gap"
"lang\ms_MY\stocks.lang","OnlyProdsInStock","Do not add product without stock","","needs_translation","Direct en_US vs ms_MY gap"
"lang\ms_MY\stocks.lang","OpenAnyMovement","Open (all movement)","","needs_translation","Direct en_US vs ms_MY gap"
"lang\ms_MY\stocks.lang","OpenInternal","Open (only internal movement)","","needs_translation","Direct en_US vs ms_MY gap"
"lang\ms_MY\stocks.lang","OptionMULTIPRICESIsOn","Option ""several prices per segment"" is on. It means a product has several selling price so value for sell can't be calculated","","needs_translation","Direct en_US vs ms_MY gap"
"lang\ms_MY\stocks.lang","OrderDispatch","Item receipts","","needs_translation","Direct en_US vs ms_MY gap"
"lang\ms_MY\stocks.lang","OrderStatusNotReadyToDispatch","Order has not yet or no more a status that allows dispatching of products in stock warehouses.","","needs_translation","Direct en_US vs ms_MY gap"
"lang\ms_MY\stocks.lang","ParentWarehouse","Parent warehouse","","needs_translation","Direct en_US vs ms_MY gap"
"lang\ms_MY\stocks.lang","PersonalStock","Personal stock %s","","needs_translation","Direct en_US vs ms_MY gap"
"lang\ms_MY\stocks.lang","ProductBarcodeDoesNotExist","Product with barcode does not exist","","needs_translation","Direct en_US vs ms_MY gap"
"lang\ms_MY\stocks.lang","ProductBatchDoesNotExist","Product with batch/serial does not exist","","needs_translation","Direct en_US vs ms_MY gap"
"lang\ms_MY\stocks.lang","ProductDoesNotExist","Product does not exist","","needs_translation","Direct en_US vs ms_MY gap"
"lang\ms_MY\stocks.lang","ProductStockWarehouse","Stock limit for alert and desired optimal stock by product and warehouse","","needs_translation","Direct en_US vs ms_MY gap"
"lang\ms_MY\stocks.lang","ProductStockWarehouseCreated","Stock limit for alert and desired optimal stock correctly created","","needs_translation","Direct en_US vs ms_MY gap"
"lang\ms_MY\stocks.lang","ProductStockWarehouseDeleted","Stock limit for alert and desired optimal stock correctly deleted","","needs_translation","Direct en_US vs ms_MY gap"
"lang\ms_MY\stocks.lang","ProductStockWarehouseUpdated","Stock limit for alert and desired optimal stock correctly updated","","needs_translation","Direct en_US vs ms_MY gap"
"lang\ms_MY\stocks.lang","ProductValuesUsedBecauseNoValuesForThisWarehouse","No value has been defined for this warehouse so we assume it is zero (no need for this product into the warehouse)","","needs_translation","Direct en_US vs ms_MY gap"
"lang\ms_MY\stocks.lang","QtyAtDate","Quantity in stock at date","","needs_translation","Direct en_US vs ms_MY gap"
"lang\ms_MY\stocks.lang","QtyCurrentlyKnownInStock","System estimated quantity you have in stock. As long as the inventory is not closed, this is a realtime value and it may change if you continue to make stock movement during the inventory (not recommended).","","needs_translation","Direct en_US vs ms_MY gap"
"lang\ms_MY\stocks.lang","QtyDispatched","Quantity dispatched","","needs_translation","Direct en_US vs ms_MY gap"
"lang\ms_MY\stocks.lang","QtyDispatchedShort","Qty dispatched","","needs_translation","Direct en_US vs ms_MY gap"
"lang\ms_MY\stocks.lang","QtyInStockWhenInventoryWasValidated","System estimated quantity you had in stock when the inventory was validated (before the stock correction)","","needs_translation","Direct en_US vs ms_MY gap"
"lang\ms_MY\stocks.lang","QtyRegulated","Quantity on stock correction","","needs_translation","Direct en_US vs ms_MY gap"
"lang\ms_MY\stocks.lang","QtyStock","Quantity on stock","","needs_translation","Direct en_US vs ms_MY gap"
"lang\ms_MY\stocks.lang","QtyToDispatchShort","Qty to dispatch","","needs_translation","Direct en_US vs ms_MY gap"
"lang\ms_MY\stocks.lang","qtyToTranferIsNotEnough","You don't have enough stock from your source warehouse and your setup does not allow negative stocks.","","needs_translation","Direct en_US vs ms_MY gap"
"lang\ms_MY\stocks.lang","qtyToTranferLotIsNotEnough","You don't have enough stock, for this lot number, from your source warehouse and your setup does not allow negative stocks (Qty for product '%s' with lot '%s' is %s in warehouse '%s').","","needs_translation","Direct en_US vs ms_MY gap"
"lang\ms_MY\stocks.lang","QtyViewed","Quantity viewed","","needs_translation","Direct en_US vs ms_MY gap"
"lang\ms_MY\stocks.lang","QtyWasAddedToTheScannedBarcode","Success !! The quantity was added to all the requested barcode. You can close the Scanner tool.","","needs_translation","Direct en_US vs ms_MY gap"
"lang\ms_MY\stocks.lang","RealQty","Real Qty","","needs_translation","Direct en_US vs ms_MY gap"
"lang\ms_MY\stocks.lang","RealStockDesc","Physical/real stock is the stock currently in the warehouses.","","needs_translation","Direct en_US vs ms_MY gap"
"lang\ms_MY\stocks.lang","RealStockWillAutomaticallyWhen","The real stock will be modified according to this rule (as defined in the Stock module):","","needs_translation","Direct en_US vs ms_MY gap"
"lang\ms_MY\stocks.lang","RealValue","Real Value","","needs_translation","Direct en_US vs ms_MY gap"
"lang\ms_MY\stocks.lang","ReceiveProducts","Receive items","","needs_translation","Direct en_US vs ms_MY gap"
"lang\ms_MY\stocks.lang","ReceivingForSameOrder","Receipts for this order","","needs_translation","Direct en_US vs ms_MY gap"
"lang\ms_MY\stocks.lang","RecordedQty","Recorded Qty","","needs_translation","Direct en_US vs ms_MY gap"
"lang\ms_MY\stocks.lang","RecordMovement","Record transfer","","needs_translation","Direct en_US vs ms_MY gap"
"lang\ms_MY\stocks.lang","RecordMovements","Record stock movements","","needs_translation","Direct en_US vs ms_MY gap"
"lang\ms_MY\stocks.lang","RegulatedQty","Regulated Qty","","needs_translation","Direct en_US vs ms_MY gap"
"lang\ms_MY\stocks.lang","RegulateStock","Regulate Stock","","needs_translation","Direct en_US vs ms_MY gap"
"lang\ms_MY\stocks.lang","Replenishment","Replenishment","","needs_translation","Direct en_US vs ms_MY gap"
"lang\ms_MY\stocks.lang","ReplenishmentCalculation","Amount to order will be (desired quantity - real stock) instead of (desired quantity - virtual stock)","","needs_translation","Direct en_US vs ms_MY gap"
"lang\ms_MY\stocks.lang","ReplenishmentOrders","Replenishment orders","","needs_translation","Direct en_US vs ms_MY gap"
"lang\ms_MY\stocks.lang","ReplenishmentOrdersDesc","This is a list of all open purchase orders including predefined products. Only open orders with predefined products, so orders that may affect stocks, are visible here.","","needs_translation","Direct en_US vs ms_MY gap"
"lang\ms_MY\stocks.lang","Replenishments","Replenishments","","needs_translation","Direct en_US vs ms_MY gap"
"lang\ms_MY\stocks.lang","ReplenishmentStatusDesc","This is a list of all products with a stock lower than desired stock (or lower than alert value if checkbox ""alert only"" is checked). Using the checkbox, you can create purchase orders to fill the difference.","","needs_translation","Direct en_US vs ms_MY gap"
"lang\ms_MY\stocks.lang","ReplenishmentStatusDescPerWarehouse","If you want a replenishment based on desired quantity defined per warehouse, you must add a filter on the warehouse.","","needs_translation","Direct en_US vs ms_MY gap"
"lang\ms_MY\stocks.lang","ReStockOnBill","Increase real stocks on validation of vendor invoice/credit note","","needs_translation","Direct en_US vs ms_MY gap"
"lang\ms_MY\stocks.lang","ReStockOnDispatchOrder","Increase real stocks on manual dispatching into warehouse, after purchase order receipt of goods","","needs_translation","Direct en_US vs ms_MY gap"
"lang\ms_MY\stocks.lang","ReStockOnValidateOrder","Increase real stocks on purchase order approval","","needs_translation","Direct en_US vs ms_MY gap"
"lang\ms_MY\stocks.lang","ReverseConfirmed","Stock movement has been reversed successfully","","needs_translation","Direct en_US vs ms_MY gap"
"lang\ms_MY\stocks.lang","RevertProductsToStock","Revert products to stock ?","","needs_translation","Direct en_US vs ms_MY gap"
"lang\ms_MY\stocks.lang","RuleForStockAvailability","Rules on stock requirements","","needs_translation","Direct en_US vs ms_MY gap"
"lang\ms_MY\stocks.lang","RuleForStockManagementDecrease","Choose Rule for automatic stock decrease (manual decrease is always possible, even if an automatic decrease rule is activated)","","needs_translation","Direct en_US vs ms_MY gap"
"lang\ms_MY\stocks.lang","RuleForStockManagementIncrease","Choose Rule for automatic stock increase (manual increase is always possible, even if an automatic increase rule is activated)","","needs_translation","Direct en_US vs ms_MY gap"
"lang\ms_MY\stocks.lang","RuleForStockReplenishment","Rule for stocks replenishment","","needs_translation","Direct en_US vs ms_MY gap"
"lang\ms_MY\stocks.lang","RuleForWarehouse","Rule for warehouses","","needs_translation","Direct en_US vs ms_MY gap"
"lang\ms_MY\stocks.lang","SaveQtyFirst","Save the real inventoried quantities first, before asking creation of the stock movement.","","needs_translation","Direct en_US vs ms_MY gap"
"lang\ms_MY\stocks.lang","SelectAStockMovementFileToImport","select a stock movement file to import","","needs_translation","Direct en_US vs ms_MY gap"
"lang\ms_MY\stocks.lang","SelectCategory","Category filter","","needs_translation","Direct en_US vs ms_MY gap"
"lang\ms_MY\stocks.lang","SelectedWarehouse","Select a warehouse","","needs_translation","Direct en_US vs ms_MY gap"
"lang\ms_MY\stocks.lang","SelectFournisseur","Vendor filter","","needs_translation","Direct en_US vs ms_MY gap"
"lang\ms_MY\stocks.lang","SelectProductInAndOutWareHouse","Select a source warehouse (optional), a target warehouse, a product and a quantity then click ""%s"". Once this is done for all required movements, click on ""%s"".","","needs_translation","Direct en_US vs ms_MY gap"
"lang\ms_MY\stocks.lang","SelectProductWithNotNullQty","Select at least one product with a qty not null and a vendor","","needs_translation","Direct en_US vs ms_MY gap"
"lang\ms_MY\stocks.lang","SelectWarehouseForStockDecrease","Choose warehouse to use for stock decrease","","needs_translation","Direct en_US vs ms_MY gap"
"lang\ms_MY\stocks.lang","SelectWarehouseForStockIncrease","Choose warehouse to use for stock increase","","needs_translation","Direct en_US vs ms_MY gap"
"lang\ms_MY\stocks.lang","SellPriceMin","Selling Unit Price","","needs_translation","Direct en_US vs ms_MY gap"
"lang\ms_MY\stocks.lang","ShowAllBatchByDefault","By default, show batch details on product ""stock"" tab","","needs_translation","Direct en_US vs ms_MY gap"
"lang\ms_MY\stocks.lang","ShowWarehouse","Show warehouse","","needs_translation","Direct en_US vs ms_MY gap"
"lang\ms_MY\stocks.lang","StockAtDate","Stocks at date","","needs_translation","Direct en_US vs ms_MY gap"
"lang\ms_MY\stocks.lang","StockAtDateFutureDesc","You can view here the stock (virtual stock) at a given date in the future","","needs_translation","Direct en_US vs ms_MY gap"
"lang\ms_MY\stocks.lang","StockAtDateInFuture","Date in the future","","needs_translation","Direct en_US vs ms_MY gap"
"lang\ms_MY\stocks.lang","StockAtDateInPast","Date in the past","","needs_translation","Direct en_US vs ms_MY gap"
"lang\ms_MY\stocks.lang","StockAtDatePastDesc","You can view here the stock (real stock) at a given date in the past","","needs_translation","Direct en_US vs ms_MY gap"
"lang\ms_MY\stocks.lang","StockChangeDisabled","Stock change disabled","","needs_translation","Direct en_US vs ms_MY gap"
"lang\ms_MY\stocks.lang","StockDecreaseAfterCorrectTransfer","Decrease by correction/transfer","","needs_translation","Direct en_US vs ms_MY gap"
"lang\ms_MY\stocks.lang","StockDiffPhysicTeoric","Explanation for difference between physical and virtual stock","","needs_translation","Direct en_US vs ms_MY gap"
"lang\ms_MY\stocks.lang","StockEntryDate","Date of <br>entry in stock","","needs_translation","Direct en_US vs ms_MY gap"
"lang\ms_MY\stocks.lang","StockIncreaseAfterCorrectTransfer","Increase by correction/transfer","","needs_translation","Direct en_US vs ms_MY gap"
"lang\ms_MY\stocks.lang","StockIsRequiredToChooseWhichLotToUse","An existing stock is required to be able to choose which lot to use","","needs_translation","Direct en_US vs ms_MY gap"
"lang\ms_MY\stocks.lang","StockLimit","Stock limit for alert","","needs_translation","Direct en_US vs ms_MY gap"
"lang\ms_MY\stocks.lang","StockLimitDesc","(empty) means no warning.<br>0 can be used to trigger a warning as soon as the stock is empty.","","needs_translation","Direct en_US vs ms_MY gap"
"lang\ms_MY\stocks.lang","StockLimitShort","Limit for alert","","needs_translation","Direct en_US vs ms_MY gap"
"lang\ms_MY\stocks.lang","StockLowerThanLimit","Stock lower than alert limit (%s)","","needs_translation","Direct en_US vs ms_MY gap"
"lang\ms_MY\stocks.lang","StockMovementForId","Movement ID %d","","needs_translation","Direct en_US vs ms_MY gap"
"lang\ms_MY\stocks.lang","StockMovementNotYetRecorded","Stock movement will not be affected by this step","","needs_translation","Direct en_US vs ms_MY gap"
"lang\ms_MY\stocks.lang","StockMovementRecorded","Stock movements recorded","","needs_translation","Direct en_US vs ms_MY gap"
"lang\ms_MY\stocks.lang","StockMovementWillBeRecorded","Stock movement will be recorded","","needs_translation","Direct en_US vs ms_MY gap"
"lang\ms_MY\stocks.lang","StockMustBeEnoughForInvoice","Stock level must be enough to add product/service to invoice (check is done on current real stock when adding a line into invoice whatever the rule for automatic stock change)","","needs_translation","Direct en_US vs ms_MY gap"
"lang\ms_MY\stocks.lang","StockMustBeEnoughForOrder","Stock level must be enough to add product/service to order (check is done on current real stock when adding a line into order whatever the rule for automatic stock change)","","needs_translation","Direct en_US vs ms_MY gap"
"lang\ms_MY\stocks.lang","StockMustBeEnoughForShipment"," Stock level must be enough to add product/service to shipment (check is done on current real stock when adding a line into shipment whatever the rule for automatic stock change)","","needs_translation","Direct en_US vs ms_MY gap"
"lang\ms_MY\stocks.lang","StockOnReception","Increase real stocks on validation of reception","","needs_translation","Direct en_US vs ms_MY gap"
"lang\ms_MY\stocks.lang","StockOnReceptionOnClosing","Increase real stocks when reception is set to closed","","needs_translation","Direct en_US vs ms_MY gap"
"lang\ms_MY\stocks.lang","StocksArea","Warehouses area","","needs_translation","Direct en_US vs ms_MY gap"
"lang\ms_MY\stocks.lang","StocksByLotSerial","Stocks by lot/serial","","needs_translation","Direct en_US vs ms_MY gap"
"lang\ms_MY\stocks.lang","StockStransferDecremented","Source warehouses decreased","","needs_translation","Direct en_US vs ms_MY gap"
"lang\ms_MY\stocks.lang","StockStransferDecrementedCancel","Decrease of source warehouses canceled","","needs_translation","Direct en_US vs ms_MY gap"
"lang\ms_MY\stocks.lang","StockStransferIncremented","Closed - Stocks transferred","","needs_translation","Direct en_US vs ms_MY gap"
"lang\ms_MY\stocks.lang","StockStransferIncrementedShort","Stocks transferred","","needs_translation","Direct en_US vs ms_MY gap"
"lang\ms_MY\stocks.lang","StockStransferIncrementedShortCancel","Increase of destination warehouses canceled","","needs_translation","Direct en_US vs ms_MY gap"
"lang\ms_MY\stocks.lang","StockSupportServices","Stock management supports Services","","needs_translation","Direct en_US vs ms_MY gap"
"lang\ms_MY\stocks.lang","StockSupportServicesDesc","By default, you can stock only products of type ""product"". You may also stock a product of type ""service"" if both module Services and this option are enabled.","","needs_translation","Direct en_US vs ms_MY gap"
"lang\ms_MY\stocks.lang","StockToBuy","To order","","needs_translation","Direct en_US vs ms_MY gap"
"lang\ms_MY\stocks.lang","StockTooLow","Stock too low","","needs_translation","Direct en_US vs ms_MY gap"
"lang\ms_MY\stocks.lang","StockTransferDecrementation","Decrease source warehouses","","needs_translation","Direct en_US vs ms_MY gap"
"lang\ms_MY\stocks.lang","StockTransferDecrementationCancel","Cancel decrease of source warehouses","","needs_translation","Direct en_US vs ms_MY gap"
"lang\ms_MY\stocks.lang","StockTransferIncrementation","Increase destination warehouses","","needs_translation","Direct en_US vs ms_MY gap"
"lang\ms_MY\stocks.lang","StockTransferIncrementationCancel","Cancel increase of destination warehouses","","needs_translation","Direct en_US vs ms_MY gap"
"lang\ms_MY\stocks.lang","StockTransferList","Stock transfers list","","needs_translation","Direct en_US vs ms_MY gap"
"lang\ms_MY\stocks.lang","StockTransferNew","New stock transfer","","needs_translation","Direct en_US vs ms_MY gap"
"lang\ms_MY\stocks.lang","StockTransferNoBatchForProduct","Product %s doesn't use batch, clear batch on line and retry","","needs_translation","Direct en_US vs ms_MY gap"
"lang\ms_MY\stocks.lang","StockTransferRightCreateUpdate","Create/Update stocks transfers","","needs_translation","Direct en_US vs ms_MY gap"
"lang\ms_MY\stocks.lang","StockTransferRightDelete","Delete stocks transfers","","needs_translation","Direct en_US vs ms_MY gap"
"lang\ms_MY\stocks.lang","StockTransferRightRead","Read stocks transfers","","needs_translation","Direct en_US vs ms_MY gap"
"lang\ms_MY\stocks.lang","StockTransferSetup"," Stocks Transfer module configuration","","needs_translation","Direct en_US vs ms_MY gap"
"lang\ms_MY\stocks.lang","StockTransferSetupPage"," Configuration page for stocks transfer module","","needs_translation","Direct en_US vs ms_MY gap"
"lang\ms_MY\stocks.lang","StockTransferSheet","Stocks transfer sheet","","needs_translation","Direct en_US vs ms_MY gap"
"lang\ms_MY\stocks.lang","StockTransferSheetProforma","Proforma stocks transfer sheet","","needs_translation","Direct en_US vs ms_MY gap"
"lang\ms_MY\stocks.lang","SubjectToLotSerialOnly","Products subject to lot/serial only","","needs_translation","Direct en_US vs ms_MY gap"
"lang\ms_MY\stocks.lang","TheoricalQty","Theoretical qty","","needs_translation","Direct en_US vs ms_MY gap"
"lang\ms_MY\stocks.lang","TheoricalValue","Theoretical qty","","needs_translation","Direct en_US vs ms_MY gap"
"lang\ms_MY\stocks.lang","ThisSerialAlreadyExistWithDifferentDate","This lot/serial number (<strong>%s</strong>) already exists but with different eatby or sellby date (found <strong>%s</strong> but you enter <strong>%s</strong>).","","needs_translation","Direct en_US vs ms_MY gap"
"lang\ms_MY\stocks.lang","ThisWarehouseIsPersonalStock","This warehouse represents personal stock of %s %s","","needs_translation","Direct en_US vs ms_MY gap"
"lang\ms_MY\stocks.lang","ToStart","Start","","needs_translation","Direct en_US vs ms_MY gap"
"lang\ms_MY\stocks.lang","TotalStock","Total stock","","needs_translation","Direct en_US vs ms_MY gap"
"lang\ms_MY\stocks.lang","TypeContact_stocktransfer_internal_STDEST","Recipient of stocks transfer","","needs_translation","Direct en_US vs ms_MY gap"
"lang\ms_MY\stocks.lang","TypeContact_stocktransfer_internal_STFROM","Sender of stocks transfer","","needs_translation","Direct en_US vs ms_MY gap"
"lang\ms_MY\stocks.lang","TypeContact_stocktransfer_internal_STRESP","Responsible of stocks transfer","","needs_translation","Direct en_US vs ms_MY gap"
"lang\ms_MY\stocks.lang","TypeMovement","Direction of movement","","needs_translation","Direct en_US vs ms_MY gap"
"lang\ms_MY\stocks.lang","UnitPurchaseValue","Unit purchase price","","needs_translation","Direct en_US vs ms_MY gap"
"lang\ms_MY\stocks.lang","Units","Units","","needs_translation","Direct en_US vs ms_MY gap"
"lang\ms_MY\stocks.lang","UpdateByScaning","Complete real qty by scanning","","needs_translation","Direct en_US vs ms_MY gap"
"lang\ms_MY\stocks.lang","UpdateByScaningLot","Update by scan (lot|serial barcode)","","needs_translation","Direct en_US vs ms_MY gap"
"lang\ms_MY\stocks.lang","UpdateByScaningProductBarcode","Update by scan (product barcode)","","needs_translation","Direct en_US vs ms_MY gap"
"lang\ms_MY\stocks.lang","UseDispatchStatus","Use a dispatch status (approve/refuse) for product lines on purchase order reception","","needs_translation","Direct en_US vs ms_MY gap"
"lang\ms_MY\stocks.lang","UsePhysicalStock","Use physical stock","","needs_translation","Direct en_US vs ms_MY gap"
"lang\ms_MY\stocks.lang","UserDefaultWarehouse","Set a warehouse on Users","","needs_translation","Direct en_US vs ms_MY gap"
"lang\ms_MY\stocks.lang","UseRealStockByDefault","Use real stock, instead of virtual stock, for replenishment feature","","needs_translation","Direct en_US vs ms_MY gap"
"lang\ms_MY\stocks.lang","UserWarehouseAutoCreate","Create a user warehouse automatically when creating a user","","needs_translation","Direct en_US vs ms_MY gap"
"lang\ms_MY\stocks.lang","UseVirtualStock","Use virtual stock","","needs_translation","Direct en_US vs ms_MY gap"
"lang\ms_MY\stocks.lang","ValidateInventory","Inventory validation","","needs_translation","Direct en_US vs ms_MY gap"
"lang\ms_MY\stocks.lang","ValidateSending","Confirm shipment","","needs_translation","Direct en_US vs ms_MY gap"
"lang\ms_MY\stocks.lang","VirtualDiffersFromPhysical","According to increase/decrease stock options, physical stock and virtual stock (physical stock + open orders) may differ","","needs_translation","Direct en_US vs ms_MY gap"
"lang\ms_MY\stocks.lang","VirtualStockAtDate","Virtual stock at a future date","","needs_translation","Direct en_US vs ms_MY gap"
"lang\ms_MY\stocks.lang","VirtualStockAtDateDesc","Virtual stock once all the pending orders that are planned to be processed before the chosen date will be finished","","needs_translation","Direct en_US vs ms_MY gap"
"lang\ms_MY\stocks.lang","VirtualStockDesc","Virtual stock is the stock that will remain after all open/pending actions (that affect stocks) have been performed (purchase orders received, sales orders shipped, manufacturing orders produced, etc)","","needs_translation","Direct en_US vs ms_MY gap"
"lang\ms_MY\stocks.lang","WarehouseAllowNegativeTransfer","Stock can be negative","","needs_translation","Direct en_US vs ms_MY gap"
"lang\ms_MY\stocks.lang","WarehouseAskWarehouseDuringOrder","Set a warehouse on Sales Orders","","needs_translation","Direct en_US vs ms_MY gap"
"lang\ms_MY\stocks.lang","WarehouseAskWarehouseDuringProject","Set a warehouse on Projects","","needs_translation","Direct en_US vs ms_MY gap"
"lang\ms_MY\stocks.lang","WarehouseAskWarehouseDuringPropal","Set a warehouse on Commercial proposals","","needs_translation","Direct en_US vs ms_MY gap"
"lang\ms_MY\stocks.lang","WarehouseAskWarehouseOnThirparty","Set a warehouse on Third-parties","","needs_translation","Direct en_US vs ms_MY gap"
"lang\ms_MY\stocks.lang","WarehouseCard","Warehouse card","","needs_translation","Direct en_US vs ms_MY gap"
"lang\ms_MY\stocks.lang","WarehouseEdit","Modify warehouse","","needs_translation","Direct en_US vs ms_MY gap"
"lang\ms_MY\stocks.lang","WarehouseForStockDecrease","The warehouse <b>%s</b> will be used for stock decrease","","needs_translation","Direct en_US vs ms_MY gap"
"lang\ms_MY\stocks.lang","WarehouseForStockIncrease","The warehouse <b>%s</b> will be used for stock increase","","needs_translation","Direct en_US vs ms_MY gap"
"lang\ms_MY\stocks.lang","WarehouseId","Warehouse ID","","needs_translation","Direct en_US vs ms_MY gap"
"lang\ms_MY\stocks.lang","WarehouseRef","Warehouse Ref","","needs_translation","Direct en_US vs ms_MY gap"
"lang\ms_MY\stocks.lang","WarehousesAndProducts","Warehouses and products","","needs_translation","Direct en_US vs ms_MY gap"
"lang\ms_MY\stocks.lang","WarehousesAndProductsBatchDetail","Warehouses and products (with detail per lot/serial)","","needs_translation","Direct en_US vs ms_MY gap"
"lang\ms_MY\stocks.lang","WarehouseSource","Source warehouse","","needs_translation","Direct en_US vs ms_MY gap"
"lang\ms_MY\stocks.lang","WarehouseSourceNotDefined","No warehouse defined,","","needs_translation","Direct en_US vs ms_MY gap"
"lang\ms_MY\stocks.lang","WarehouseTarget","Target warehouse","","needs_translation","Direct en_US vs ms_MY gap"
"lang\ms_MY\stocks.lang","WarehouseUsage","Warehouse usage","","needs_translation","Direct en_US vs ms_MY gap"
"lang\ms_MY\stocks.lang","WarningThisWIllAlsoDeleteStock","Warning, this will also destroy all quantities in stock in the warehouse","","needs_translation","Direct en_US vs ms_MY gap"
