"TargetFile","Key","SourceEnglish","ProposedMalay","Status","Note"
"lang\ms_MY\accountancy.lang","AccountingCategory","Custom group of accounts","","needs_translation","Direct en_US vs ms_MY gap"
"lang\ms_MY\accountancy.lang","AccountingJournal","Accounting journal","","needs_translation","Direct en_US vs ms_MY gap"
"lang\ms_MY\accountancy.lang","AccountingJournals","Accounting journals","","needs_translation","Direct en_US vs ms_MY gap"
"lang\ms_MY\accountancy.lang","CategoryDeleted","Category for the accounting account has been removed","","needs_translation","Direct en_US vs ms_MY gap"
"lang\ms_MY\accountancy.lang","CustomerInvoicePayment","Payment of invoice customer","","needs_translation","Direct en_US vs ms_MY gap"
"lang\ms_MY\accountancy.lang","ImportAccountingEntries","Accounting entries","","needs_translation","Direct en_US vs ms_MY gap"
"lang\ms_MY\accountancy.lang","PrintDate"," Print date","","needs_translation","Direct en_US vs ms_MY gap"
"lang\ms_MY\admin.lang","ApiKey","Token for API","","needs_translation","Direct en_US vs ms_MY gap"
"lang\ms_MY\admin.lang","Buy","Buy","","needs_translation","Direct en_US vs ms_MY gap"
"lang\ms_MY\admin.lang","CashDesk","Point of Sale","","needs_translation","Direct en_US vs ms_MY gap"
"lang\ms_MY\admin.lang","Content","Content","","needs_translation","Direct en_US vs ms_MY gap"
"lang\ms_MY\admin.lang","CurrentVersion","Dolibarr current version","","needs_translation","Direct en_US vs ms_MY gap"
"lang\ms_MY\admin.lang","Database","Database","","needs_translation","Direct en_US vs ms_MY gap"
"lang\ms_MY\admin.lang","Destination","Destination","","needs_translation","Direct en_US vs ms_MY gap"
"lang\ms_MY\admin.lang","DictionaryAccountancyCategory","Personalized groups for reports","","needs_translation","Direct en_US vs ms_MY gap"
"lang\ms_MY\admin.lang","DictionaryAccountancyJournal","Accounting journals","","needs_translation","Direct en_US vs ms_MY gap"
"lang\ms_MY\admin.lang","DictionaryAccountancyReport","Personalized accounting reports","","needs_translation","Direct en_US vs ms_MY gap"
"lang\ms_MY\admin.lang","DictionaryAccountancysystem","Models for chart of accounts","","needs_translation","Direct en_US vs ms_MY gap"
"lang\ms_MY\admin.lang","DictionaryActions","Types of agenda events","","needs_translation","Direct en_US vs ms_MY gap"
"lang\ms_MY\admin.lang","DictionaryAssetDisposalType","Type of disposal of assets","","needs_translation","Direct en_US vs ms_MY gap"
"lang\ms_MY\admin.lang","DictionaryAvailability","Delivery delay","","needs_translation","Direct en_US vs ms_MY gap"
"lang\ms_MY\admin.lang","DictionaryBatchStatus","Product lot/serial Quality Control status","","needs_translation","Direct en_US vs ms_MY gap"
"lang\ms_MY\admin.lang","DictionaryCanton","States/Provinces","","needs_translation","Direct en_US vs ms_MY gap"
"lang\ms_MY\admin.lang","DictionaryCivility","Honorific titles","","needs_translation","Direct en_US vs ms_MY gap"
"lang\ms_MY\admin.lang","DictionaryCompanyJuridicalType","Third-party legal entities","","needs_translation","Direct en_US vs ms_MY gap"
"lang\ms_MY\admin.lang","DictionaryCompanyType","Third-party types","","needs_translation","Direct en_US vs ms_MY gap"
"lang\ms_MY\admin.lang","DictionaryCountry","Countries","","needs_translation","Direct en_US vs ms_MY gap"
"lang\ms_MY\admin.lang","DictionaryCurrency","Currencies","","needs_translation","Direct en_US vs ms_MY gap"
"lang\ms_MY\admin.lang","DictionaryEcotaxe","Ecotax (WEEE)","","needs_translation","Direct en_US vs ms_MY gap"
"lang\ms_MY\admin.lang","DictionaryEMailTemplates","Email Templates","","needs_translation","Direct en_US vs ms_MY gap"
"lang\ms_MY\admin.lang","DictionaryExpenseTaxCat","Expense report - Transportation categories","","needs_translation","Direct en_US vs ms_MY gap"
"lang\ms_MY\admin.lang","DictionaryExpenseTaxRange","Expense report - Range by transportation category","","needs_translation","Direct en_US vs ms_MY gap"
"lang\ms_MY\admin.lang","DictionaryFees","Expense report - Types of expense report lines","","needs_translation","Direct en_US vs ms_MY gap"
"lang\ms_MY\admin.lang","DictionaryFormatCards","Card formats","","needs_translation","Direct en_US vs ms_MY gap"
"lang\ms_MY\admin.lang","DictionaryHolidayTypes","Leave - Types of leave","","needs_translation","Direct en_US vs ms_MY gap"
"lang\ms_MY\admin.lang","DictionaryInvoiceSubtype","Invoice subtypes","","needs_translation","Direct en_US vs ms_MY gap"
"lang\ms_MY\admin.lang","DictionaryMeasuringUnits","Measuring Units","","needs_translation","Direct en_US vs ms_MY gap"
"lang\ms_MY\admin.lang","DictionaryOpportunityStatus","Lead status for project/lead","","needs_translation","Direct en_US vs ms_MY gap"
"lang\ms_MY\admin.lang","DictionaryOrderMethods","Order methods","","needs_translation","Direct en_US vs ms_MY gap"
"lang\ms_MY\admin.lang","DictionaryPaperFormat","Paper formats","","needs_translation","Direct en_US vs ms_MY gap"
"lang\ms_MY\admin.lang","DictionaryPaymentConditions","Payment Terms","","needs_translation","Direct en_US vs ms_MY gap"
"lang\ms_MY\admin.lang","DictionaryPaymentModes","Payment Modes","","needs_translation","Direct en_US vs ms_MY gap"
"lang\ms_MY\admin.lang","DictionaryProspectContactLevel","Prospect potential level for contacts","","needs_translation","Direct en_US vs ms_MY gap"
"lang\ms_MY\admin.lang","DictionaryProspectContactStatus","Prospect status for contacts","","needs_translation","Direct en_US vs ms_MY gap"
"lang\ms_MY\admin.lang","DictionaryProspectLevel","Prospect potential level for companies","","needs_translation","Direct en_US vs ms_MY gap"
"lang\ms_MY\admin.lang","DictionaryProspectStatus","Prospect status for companies","","needs_translation","Direct en_US vs ms_MY gap"
"lang\ms_MY\admin.lang","DictionaryRegion","Regions","","needs_translation","Direct en_US vs ms_MY gap"
"lang\ms_MY\admin.lang","DictionaryRevenueStamp","Amount of tax stamps","","needs_translation","Direct en_US vs ms_MY gap"
"lang\ms_MY\admin.lang","DictionarySendingMethods","Shipping methods","","needs_translation","Direct en_US vs ms_MY gap"
"lang\ms_MY\admin.lang","DictionarySocialContributions","Types of social or fiscal taxes","","needs_translation","Direct en_US vs ms_MY gap"
"lang\ms_MY\admin.lang","DictionarySocialNetworks","Social Networks","","needs_translation","Direct en_US vs ms_MY gap"
"lang\ms_MY\admin.lang","DictionarySource","Origin of proposals/orders/invoices","","needs_translation","Direct en_US vs ms_MY gap"
"lang\ms_MY\admin.lang","DictionaryStaff","Number of Employees","","needs_translation","Direct en_US vs ms_MY gap"
"lang\ms_MY\admin.lang","DictionaryTransportMode","Intracomm report - Transport mode","","needs_translation","Direct en_US vs ms_MY gap"
"lang\ms_MY\admin.lang","DictionaryTypeContact","Contact/Address types","","needs_translation","Direct en_US vs ms_MY gap"
"lang\ms_MY\admin.lang","DictionaryTypeOfContainer","Website - Type of website pages/containers","","needs_translation","Direct en_US vs ms_MY gap"
"lang\ms_MY\admin.lang","DictionaryUnits","Units","","needs_translation","Direct en_US vs ms_MY gap"
"lang\ms_MY\admin.lang","DictionaryVAT","VAT Rates or Sales Tax Rates","","needs_translation","Direct en_US vs ms_MY gap"
"lang\ms_MY\admin.lang","Emails","Emails","","needs_translation","Direct en_US vs ms_MY gap"
"lang\ms_MY\admin.lang","EmailTemplate","Template for email","","needs_translation","Direct en_US vs ms_MY gap"
"lang\ms_MY\admin.lang","EntryDeleted","Entry deleted","","needs_translation","Direct en_US vs ms_MY gap"
"lang\ms_MY\admin.lang","ErrorInEntryDeletion","Error in entry deletion","","needs_translation","Direct en_US vs ms_MY gap"
"lang\ms_MY\admin.lang","Field","Field","","needs_translation","Direct en_US vs ms_MY gap"
"lang\ms_MY\admin.lang","Fields","Fields","","needs_translation","Direct en_US vs ms_MY gap"
"lang\ms_MY\admin.lang","Images","Images","","needs_translation","Direct en_US vs ms_MY gap"
"lang\ms_MY\admin.lang","Index","Index","","needs_translation","Direct en_US vs ms_MY gap"
"lang\ms_MY\admin.lang","LandingPage","Landing page (reached after login)","","needs_translation","Direct en_US vs ms_MY gap"
"lang\ms_MY\admin.lang","NotificationSetup","Email Notification module setup","","needs_translation","Direct en_US vs ms_MY gap"
"lang\ms_MY\admin.lang","NoWebsite","No website","","needs_translation","Direct en_US vs ms_MY gap"
"lang\ms_MY\admin.lang","OAuthServiceConfirmDeleteMessage","Are you sure you want to delete this OAuth entry ? All existing tokens for it will also be deleted.","","needs_translation","Direct en_US vs ms_MY gap"
"lang\ms_MY\admin.lang","OAuthServiceConfirmDeleteTitle","Delete OAuth entry","","needs_translation","Direct en_US vs ms_MY gap"
"lang\ms_MY\admin.lang","Passwords","Passwords","","needs_translation","Direct en_US vs ms_MY gap"
"lang\ms_MY\admin.lang","PDF","PDF","","needs_translation","Direct en_US vs ms_MY gap"
"lang\ms_MY\admin.lang","Permission10001","Read website content","","needs_translation","Direct en_US vs ms_MY gap"
"lang\ms_MY\admin.lang","Permission10002","Create/modify website content (html and JavaScript content)","","needs_translation","Direct en_US vs ms_MY gap"
"lang\ms_MY\admin.lang","Permission10003","Create/modify website content (dynamic php code). Dangerous, must be reserved to restricted developers.","","needs_translation","Direct en_US vs ms_MY gap"
"lang\ms_MY\admin.lang","Permission10005","Delete website content","","needs_translation","Direct en_US vs ms_MY gap"
"lang\ms_MY\admin.lang","Permission1522","Delete documents","","needs_translation","Direct en_US vs ms_MY gap"
"lang\ms_MY\admin.lang","Permission20001","Read leave requests (your leave and those of your subordinates)","","needs_translation","Direct en_US vs ms_MY gap"
"lang\ms_MY\admin.lang","Permission20002","Create/modify your leave requests (your leave and those of your subordinates)","","needs_translation","Direct en_US vs ms_MY gap"
"lang\ms_MY\admin.lang","Permission20003","Delete leave requests (your leave and those of your subordinates)","","needs_translation","Direct en_US vs ms_MY gap"
"lang\ms_MY\admin.lang","Permission20004","Read all leave requests (even those of user not subordinates)","","needs_translation","Direct en_US vs ms_MY gap"
"lang\ms_MY\admin.lang","Permission20005","Create/modify leave requests for everybody (even those of user not subordinates)","","needs_translation","Direct en_US vs ms_MY gap"
"lang\ms_MY\admin.lang","Permission20006","Administer leave requests (setup and update balance)","","needs_translation","Direct en_US vs ms_MY gap"
"lang\ms_MY\admin.lang","Permission20007","Approve leave requests","","needs_translation","Direct en_US vs ms_MY gap"
"lang\ms_MY\admin.lang","Permission23001","Read Scheduled job","","needs_translation","Direct en_US vs ms_MY gap"
"lang\ms_MY\admin.lang","Permission23002","Create/update Scheduled job","","needs_translation","Direct en_US vs ms_MY gap"
"lang\ms_MY\admin.lang","Permission23003","Delete Scheduled job","","needs_translation","Direct en_US vs ms_MY gap"
"lang\ms_MY\admin.lang","Permission23004","Execute Scheduled job","","needs_translation","Direct en_US vs ms_MY gap"
"lang\ms_MY\admin.lang","Permission2401","Read actions (events or tasks) linked to his user account (if owner of event or just assigned to)","","needs_translation","Direct en_US vs ms_MY gap"
"lang\ms_MY\admin.lang","Permission2402","Create/modify actions (events or tasks) linked to his user account (if owner of event)","","needs_translation","Direct en_US vs ms_MY gap"
"lang\ms_MY\admin.lang","Permission2403","Delete actions (events or tasks) linked to his user account (if owner of event)","","needs_translation","Direct en_US vs ms_MY gap"
"lang\ms_MY\admin.lang","Permission2411","Read actions (events or tasks) of others","","needs_translation","Direct en_US vs ms_MY gap"
"lang\ms_MY\admin.lang","Permission2412","Create/modify actions (events or tasks) of others","","needs_translation","Direct en_US vs ms_MY gap"
"lang\ms_MY\admin.lang","Permission2413","Delete actions (events or tasks) of others","","needs_translation","Direct en_US vs ms_MY gap"
"lang\ms_MY\admin.lang","Permission2414","Export actions/tasks of others","","needs_translation","Direct en_US vs ms_MY gap"
"lang\ms_MY\admin.lang","Permission2501","Read/Download documents","","needs_translation","Direct en_US vs ms_MY gap"
"lang\ms_MY\admin.lang","Permission2502","Download documents","","needs_translation","Direct en_US vs ms_MY gap"
"lang\ms_MY\admin.lang","Permission2503","Submit or delete documents","","needs_translation","Direct en_US vs ms_MY gap"
"lang\ms_MY\admin.lang","Permission2515","Setup documents directories","","needs_translation","Direct en_US vs ms_MY gap"
"lang\ms_MY\admin.lang","Permission2610","Generate/modify users API key","","needs_translation","Direct en_US vs ms_MY gap"
"lang\ms_MY\admin.lang","Permission2801","Use FTP client in read mode (browse and download only)","","needs_translation","Direct en_US vs ms_MY gap"
"lang\ms_MY\admin.lang","Permission2802","Use FTP client in write mode (delete or upload files)","","needs_translation","Direct en_US vs ms_MY gap"
"lang\ms_MY\admin.lang","Permission3201","Read, Export and Control Immutable Logs and signature","","needs_translation","Direct en_US vs ms_MY gap"
"lang\ms_MY\admin.lang","Permission3301","Generate new modules","","needs_translation","Direct en_US vs ms_MY gap"
"lang\ms_MY\admin.lang","Permission40001","Read currencies and their rates","","needs_translation","Direct en_US vs ms_MY gap"
"lang\ms_MY\admin.lang","Permission40002","Create/Update currencies and their rates","","needs_translation","Direct en_US vs ms_MY gap"
"lang\ms_MY\admin.lang","Permission40003","Delete currencies and their rates","","needs_translation","Direct en_US vs ms_MY gap"
"lang\ms_MY\admin.lang","Permission4001","Read skill/job/position","","needs_translation","Direct en_US vs ms_MY gap"
"lang\ms_MY\admin.lang","Permission4002","Create/modify skill/job/position","","needs_translation","Direct en_US vs ms_MY gap"
"lang\ms_MY\admin.lang","Permission4003","Delete skill/job/position","","needs_translation","Direct en_US vs ms_MY gap"
"lang\ms_MY\admin.lang","Permission4021","Read evaluations (yours and your subordinates)","","needs_translation","Direct en_US vs ms_MY gap"
"lang\ms_MY\admin.lang","Permission4022","Create/modify evaluations","","needs_translation","Direct en_US vs ms_MY gap"
"lang\ms_MY\admin.lang","Permission4023","Validate evaluation","","needs_translation","Direct en_US vs ms_MY gap"
"lang\ms_MY\admin.lang","Permission4025","Delete evaluation","","needs_translation","Direct en_US vs ms_MY gap"
"lang\ms_MY\admin.lang","Permission4028","See comparison menu","","needs_translation","Direct en_US vs ms_MY gap"
"lang\ms_MY\admin.lang","Permission4031","Read personal information","","needs_translation","Direct en_US vs ms_MY gap"
"lang\ms_MY\admin.lang","Permission4032","Write personal information","","needs_translation","Direct en_US vs ms_MY gap"
"lang\ms_MY\admin.lang","Permission4033","Read all evaluations (even those of user not subordinates)","","needs_translation","Direct en_US vs ms_MY gap"
"lang\ms_MY\admin.lang","Permission50101","Use Point of Sale (SimplePOS)","","needs_translation","Direct en_US vs ms_MY gap"
"lang\ms_MY\admin.lang","Permission50151","Use Point of Sale (TakePOS)","","needs_translation","Direct en_US vs ms_MY gap"
"lang\ms_MY\admin.lang","Permission50152","Edit sales lines","","needs_translation","Direct en_US vs ms_MY gap"
"lang\ms_MY\admin.lang","Permission50153","Edit ordered sales lines","","needs_translation","Direct en_US vs ms_MY gap"
"lang\ms_MY\admin.lang","Permission50201","Read transactions","","needs_translation","Direct en_US vs ms_MY gap"
"lang\ms_MY\admin.lang","Permission50202","Import transactions","","needs_translation","Direct en_US vs ms_MY gap"
"lang\ms_MY\admin.lang","Permission50331","Read objects of Zapier","","needs_translation","Direct en_US vs ms_MY gap"
"lang\ms_MY\admin.lang","Permission50332","Create/Update objects of Zapier","","needs_translation","Direct en_US vs ms_MY gap"
"lang\ms_MY\admin.lang","Permission50333","Delete objects of Zapier","","needs_translation","Direct en_US vs ms_MY gap"
"lang\ms_MY\admin.lang","Permission50401","Bind products and invoices with accounting accounts","","needs_translation","Direct en_US vs ms_MY gap"
"lang\ms_MY\admin.lang","Permission50411","Read operations in ledger","","needs_translation","Direct en_US vs ms_MY gap"
"lang\ms_MY\admin.lang","Permission50412","Write/Edit operations in ledger","","needs_translation","Direct en_US vs ms_MY gap"
"lang\ms_MY\admin.lang","Permission50414","Delete operations in ledger","","needs_translation","Direct en_US vs ms_MY gap"
"lang\ms_MY\admin.lang","Permission50415","Delete all operations by year and journal in ledger","","needs_translation","Direct en_US vs ms_MY gap"
"lang\ms_MY\admin.lang","Permission50418","Export operations of the ledger","","needs_translation","Direct en_US vs ms_MY gap"
"lang\ms_MY\admin.lang","Permission50420","Report and export reports (turnover, balance, journals, ledger)","","needs_translation","Direct en_US vs ms_MY gap"
"lang\ms_MY\admin.lang","Permission50430","Define fiscal periods. Validate transactions and close fiscal periods.","","needs_translation","Direct en_US vs ms_MY gap"
"lang\ms_MY\admin.lang","Permission50440","Manage chart of accounts, setup of accountancy","","needs_translation","Direct en_US vs ms_MY gap"
"lang\ms_MY\admin.lang","Permission51001","Read assets","","needs_translation","Direct en_US vs ms_MY gap"
"lang\ms_MY\admin.lang","Permission51002","Create/Update assets","","needs_translation","Direct en_US vs ms_MY gap"
"lang\ms_MY\admin.lang","Permission51003","Delete assets","","needs_translation","Direct en_US vs ms_MY gap"
"lang\ms_MY\admin.lang","Permission51005","Setup types of asset","","needs_translation","Direct en_US vs ms_MY gap"
"lang\ms_MY\admin.lang","Permission54001","Print","","needs_translation","Direct en_US vs ms_MY gap"
"lang\ms_MY\admin.lang","Permission55001","Read polls","","needs_translation","Direct en_US vs ms_MY gap"
"lang\ms_MY\admin.lang","Permission55002","Create/modify polls","","needs_translation","Direct en_US vs ms_MY gap"
"lang\ms_MY\admin.lang","Permission57001","Read articles","","needs_translation","Direct en_US vs ms_MY gap"
"lang\ms_MY\admin.lang","Permission57002","Create/modify articles","","needs_translation","Direct en_US vs ms_MY gap"
"lang\ms_MY\admin.lang","Permission57003","Validate articles","","needs_translation","Direct en_US vs ms_MY gap"
"lang\ms_MY\admin.lang","Permission57004","Delete articles","","needs_translation","Direct en_US vs ms_MY gap"
"lang\ms_MY\admin.lang","Permission59001","Read commercial margins","","needs_translation","Direct en_US vs ms_MY gap"
"lang\ms_MY\admin.lang","Permission59002","Define commercial margins","","needs_translation","Direct en_US vs ms_MY gap"
"lang\ms_MY\admin.lang","Permission59003","Read every user margin","","needs_translation","Direct en_US vs ms_MY gap"
"lang\ms_MY\admin.lang","Permission63001","Read resources","","needs_translation","Direct en_US vs ms_MY gap"
"lang\ms_MY\admin.lang","Permission63002","Create/modify resources","","needs_translation","Direct en_US vs ms_MY gap"
"lang\ms_MY\admin.lang","Permission63003","Delete resources","","needs_translation","Direct en_US vs ms_MY gap"
"lang\ms_MY\admin.lang","Permission63004","Link resources to agenda events","","needs_translation","Direct en_US vs ms_MY gap"
"lang\ms_MY\admin.lang","Permission64001","Allow direct printing","","needs_translation","Direct en_US vs ms_MY gap"
"lang\ms_MY\admin.lang","Permission67001","Allow printing of receipts","","needs_translation","Direct en_US vs ms_MY gap"
"lang\ms_MY\admin.lang","Permission68001","Read intracomm report","","needs_translation","Direct en_US vs ms_MY gap"
"lang\ms_MY\admin.lang","Permission68002","Create/modify intracomm report","","needs_translation","Direct en_US vs ms_MY gap"
"lang\ms_MY\admin.lang","Permission68004","Delete intracomm report","","needs_translation","Direct en_US vs ms_MY gap"
"lang\ms_MY\admin.lang","Permission941601","Read receptions","","needs_translation","Direct en_US vs ms_MY gap"
"lang\ms_MY\admin.lang","Permission941602","Create and modify receptions","","needs_translation","Direct en_US vs ms_MY gap"
"lang\ms_MY\admin.lang","Permission941603","Validate receptions","","needs_translation","Direct en_US vs ms_MY gap"
"lang\ms_MY\admin.lang","Permission941604","Send receptions by email","","needs_translation","Direct en_US vs ms_MY gap"
"lang\ms_MY\admin.lang","Permission941605","Export receptions","","needs_translation","Direct en_US vs ms_MY gap"
"lang\ms_MY\admin.lang","Permission941606","Delete receptions","","needs_translation","Direct en_US vs ms_MY gap"
"lang\ms_MY\admin.lang","Post-PromptHelp","This text will always be added after the text you enter to make an AI request","","needs_translation","Direct en_US vs ms_MY gap"
"lang\ms_MY\admin.lang","Pre-PromptHelp","This text will always be added before the text you enter to make an AI request","","needs_translation","Direct en_US vs ms_MY gap"
"lang\ms_MY\admin.lang","Sell","Sell","","needs_translation","Direct en_US vs ms_MY gap"
"lang\ms_MY\admin.lang","Server","Server","","needs_translation","Direct en_US vs ms_MY gap"
"lang\ms_MY\admin.lang","Sessions","User sessions","","needs_translation","Direct en_US vs ms_MY gap"
"lang\ms_MY\admin.lang","SetupNotSaved","Setup not saved","","needs_translation","Direct en_US vs ms_MY gap"
"lang\ms_MY\admin.lang","SetupSaved","Setup saved","","needs_translation","Direct en_US vs ms_MY gap"
"lang\ms_MY\admin.lang","Table","Table","","needs_translation","Direct en_US vs ms_MY gap"
"lang\ms_MY\admin.lang","Tables","Tables","","needs_translation","Direct en_US vs ms_MY gap"
"lang\ms_MY\admin.lang","Text","Text","","needs_translation","Direct en_US vs ms_MY gap"
"lang\ms_MY\admin.lang","TypeOfUnit","Type of unit","","needs_translation","Direct en_US vs ms_MY gap"
"lang\ms_MY\admin.lang","Upgrade","Upgrade","","needs_translation","Direct en_US vs ms_MY gap"
"lang\ms_MY\admin.lang","VATManagement","Sales Tax Management","","needs_translation","Direct en_US vs ms_MY gap"
"lang\ms_MY\admin.lang","Version","Version","","needs_translation","Direct en_US vs ms_MY gap"
"lang\ms_MY\agenda.lang","InvoiceDeleted","Invoice deleted","","needs_translation","Direct en_US vs ms_MY gap"
"lang\ms_MY\agenda.lang","OrderDeleted","Order deleted","","needs_translation","Direct en_US vs ms_MY gap"
"lang\ms_MY\assets.lang","AccountancyCodeAsset","Accounting code (asset)","","needs_translation","Direct en_US vs ms_MY gap"
"lang\ms_MY\assets.lang","AccountancyCodeDepreciationAsset","Accounting code (depreciation asset account)","","needs_translation","Direct en_US vs ms_MY gap"
"lang\ms_MY\assets.lang","AccountancyCodeDepreciationExpense","Accounting code (depreciation expense account)","","needs_translation","Direct en_US vs ms_MY gap"
"lang\ms_MY\assets.lang","Asset","Asset","","needs_translation","Direct en_US vs ms_MY gap"
"lang\ms_MY\assets.lang","ASSET_ACCOUNTANCY_CATEGORY","Fixed asset accounting group","","needs_translation","Direct en_US vs ms_MY gap"
"lang\ms_MY\assets.lang","ASSET_DEPRECIATION_DURATION_PER_YEAR","Proportional period in days for calculating amortization over one year","","needs_translation","Direct en_US vs ms_MY gap"
"lang\ms_MY\assets.lang","AssetAccountancyCodeAcceleratedDepreciation","Account","","needs_translation","Direct en_US vs ms_MY gap"
"lang\ms_MY\assets.lang","AssetAccountancyCodeAsset","Asset","","needs_translation","Direct en_US vs ms_MY gap"
"lang\ms_MY\assets.lang","AssetAccountancyCodeDepreciationAcceleratedDepreciation","Accelerated depreciation (tax)","","needs_translation","Direct en_US vs ms_MY gap"
"lang\ms_MY\assets.lang","AssetAccountancyCodeDepreciationAsset","Depreciation","","needs_translation","Direct en_US vs ms_MY gap"
"lang\ms_MY\assets.lang","AssetAccountancyCodeDepreciationEconomic","Economic depreciation","","needs_translation","Direct en_US vs ms_MY gap"
"lang\ms_MY\assets.lang","AssetAccountancyCodeDepreciationExpense","Depreciation expense","","needs_translation","Direct en_US vs ms_MY gap"
"lang\ms_MY\assets.lang","AssetAccountancyCodeEndowmentAcceleratedDepreciation","Depreciation expense","","needs_translation","Direct en_US vs ms_MY gap"
"lang\ms_MY\assets.lang","AssetAccountancyCodeProceedsFromSales","Proceeds from disposal","","needs_translation","Direct en_US vs ms_MY gap"
"lang\ms_MY\assets.lang","AssetAccountancyCodeProvisionAcceleratedDepreciation","Repossession/Provision","","needs_translation","Direct en_US vs ms_MY gap"
"lang\ms_MY\assets.lang","AssetAccountancyCodeReceivableOnAssignment","Receivable on disposal","","needs_translation","Direct en_US vs ms_MY gap"
"lang\ms_MY\assets.lang","AssetAccountancyCodes","Accounting accounts","","needs_translation","Direct en_US vs ms_MY gap"
"lang\ms_MY\assets.lang","AssetAccountancyCodeValueAssetSold","Value of asset disposed","","needs_translation","Direct en_US vs ms_MY gap"
"lang\ms_MY\assets.lang","AssetAccountancyCodeVatCollected","Collected VAT","","needs_translation","Direct en_US vs ms_MY gap"
"lang\ms_MY\assets.lang","AssetAccountancyCodeVatDeductible","Recovered VAT on assets","","needs_translation","Direct en_US vs ms_MY gap"
"lang\ms_MY\assets.lang","AssetAcquisitionType","Type of acquisition","","needs_translation","Direct en_US vs ms_MY gap"
"lang\ms_MY\assets.lang","AssetAcquisitionTypeNew","New","","needs_translation","Direct en_US vs ms_MY gap"
"lang\ms_MY\assets.lang","AssetAcquisitionTypeOccasion","Used","","needs_translation","Direct en_US vs ms_MY gap"
"lang\ms_MY\assets.lang","AssetAcquisitionValueHT","Acquisition amount (without taxes)","","needs_translation","Direct en_US vs ms_MY gap"
"lang\ms_MY\assets.lang","AssetBaseDepreciationHT","Depreciation basis (excl. VAT)","","needs_translation","Direct en_US vs ms_MY gap"
"lang\ms_MY\assets.lang","AssetConfirmDisposalAsk","Are you sure you want to dispose of the asset <b> %s</b>?","","needs_translation","Direct en_US vs ms_MY gap"
"lang\ms_MY\assets.lang","AssetConfirmReOpenAsk","Are you sure you want to reopen the asset <b> %s</b>?","","needs_translation","Direct en_US vs ms_MY gap"
"lang\ms_MY\assets.lang","AssetCumulativeDepreciationHT","Cumulative depreciation (excl. VAT)","","needs_translation","Direct en_US vs ms_MY gap"
"lang\ms_MY\assets.lang","AssetDateAcquisition","Acquisition date","","needs_translation","Direct en_US vs ms_MY gap"
"lang\ms_MY\assets.lang","AssetDateStart","Date of start-up","","needs_translation","Direct en_US vs ms_MY gap"
"lang\ms_MY\assets.lang","AssetDepreciation","Depreciation","","needs_translation","Direct en_US vs ms_MY gap"
"lang\ms_MY\assets.lang","AssetDepreciationBeginDate","Start of depreciation on","","needs_translation","Direct en_US vs ms_MY gap"
"lang\ms_MY\assets.lang","AssetDepreciationDate","Depreciation date","","needs_translation","Direct en_US vs ms_MY gap"
"lang\ms_MY\assets.lang","AssetDepreciationDuration","Duration","","needs_translation","Direct en_US vs ms_MY gap"
"lang\ms_MY\assets.lang","AssetDepreciationHT","Depreciation (excl. VAT)","","needs_translation","Direct en_US vs ms_MY gap"
"lang\ms_MY\assets.lang","AssetDepreciationOptionAcceleratedDepreciation","Accelerated depreciation (tax)","","needs_translation","Direct en_US vs ms_MY gap"
"lang\ms_MY\assets.lang","AssetDepreciationOptionAmountBaseDeductibleHT","Deductible base (excl. VAT)","","needs_translation","Direct en_US vs ms_MY gap"
"lang\ms_MY\assets.lang","AssetDepreciationOptionAmountBaseDepreciationHT","Depreciation base (excl. VAT)","","needs_translation","Direct en_US vs ms_MY gap"
"lang\ms_MY\assets.lang","AssetDepreciationOptionDegressiveRate","Degressive rate","","needs_translation","Direct en_US vs ms_MY gap"
"lang\ms_MY\assets.lang","AssetDepreciationOptionDepreciationType","Depreciation type","","needs_translation","Direct en_US vs ms_MY gap"
"lang\ms_MY\assets.lang","AssetDepreciationOptionDepreciationTypeDegressive","Degressive","","needs_translation","Direct en_US vs ms_MY gap"
"lang\ms_MY\assets.lang","AssetDepreciationOptionDepreciationTypeExceptional","Exceptional","","needs_translation","Direct en_US vs ms_MY gap"
"lang\ms_MY\assets.lang","AssetDepreciationOptionDepreciationTypeLinear","Linear","","needs_translation","Direct en_US vs ms_MY gap"
"lang\ms_MY\assets.lang","AssetDepreciationOptionDuration","Duration","","needs_translation","Direct en_US vs ms_MY gap"
"lang\ms_MY\assets.lang","AssetDepreciationOptionDurationType","Type duration","","needs_translation","Direct en_US vs ms_MY gap"
"lang\ms_MY\assets.lang","AssetDepreciationOptionDurationTypeAnnual","Annual","","needs_translation","Direct en_US vs ms_MY gap"
"lang\ms_MY\assets.lang","AssetDepreciationOptionDurationTypeDaily","Daily","","needs_translation","Direct en_US vs ms_MY gap"
"lang\ms_MY\assets.lang","AssetDepreciationOptionDurationTypeMonthly","Monthly","","needs_translation","Direct en_US vs ms_MY gap"
"lang\ms_MY\assets.lang","AssetDepreciationOptionEconomic","Economic depreciation","","needs_translation","Direct en_US vs ms_MY gap"
"lang\ms_MY\assets.lang","AssetDepreciationOptionRate","Rate (%%)","","needs_translation","Direct en_US vs ms_MY gap"
"lang\ms_MY\assets.lang","AssetDepreciationOptions","Depreciation options","","needs_translation","Direct en_US vs ms_MY gap"
"lang\ms_MY\assets.lang","AssetDepreciationOptionTotalAmountLastDepreciationHT","Total amount last depreciation (excl. VAT)","","needs_translation","Direct en_US vs ms_MY gap"
"lang\ms_MY\assets.lang","AssetDepreciationRate","Rate (%%)","","needs_translation","Direct en_US vs ms_MY gap"
"lang\ms_MY\assets.lang","AssetDepreciationReversal","Reversal","","needs_translation","Direct en_US vs ms_MY gap"
"lang\ms_MY\assets.lang","AssetDispatchedInBookkeeping","Depreciation recorded","","needs_translation","Direct en_US vs ms_MY gap"
"lang\ms_MY\assets.lang","AssetDisposal","Disposal","","needs_translation","Direct en_US vs ms_MY gap"
"lang\ms_MY\assets.lang","AssetDisposalAmount","Disposal value","","needs_translation","Direct en_US vs ms_MY gap"
"lang\ms_MY\assets.lang","AssetDisposalDate","Date of disposal","","needs_translation","Direct en_US vs ms_MY gap"
"lang\ms_MY\assets.lang","AssetDisposalDepreciated","Depreciate the year of transfer","","needs_translation","Direct en_US vs ms_MY gap"
"lang\ms_MY\assets.lang","AssetDisposalSubjectToVat","Disposal subject to VAT","","needs_translation","Direct en_US vs ms_MY gap"
"lang\ms_MY\assets.lang","AssetDisposalType","Type of disposal","","needs_translation","Direct en_US vs ms_MY gap"
"lang\ms_MY\assets.lang","AssetDisposed","Disposed","","needs_translation","Direct en_US vs ms_MY gap"
"lang\ms_MY\assets.lang","AssetErrorAddDepreciationLine","Error when adding a depreciation line","","needs_translation","Direct en_US vs ms_MY gap"
"lang\ms_MY\assets.lang","AssetErrorAssetOrAssetModelIDNotProvide","Id of the asset or the model found has not been provided","","needs_translation","Direct en_US vs ms_MY gap"
"lang\ms_MY\assets.lang","AssetErrorCalculationDepreciationLines","Error when calculating the depreciation lines (recovery and future)","","needs_translation","Direct en_US vs ms_MY gap"
"lang\ms_MY\assets.lang","AssetErrorClearDepreciationLines","Error when purging recorded depreciation lines (reversal and future)","","needs_translation","Direct en_US vs ms_MY gap"
"lang\ms_MY\assets.lang","AssetErrorDeleteAccountancyCodesForMode","Error when deleting accounting accounts from the '%s' depreciation mode","","needs_translation","Direct en_US vs ms_MY gap"
"lang\ms_MY\assets.lang","AssetErrorDeleteDepreciationOptionsForMode","Error when deleting the '%s' depreciation mode options","","needs_translation","Direct en_US vs ms_MY gap"
"lang\ms_MY\assets.lang","AssetErrorFetchAccountancyCodesForMode","Error when retrieving the accounting accounts for the '%s' depreciation mode","","needs_translation","Direct en_US vs ms_MY gap"
"lang\ms_MY\assets.lang","AssetErrorFetchCumulativeDepreciation","Error when retrieving the accumulated depreciation amount from the depreciation line","","needs_translation","Direct en_US vs ms_MY gap"
"lang\ms_MY\assets.lang","AssetErrorFetchDepreciationLines","Error when retrieving recorded depreciation lines","","needs_translation","Direct en_US vs ms_MY gap"
"lang\ms_MY\assets.lang","AssetErrorFetchDepreciationOptionsForMode","Error when retrieving options for the '%s' depreciation mode","","needs_translation","Direct en_US vs ms_MY gap"
"lang\ms_MY\assets.lang","AssetErrorInsertAccountancyCodesForMode","Error when inserting the accounting accounts of the depreciation mode '%s'","","needs_translation","Direct en_US vs ms_MY gap"
"lang\ms_MY\assets.lang","AssetErrorInsertDepreciationOptionsForMode","Error when inserting the '%s' depreciation mode options","","needs_translation","Direct en_US vs ms_MY gap"
"lang\ms_MY\assets.lang","AssetErrorReversalAmountNotProvidedForMode","The reversal amount is not provided for the depreciation mode '%s'.","","needs_translation","Direct en_US vs ms_MY gap"
"lang\ms_MY\assets.lang","AssetErrorReversalDateNotGreaterThanCurrentBeginFiscalDateForMode","The reversal date must be greater than or equal to the beginning of the current fiscal year for the '%s' depreciation method","","needs_translation","Direct en_US vs ms_MY gap"
"lang\ms_MY\assets.lang","AssetErrorReversalDateNotProvidedForMode","The reversal date is not provided for the '%s' depreciation method","","needs_translation","Direct en_US vs ms_MY gap"
"lang\ms_MY\assets.lang","AssetErrorSetLastCumulativeDepreciation","Error when recording the last accumulated depreciation amount","","needs_translation","Direct en_US vs ms_MY gap"
"lang\ms_MY\assets.lang","AssetFutureDepreciationLine","Future depreciation","","needs_translation","Direct en_US vs ms_MY gap"
"lang\ms_MY\assets.lang","AssetInDraft","Draft","","needs_translation","Direct en_US vs ms_MY gap"
"lang\ms_MY\assets.lang","AssetInProgress","In progress","","needs_translation","Direct en_US vs ms_MY gap"
"lang\ms_MY\assets.lang","AssetModel","Asset's model","","needs_translation","Direct en_US vs ms_MY gap"
"lang\ms_MY\assets.lang","AssetModels","Asset's models","","needs_translation","Direct en_US vs ms_MY gap"
"lang\ms_MY\assets.lang","AssetNotDepreciated","Not depreciated","","needs_translation","Direct en_US vs ms_MY gap"
"lang\ms_MY\assets.lang","AssetRecorded","Accounted","","needs_translation","Direct en_US vs ms_MY gap"
"lang\ms_MY\assets.lang","AssetRecoveredVAT","Recovered VAT","","needs_translation","Direct en_US vs ms_MY gap"
"lang\ms_MY\assets.lang","AssetResidualHT","Residual value (excl. VAT)","","needs_translation","Direct en_US vs ms_MY gap"
"lang\ms_MY\assets.lang","AssetReversalAmountHT","Reversal amount (without taxes)","","needs_translation","Direct en_US vs ms_MY gap"
"lang\ms_MY\assets.lang","AssetReversalDate","Reversal date","","needs_translation","Direct en_US vs ms_MY gap"
"lang\ms_MY\assets.lang","Assets","Assets","","needs_translation","Direct en_US vs ms_MY gap"
"lang\ms_MY\assets.lang","AssetSetup","Assets setup","","needs_translation","Direct en_US vs ms_MY gap"
"lang\ms_MY\assets.lang","AssetSetupPage","Assets setup page","","needs_translation","Direct en_US vs ms_MY gap"
"lang\ms_MY\assets.lang","AssetsLines","Assets","","needs_translation","Direct en_US vs ms_MY gap"
"lang\ms_MY\assets.lang","AssetsType","Asset model","","needs_translation","Direct en_US vs ms_MY gap"
"lang\ms_MY\assets.lang","AssetsTypeId","Asset model id","","needs_translation","Direct en_US vs ms_MY gap"
"lang\ms_MY\assets.lang","AssetsTypeLabel","Asset model label","","needs_translation","Direct en_US vs ms_MY gap"
"lang\ms_MY\assets.lang","AssetsTypes","Assets models","","needs_translation","Direct en_US vs ms_MY gap"
"lang\ms_MY\assets.lang","AssetType","Type of asset","","needs_translation","Direct en_US vs ms_MY gap"
"lang\ms_MY\assets.lang","AssetTypeFinancial","Financial","","needs_translation","Direct en_US vs ms_MY gap"
"lang\ms_MY\assets.lang","AssetTypeInProgress","In progress","","needs_translation","Direct en_US vs ms_MY gap"
"lang\ms_MY\assets.lang","AssetTypeIntangible","Intangible","","needs_translation","Direct en_US vs ms_MY gap"
"lang\ms_MY\assets.lang","AssetTypeTangible","Tangible","","needs_translation","Direct en_US vs ms_MY gap"
"lang\ms_MY\assets.lang","ConfirmDeleteAsset","Do you really want to remove this asset?","","needs_translation","Direct en_US vs ms_MY gap"
"lang\ms_MY\assets.lang","ConfirmDeleteAssetType","Are you sure you want to delete this asset model?","","needs_translation","Direct en_US vs ms_MY gap"
"lang\ms_MY\assets.lang","ConfirmValidateAsset","Are you sure you want to validate this asset with the reference <b>%s</b>?","","needs_translation","Direct en_US vs ms_MY gap"
"lang\ms_MY\assets.lang","DeleteAnAssetType","Delete an asset model","","needs_translation","Direct en_US vs ms_MY gap"
"lang\ms_MY\assets.lang","DeleteType","Delete","","needs_translation","Direct en_US vs ms_MY gap"
"lang\ms_MY\assets.lang","ExtraFieldsAssetModel","Complementary attributes (Asset's model)","","needs_translation","Direct en_US vs ms_MY gap"
"lang\ms_MY\assets.lang","MenuAssetModels","Model assets","","needs_translation","Direct en_US vs ms_MY gap"
"lang\ms_MY\assets.lang","MenuAssets","Assets","","needs_translation","Direct en_US vs ms_MY gap"
"lang\ms_MY\assets.lang","MenuListAssetModels","List","","needs_translation","Direct en_US vs ms_MY gap"
"lang\ms_MY\assets.lang","MenuListAssets","List","","needs_translation","Direct en_US vs ms_MY gap"
"lang\ms_MY\assets.lang","MenuNewAsset","New asset","","needs_translation","Direct en_US vs ms_MY gap"
"lang\ms_MY\assets.lang","MenuNewAssetModel","New asset's model","","needs_translation","Direct en_US vs ms_MY gap"
"lang\ms_MY\assets.lang","ModuleAssetsDesc","Assets description","","needs_translation","Direct en_US vs ms_MY gap"
"lang\ms_MY\assets.lang","ModuleAssetsName","Assets","","needs_translation","Direct en_US vs ms_MY gap"
"lang\ms_MY\assets.lang","NewAsset","New asset","","needs_translation","Direct en_US vs ms_MY gap"
"lang\ms_MY\assets.lang","ShowTypeCard","Show model '%s'","","needs_translation","Direct en_US vs ms_MY gap"
"lang\ms_MY\bills.lang","BIC","BIC/SWIFT","","needs_translation","Direct en_US vs ms_MY gap"
"lang\ms_MY\bills.lang","Cash","Cash","","needs_translation","Direct en_US vs ms_MY gap"
"lang\ms_MY\bills.lang","CreditNote","Credit note","","needs_translation","Direct en_US vs ms_MY gap"
"lang\ms_MY\bills.lang","CreditNotes","Credit notes","","needs_translation","Direct en_US vs ms_MY gap"
"lang\ms_MY\bills.lang","Deposit","Down payment","","needs_translation","Direct en_US vs ms_MY gap"
"lang\ms_MY\bills.lang","IBAN","IBAN","","needs_translation","Direct en_US vs ms_MY gap"
"lang\ms_MY\bills.lang","InvoiceRef","Invoice ref.","","needs_translation","Direct en_US vs ms_MY gap"
"lang\ms_MY\bills.lang","InvoiceStatus","Invoice status","","needs_translation","Direct en_US vs ms_MY gap"
"lang\ms_MY\bills.lang","InvoiceType","Invoice type","","needs_translation","Direct en_US vs ms_MY gap"
"lang\ms_MY\bills.lang","Refunded","Refunded","","needs_translation","Direct en_US vs ms_MY gap"
"lang\ms_MY\bills.lang","ReplacementInvoice","Replacement invoice","","needs_translation","Direct en_US vs ms_MY gap"
"lang\ms_MY\bills.lang","Sales","Sales","","needs_translation","Direct en_US vs ms_MY gap"
"lang\ms_MY\bills.lang","Statut","Status","","needs_translation","Direct en_US vs ms_MY gap"
"lang\ms_MY\bills.lang","ValidateInvoice","Validate invoice","","needs_translation","Direct en_US vs ms_MY gap"
"lang\ms_MY\blockedlog.lang","AddedByAuthority","Stored into remote authority","","needs_translation","Direct en_US vs ms_MY gap"
"lang\ms_MY\blockedlog.lang","ApplicationHasBeenRegistered","Your application has been registered.","","needs_translation","Direct en_US vs ms_MY gap"
"lang\ms_MY\blockedlog.lang","ArchiveLogs","Archives of immutable logs","","needs_translation","Direct en_US vs ms_MY gap"
"lang\ms_MY\blockedlog.lang","ArchivesDesc","You can use this tool to export immutable logs into archive files. They are kept into the system but you should download and copy them into external supports.","","needs_translation","Direct en_US vs ms_MY gap"
"lang\ms_MY\blockedlog.lang","BlockedLog","Immutable Logs","","needs_translation","Direct en_US vs ms_MY gap"
"lang\ms_MY\blockedlog.lang","BLOCKEDLOG_REGISTRATION_ADDRESS","Company address","","needs_translation","Direct en_US vs ms_MY gap"
"lang\ms_MY\blockedlog.lang","BLOCKEDLOG_REGISTRATION_COUNTRY_CODE","Company country","","needs_translation","Direct en_US vs ms_MY gap"
"lang\ms_MY\blockedlog.lang","BLOCKEDLOG_REGISTRATION_EMAIL","Company email","","needs_translation","Direct en_US vs ms_MY gap"
"lang\ms_MY\blockedlog.lang","BLOCKEDLOG_REGISTRATION_IDPROF1","Company Prof Id 1 (SIREN)","","needs_translation","Direct en_US vs ms_MY gap"
"lang\ms_MY\blockedlog.lang","BLOCKEDLOG_REGISTRATION_NAME","Company name","","needs_translation","Direct en_US vs ms_MY gap"
"lang\ms_MY\blockedlog.lang","BLOCKEDLOG_REGISTRATION_STATE","Company state/province","","needs_translation","Direct en_US vs ms_MY gap"
"lang\ms_MY\blockedlog.lang","BLOCKEDLOG_REGISTRATION_TOWN","Company town","","needs_translation","Direct en_US vs ms_MY gap"
"lang\ms_MY\blockedlog.lang","BLOCKEDLOG_REGISTRATION_ZIP","Company zip","","needs_translation","Direct en_US vs ms_MY gap"
"lang\ms_MY\blockedlog.lang","BlockedLogActivatedBecauseRequiredByYourCountryLegislation","Immutable Logs module was activated because of the legislation of your country. Disabling this module may render any future transactions invalid with respect to the law and the use of legal software as they cannot be validated by a tax audit.","","needs_translation","Direct en_US vs ms_MY gap"
"lang\ms_MY\blockedlog.lang","BlockedLogAreRequiredByYourCountryLegislation","Immutable Logs module may be required by the legislation of your country. Disabling this module may render any future transactions invalid with respect to the law and the use of legal software as they could not be certified immutable when recorded without this module on.","","needs_translation","Direct en_US vs ms_MY gap"
"lang\ms_MY\blockedlog.lang","BlockedLogBillDownload","Customer invoice download","","needs_translation","Direct en_US vs ms_MY gap"
"lang\ms_MY\blockedlog.lang","BlockedLogBillPreview","Customer invoice preview or print","","needs_translation","Direct en_US vs ms_MY gap"
"lang\ms_MY\blockedlog.lang","BlockedLogDesc","This module tracks some events into an immutable log (that you can't modify once recorded) into a block chain, in real time. This module provides features for compatibility with legal requirements of some countries (Spain, France - Loi Finance, ...).","","needs_translation","Direct en_US vs ms_MY gap"
"lang\ms_MY\blockedlog.lang","BlockedLogDisabled","System to track events into immutable logs has been disabled after some recording were done. We saved a special Fingerprint to track the chain as broken","","needs_translation","Direct en_US vs ms_MY gap"
"lang\ms_MY\blockedlog.lang","BlockedLogDisabledBis","System to track events into immutable logs has been disabled. This is possible because no record were done yet.","","needs_translation","Direct en_US vs ms_MY gap"
"lang\ms_MY\blockedlog.lang","BlockedLogDisableNotAllowedForCountry","List of countries where usage of this module is mandatory (just to prevent to disable the module by error, if your country is in this list, disable of module is not possible without editing this list first.","","needs_translation","Direct en_US vs ms_MY gap"
"lang\ms_MY\blockedlog.lang","BlockedLogDisableNotAllowedForCountry2","Note also that enabling/disabling this module (possible if your country is not in this list) will always keep a track into the Immutable Logs tracking system that will be clearly visible in case of control.","","needs_translation","Direct en_US vs ms_MY gap"
"lang\ms_MY\blockedlog.lang","BlockedLogEnabled","System to track events into immutable logs has been enabled","","needs_translation","Direct en_US vs ms_MY gap"
"lang\ms_MY\blockedlog.lang","BlockedlogInfoDialog","Log Details","","needs_translation","Direct en_US vs ms_MY gap"
"lang\ms_MY\blockedlog.lang","BrowseBlockedLog","Immutable logs","","needs_translation","Direct en_US vs ms_MY gap"
"lang\ms_MY\blockedlog.lang","CompanyInitialKey","Company initial key (hash of genesis block)","","needs_translation","Direct en_US vs ms_MY gap"
"lang\ms_MY\blockedlog.lang","ControlFile","Control the file","","needs_translation","Direct en_US vs ms_MY gap"
"lang\ms_MY\blockedlog.lang","DataOfArchivedEvent","Complete data of archived event","","needs_translation","Direct en_US vs ms_MY gap"
"lang\ms_MY\blockedlog.lang","DataOfArchivedEventHelp","This field contains the complementary data that was archived on real time. Even if some parent business event could have been canceled or modified, the data stored here is the original data, and it can't be modified.","","needs_translation","Direct en_US vs ms_MY gap"
"lang\ms_MY\blockedlog.lang","DataOfArchivedEventHelp2","The integrity of data on each line is guaranteed if the status of the line is OK","","needs_translation","Direct en_US vs ms_MY gap"
"lang\ms_MY\blockedlog.lang","DebugInfo","Debug info","","needs_translation","Direct en_US vs ms_MY gap"
"lang\ms_MY\blockedlog.lang","DebugTools","Debug tools","","needs_translation","Direct en_US vs ms_MY gap"
"lang\ms_MY\blockedlog.lang","DetectionOfSystemRestoration","Detection of database system restoration or deletion of the last line","","needs_translation","Direct en_US vs ms_MY gap"
"lang\ms_MY\blockedlog.lang","DisablingBlockedLogIsNotallowedOnceUsedExceptOnFullreset","Disabling %s module is not allowed once it has been used, except for a full database reset. Ask your integrator or reseller if you need such a reset.","","needs_translation","Direct en_US vs ms_MY gap"
"lang\ms_MY\blockedlog.lang","DownloadBlockChain","Download blockchain","","needs_translation","Direct en_US vs ms_MY gap"
"lang\ms_MY\blockedlog.lang","DownloadLogCSV","Export immutable logs (CSV)","","needs_translation","Direct en_US vs ms_MY gap"
"lang\ms_MY\blockedlog.lang","ErrorPeriodMustBePastToAllowExport","Export into archives was done on a not complete period. A partial file has been generated and no entry was recorded for this temporary export, so you must redo it once period is completely finished to get a valid archive file for the period.","","needs_translation","Direct en_US vs ms_MY gap"
"lang\ms_MY\blockedlog.lang","FeatureOnlyWhenArchiveAnalyzedFrom","This feature is for the moment available only when archive is controled from %s","","needs_translation","Direct en_US vs ms_MY gap"
"lang\ms_MY\blockedlog.lang","FileAuthenticity","File authenticity","","needs_translation","Direct en_US vs ms_MY gap"
"lang\ms_MY\blockedlog.lang","FileContentMatchSignature","File content matches the signature","","needs_translation","Direct en_US vs ms_MY gap"
"lang\ms_MY\blockedlog.lang","FileHasBeenCorrupted","The file integrity is wrong. It may have been altered (by a disk problem or manual corruption).","","needs_translation","Direct en_US vs ms_MY gap"
"lang\ms_MY\blockedlog.lang","FileHasBeenCorruptedOrNotFromInstance","The file integrity/authenticity is wrong. File may have been altered (by a disk problem or a manual corruption.","","needs_translation","Direct en_US vs ms_MY gap"
"lang\ms_MY\blockedlog.lang","FileHasBeenEncodedWithASecretKeyStartingWith","The archive file content says it has been signed with a secret key starting with","","needs_translation","Direct en_US vs ms_MY gap"
"lang\ms_MY\blockedlog.lang","FileIntegrity","File integrity","","needs_translation","Direct en_US vs ms_MY gap"
"lang\ms_MY\blockedlog.lang","FileNotFromInstance","The file integrity seems good but authenticity is wrong. File has not been generated by this instance.","","needs_translation","Direct en_US vs ms_MY gap"
"lang\ms_MY\blockedlog.lang","FileWasGeneratedByThisInstance","File was generated by this instance","","needs_translation","Direct en_US vs ms_MY gap"
"lang\ms_MY\blockedlog.lang","Fingerprint","Signature","","needs_translation","Direct en_US vs ms_MY gap"
"lang\ms_MY\blockedlog.lang","FingerprintDatabase","Signature in database","","needs_translation","Direct en_US vs ms_MY gap"
"lang\ms_MY\blockedlog.lang","FingerprintExport","Signature of export","","needs_translation","Direct en_US vs ms_MY gap"
"lang\ms_MY\blockedlog.lang","FingerprintExportHMAC","Signature of export HMAC","","needs_translation","Direct en_US vs ms_MY gap"
"lang\ms_MY\blockedlog.lang","FingerprintInBlockedLog","Signature in Immutable Logs table","","needs_translation","Direct en_US vs ms_MY gap"
"lang\ms_MY\blockedlog.lang","Fingerprints","Archived events and fingerprints","","needs_translation","Direct en_US vs ms_MY gap"
"lang\ms_MY\blockedlog.lang","FingerprintsDesc","This is the tool to browse or extract the immutable logs. Immutable Logs are generated and store into a dedicated table of the systel, in real time when a business event appears.","","needs_translation","Direct en_US vs ms_MY gap"
"lang\ms_MY\blockedlog.lang","FingerprintsDesc2","If you really need to purge this table because you used your application for a demo/test purpose and want to clean your data to start your production, you can ask your reseller or integrator to reset your database (all your data will be removed).","","needs_translation","Direct en_US vs ms_MY gap"
"lang\ms_MY\blockedlog.lang","FullRegistrationNumber","Long Registration number","","needs_translation","Direct en_US vs ms_MY gap"
"lang\ms_MY\blockedlog.lang","IfIntegrityAuthenticityIsOkYouCanGetdetailByOpeningTheFile","If integrity and authenticity of file is ok, you can get more details on all events by downloading and opening the file with any speadsheet software (Excel, LibreOffice Calc, Google sheets... using the character <b>;</b> as column separator and the <b>.</b> as decimal separator. Use ""international"" or ""English USA"" if you have predefined import presets).","","needs_translation","Direct en_US vs ms_MY gap"
"lang\ms_MY\blockedlog.lang","IfIntegrityAuthenticityIsOkYouCanGetdetailByOpeningTheFile2","So you can use any filter of your choice and see detail of references, amounts, cumulative and/or pertetual amounts of each events.","","needs_translation","Direct en_US vs ms_MY gap"
"lang\ms_MY\blockedlog.lang","ImpossibleToReloadObject","Original object (type %s, id %s) not linked (see 'Full datas' column to get immutable saved data)","","needs_translation","Direct en_US vs ms_MY gap"
"lang\ms_MY\blockedlog.lang","InformationWillBePublishedTo","Fill this form and submit it.","","needs_translation","Direct en_US vs ms_MY gap"
"lang\ms_MY\blockedlog.lang","InformationWillBePublishedTo2","All the following information will be pushed to the following organization: %s (See %s for the data privacy policy)","","needs_translation","Direct en_US vs ms_MY gap"
"lang\ms_MY\blockedlog.lang","InformationWillBePublishedTo3","Also, each time you record a sensible data, a counter and footprint may be transferred to this organization too (to allow detection of data restauration or unallowed record deletion). If you don't agree with this, do not register and do not enable this module.","","needs_translation","Direct en_US vs ms_MY gap"
"lang\ms_MY\blockedlog.lang","InvoiceGeneratedWithLNECandidatePOSSystem","Invoice generated with a candidate for the LNE certified POS system","","needs_translation","Direct en_US vs ms_MY gap"
"lang\ms_MY\blockedlog.lang","InvoiceGeneratedWithLNECertifiedPOSSystem","Invoice generated with a LNE certified POS system","","needs_translation","Direct en_US vs ms_MY gap"
"lang\ms_MY\blockedlog.lang","KoCheckFingerprintValidity","Archived log entry is not valid. It means someone (a hacker?) has modified some data of this record after it was recorded, OR has erased the previous archived record (check that the line with previous # exists) OR has modified the checksum of the previous record.","","needs_translation","Direct en_US vs ms_MY gap"
"lang\ms_MY\blockedlog.lang","LastRegistrationDate","Last registration update date","","needs_translation","Direct en_US vs ms_MY gap"
"lang\ms_MY\blockedlog.lang","LinkHasBeenDisabledForPerformancePurpose","For performance purpose, direct link to the document is not shown after the 100th line.","","needs_translation","Direct en_US vs ms_MY gap"
"lang\ms_MY\blockedlog.lang","ListOfTrackedEvents","List of tracked events","","needs_translation","Direct en_US vs ms_MY gap"
"lang\ms_MY\blockedlog.lang","LNECandidatePOSSystem","POS system candidate for the LNE certification","","needs_translation","Direct en_US vs ms_MY gap"
"lang\ms_MY\blockedlog.lang","LNECandidateVersionForCertificationFR","The version %s of module Immutable Logs is a candidate version to become a LNE certified version. Not yet certified.","","needs_translation","Direct en_US vs ms_MY gap"
"lang\ms_MY\blockedlog.lang","LNECertifiedPOSSystem","LNE Certified POS system","","needs_translation","Direct en_US vs ms_MY gap"
"lang\ms_MY\blockedlog.lang","LNECertifiedVersionFR","The version %s of module Immutable Logs is a certified version. More information on https://www.dolibarr.org/certifications.php","","needs_translation","Direct en_US vs ms_MY gap"
"lang\ms_MY\blockedlog.lang","logBILL_DELETE","Customer invoice logically deleted","","needs_translation","Direct en_US vs ms_MY gap"
"lang\ms_MY\blockedlog.lang","logBILL_PAYED","Customer invoice paid","","needs_translation","Direct en_US vs ms_MY gap"
"lang\ms_MY\blockedlog.lang","logBILL_SENTBYMAIL","Customer invoice send by mail","","needs_translation","Direct en_US vs ms_MY gap"
"lang\ms_MY\blockedlog.lang","logBILL_UNPAYED","Customer invoice set unpaid","","needs_translation","Direct en_US vs ms_MY gap"
"lang\ms_MY\blockedlog.lang","logBILL_VALIDATE","Customer invoice validated","","needs_translation","Direct en_US vs ms_MY gap"
"lang\ms_MY\blockedlog.lang","logBLOCKEDLOG_EXPORT","Export of immutable logs into a file","","needs_translation","Direct en_US vs ms_MY gap"
"lang\ms_MY\blockedlog.lang","logCASHCONTROL_CLOSE","Cash register closing","","needs_translation","Direct en_US vs ms_MY gap"
"lang\ms_MY\blockedlog.lang","logCASHCONTROL_VALIDATE","Cash register validation","","needs_translation","Direct en_US vs ms_MY gap"
"lang\ms_MY\blockedlog.lang","logDOC_DOWNLOAD","Download of a document in order to print or send","","needs_translation","Direct en_US vs ms_MY gap"
"lang\ms_MY\blockedlog.lang","logDOC_PREVIEW","Preview of a document in order to print or download","","needs_translation","Direct en_US vs ms_MY gap"
"lang\ms_MY\blockedlog.lang","logDON_DELETE","Donation logical deletion","","needs_translation","Direct en_US vs ms_MY gap"
"lang\ms_MY\blockedlog.lang","logDON_MODIFY","Donation modified","","needs_translation","Direct en_US vs ms_MY gap"
"lang\ms_MY\blockedlog.lang","logDON_VALIDATE","Donation validated","","needs_translation","Direct en_US vs ms_MY gap"
"lang\ms_MY\blockedlog.lang","logDONATION_PAYMENT_CREATE","Donation payment created","","needs_translation","Direct en_US vs ms_MY gap"
"lang\ms_MY\blockedlog.lang","logDONATION_PAYMENT_DELETE","Donation payment logical deletion","","needs_translation","Direct en_US vs ms_MY gap"
"lang\ms_MY\blockedlog.lang","logMEMBER_SUBSCRIPTION_CREATE","Member subscription created","","needs_translation","Direct en_US vs ms_MY gap"
"lang\ms_MY\blockedlog.lang","logMEMBER_SUBSCRIPTION_DELETE","Member subscription logical deletion","","needs_translation","Direct en_US vs ms_MY gap"
"lang\ms_MY\blockedlog.lang","logMEMBER_SUBSCRIPTION_MODIFY","Member subscription modified","","needs_translation","Direct en_US vs ms_MY gap"
"lang\ms_MY\blockedlog.lang","logMODULE_RESET","Module BlockedLog was disabled","","needs_translation","Direct en_US vs ms_MY gap"
"lang\ms_MY\blockedlog.lang","logMODULE_SET","Module BlockedLog was enabled","","needs_translation","Direct en_US vs ms_MY gap"
"lang\ms_MY\blockedlog.lang","logPAYMENT_ADD_TO_BANK","Payment added to bank","","needs_translation","Direct en_US vs ms_MY gap"
"lang\ms_MY\blockedlog.lang","logPAYMENT_CUSTOMER","Customer payments","","needs_translation","Direct en_US vs ms_MY gap"
"lang\ms_MY\blockedlog.lang","logPAYMENT_CUSTOMER_CREATE","Customer payment created","","needs_translation","Direct en_US vs ms_MY gap"
"lang\ms_MY\blockedlog.lang","logPAYMENT_CUSTOMER_DELETE","Customer payment logical deletion","","needs_translation","Direct en_US vs ms_MY gap"
"lang\ms_MY\blockedlog.lang","logPAYMENT_VARIOUS_CREATE","Payment (not assigned to an invoice) created","","needs_translation","Direct en_US vs ms_MY gap"
"lang\ms_MY\blockedlog.lang","logPAYMENT_VARIOUS_DELETE","Payment (not assigned to an invoice) logical deletion","","needs_translation","Direct en_US vs ms_MY gap"
"lang\ms_MY\blockedlog.lang","logPAYMENT_VARIOUS_MODIFY","Payment (not assigned to an invoice) modified","","needs_translation","Direct en_US vs ms_MY gap"
"lang\ms_MY\blockedlog.lang","MAIN_INFO_ITPROVIDER_ADDRESS","IT supplier address","","needs_translation","Direct en_US vs ms_MY gap"
"lang\ms_MY\blockedlog.lang","MAIN_INFO_ITPROVIDER_COUNTRY","IT supplier country","","needs_translation","Direct en_US vs ms_MY gap"
"lang\ms_MY\blockedlog.lang","MAIN_INFO_ITPROVIDER_IDPROF1","IT supplier Prof Id 1 (SIREN)","","needs_translation","Direct en_US vs ms_MY gap"
"lang\ms_MY\blockedlog.lang","MAIN_INFO_ITPROVIDER_MAIL","IT supplier email","","needs_translation","Direct en_US vs ms_MY gap"
"lang\ms_MY\blockedlog.lang","MAIN_INFO_ITPROVIDER_NAME","IT supplier name","","needs_translation","Direct en_US vs ms_MY gap"
"lang\ms_MY\blockedlog.lang","MAIN_INFO_ITPROVIDER_STATE","IT supplier state/province","","needs_translation","Direct en_US vs ms_MY gap"
"lang\ms_MY\blockedlog.lang","MAIN_INFO_ITPROVIDER_TOWN","IT supplier town","","needs_translation","Direct en_US vs ms_MY gap"
"lang\ms_MY\blockedlog.lang","MAIN_INFO_ITPROVIDER_ZIP","IT supplier zip","","needs_translation","Direct en_US vs ms_MY gap"
"lang\ms_MY\blockedlog.lang","nbLinesModifiedBeforeExport","Some lines were flagged as modified in the Immutable Logs database before the export. Such lines are reported with value KO in the ""status"" column of the archive file.","","needs_translation","Direct en_US vs ms_MY gap"
"lang\ms_MY\blockedlog.lang","nbLinesModifiedInExportButKo","Some lines are set as valid in export but are detected as modified in Immutable Logs database.","","needs_translation","Direct en_US vs ms_MY gap"
"lang\ms_MY\blockedlog.lang","NotAddedByAuthorityYet","Not yet stored into remote authority","","needs_translation","Direct en_US vs ms_MY gap"
"lang\ms_MY\blockedlog.lang","NotCertifiedVersionFR","This version %s of application is technically compliant with the french VAT anti-fraud law (check any update of the law of your country), but you MUST get the compliant statement from an IT company to be allowed to use this software to collect payments from private individuals (ask your reseller or integrator to get this statement of compliance).","","needs_translation","Direct en_US vs ms_MY gap"
"lang\ms_MY\blockedlog.lang","NumberOfEmailsSent","Number of emails sent","","needs_translation","Direct en_US vs ms_MY gap"
"lang\ms_MY\blockedlog.lang","NumberOfPrints","Number of prints","","needs_translation","Direct en_US vs ms_MY gap"
"lang\ms_MY\blockedlog.lang","NumberOfPrintsIfDocValidated","Number of prints (excluding temporary status)","","needs_translation","Direct en_US vs ms_MY gap"
"lang\ms_MY\blockedlog.lang","OkCheckFingerprintValidity","Archived log record is valid. The data on this line was not modified and the entry follows the previous one.","","needs_translation","Direct en_US vs ms_MY gap"
"lang\ms_MY\blockedlog.lang","OkCheckFingerprintValidityButChainIsKo","Archived log seems valid compared to previous one but the chain was corrupted previously.","","needs_translation","Direct en_US vs ms_MY gap"
"lang\ms_MY\blockedlog.lang","OnlyNonValid","Non-valid","","needs_translation","Direct en_US vs ms_MY gap"
"lang\ms_MY\blockedlog.lang","PaymentOf","Payment of","","needs_translation","Direct en_US vs ms_MY gap"
"lang\ms_MY\blockedlog.lang","PreviousFingerprint","Previous signature","","needs_translation","Direct en_US vs ms_MY gap"
"lang\ms_MY\blockedlog.lang","RegistrationDoneAndModuleEnabled","The new registration information have been saved and registered. The module %s is enabled.","","needs_translation","Direct en_US vs ms_MY gap"
"lang\ms_MY\blockedlog.lang","RegistrationNumber","Registration number","","needs_translation","Direct en_US vs ms_MY gap"
"lang\ms_MY\blockedlog.lang","RegistrationRequired","Registration expected","","needs_translation","Direct en_US vs ms_MY gap"
"lang\ms_MY\blockedlog.lang","ReplacedBy","Replaced by","","needs_translation","Direct en_US vs ms_MY gap"
"lang\ms_MY\blockedlog.lang","RestrictYearToExport","Restrict month / year to export","","needs_translation","Direct en_US vs ms_MY gap"
"lang\ms_MY\blockedlog.lang","SaveAndEnableModule","Register and enable module","","needs_translation","Direct en_US vs ms_MY gap"
"lang\ms_MY\blockedlog.lang","SavedOnLine","Saved on line","","needs_translation","Direct en_US vs ms_MY gap"
"lang\ms_MY\blockedlog.lang","SecretKey","Secret key","","needs_translation","Direct en_US vs ms_MY gap"
"lang\ms_MY\blockedlog.lang","ShowAllFingerPrintsErrorsMightBeTooLong","Show all non-valid immutable logs (might be long)","","needs_translation","Direct en_US vs ms_MY gap"
"lang\ms_MY\blockedlog.lang","ShowAllFingerPrintsMightBeTooLong","Show all archived unlaterable logs (might be long)","","needs_translation","Direct en_US vs ms_MY gap"
"lang\ms_MY\blockedlog.lang","TooManyRecordToScanRestrictFilters","Too many records to scan/analyze. Please restrict list with more restrictive filters.","","needs_translation","Direct en_US vs ms_MY gap"
"lang\ms_MY\blockedlog.lang","TotalForAction","Total for event %s","","needs_translation","Direct en_US vs ms_MY gap"
"lang\ms_MY\blockedlog.lang","TotalTTCIfInvoiceSeeCompleteDataForDetail","Event amount. Total including tax if invoice. See the column ""complete data"" for details.","","needs_translation","Direct en_US vs ms_MY gap"
"lang\ms_MY\blockedlog.lang","TypeOfEvent","Type of event","","needs_translation","Direct en_US vs ms_MY gap"
"lang\ms_MY\blockedlog.lang","UnalterableLogTool1","The law of some countries (like in France when doing B2C), ask that you do it on a regular basis.","","needs_translation","Direct en_US vs ms_MY gap"
"lang\ms_MY\blockedlog.lang","UnalterableLogTool1FR","Remind: In France, you MUST generate archives of the immutable logs, at least, once every year. We recommand to do it once per month. Also, you MUST keep these archives for at least 7 years. According to the law, It is the user's responsibility to store their archives on media that guarantee their preservation, including in the event of hardware failure, so we recommand to store them on at least 2 different physical supports.","","needs_translation","Direct en_US vs ms_MY gap"
"lang\ms_MY\blockedlog.lang","UnalterableLogTool2","The journal of Immutable Logs contains the history of data that need immutable recording. It is the responsibility of the user of the application to ensure backups in order to comply with legal obligations. When securing your immutable logs by exporting and storing archives files (from tab <b>%s</b>), it is recommended to store the exported archive files in at least 2 different places (Secured cloud, External USB drive, ...).","","needs_translation","Direct en_US vs ms_MY gap"
"lang\ms_MY\blockedlog.lang","UnalterableLogTool3","Note that, there is no feature to purge this log and every change tried to be done directly into this log (by a hacker for example) will be reported with a non-valid fingerprint.","","needs_translation","Direct en_US vs ms_MY gap"
"lang\ms_MY\blockedlog.lang","UnalterableLogToolRegistrationFR","Before using a software compliant with VAT Anti-Fraud laws, you must register your contact information, in order to be informed of any issue or upgrade required by your installation. This may be a legal requirement of you country.","","needs_translation","Direct en_US vs ms_MY gap"
"lang\ms_MY\blockedlog.lang","UnlaterableDataOfEvent","Immutable data of event","","needs_translation","Direct en_US vs ms_MY gap"
"lang\ms_MY\blockedlog.lang","URLToForcePushOfBlockedLogCounter","URL to force the push of the last immutable record counter","","needs_translation","Direct en_US vs ms_MY gap"
"lang\ms_MY\blockedlog.lang","URLToForceRegistration","URL to force the registration","","needs_translation","Direct en_US vs ms_MY gap"
"lang\ms_MY\blockedlog.lang","UserRegistration","User registration","","needs_translation","Direct en_US vs ms_MY gap"
"lang\ms_MY\blockedlog.lang","UseThisFormToUpdate","Use this form to update your registration information","","needs_translation","Direct en_US vs ms_MY gap"
"lang\ms_MY\blockedlog.lang","VersionSignature","Version of signature","","needs_translation","Direct en_US vs ms_MY gap"
"lang\ms_MY\blockedlog.lang","YouMayFindDocumentOn","You may find documentation related to the responsability and application usage to be compliant with local laws from this link","","needs_translation","Direct en_US vs ms_MY gap"
"lang\ms_MY\blockedlog.lang","YourCountryCode","Your country code","","needs_translation","Direct en_US vs ms_MY gap"
"lang\ms_MY\boxes.lang","NoSupplierOrder","No purchase order recorded","","needs_translation","Direct en_US vs ms_MY gap"
"lang\ms_MY\cashdesk.lang","Footer","Footer","","needs_translation","Direct en_US vs ms_MY gap"
"lang\ms_MY\cashdesk.lang","Header","Header","","needs_translation","Direct en_US vs ms_MY gap"
"lang\ms_MY\cashdesk.lang","NoProductFound","No article found","","needs_translation","Direct en_US vs ms_MY gap"
"lang\ms_MY\cashdesk.lang","NoVAT","No VAT for this sale","","needs_translation","Direct en_US vs ms_MY gap"
"lang\ms_MY\cashdesk.lang","POSModule","POS Module","","needs_translation","Direct en_US vs ms_MY gap"
"lang\ms_MY\cashdesk.lang","PrintReport","Print report","","needs_translation","Direct en_US vs ms_MY gap"
"lang\ms_MY\cashdesk.lang","SearchProduct","Search product","","needs_translation","Direct en_US vs ms_MY gap"
"lang\ms_MY\categories.lang","ByDefaultInList","By default in list","","needs_translation","Direct en_US vs ms_MY gap"
"lang\ms_MY\commercial.lang","DraftPropals","Draft commercial proposals","","needs_translation","Direct en_US vs ms_MY gap"
"lang\ms_MY\commercial.lang","Stats","Sales statistics","","needs_translation","Direct en_US vs ms_MY gap"
"lang\ms_MY\companies.lang","Call","Call","","needs_translation","Direct en_US vs ms_MY gap"
"lang\ms_MY\companies.lang","DeleteFile","Delete file","","needs_translation","Direct en_US vs ms_MY gap"
"lang\ms_MY\companies.lang","DeliveryAddress","Delivery address","","needs_translation","Direct en_US vs ms_MY gap"
"lang\ms_MY\companies.lang","PriceFormatInCurrentLanguage","Price display format in the current language and currency","","needs_translation","Direct en_US vs ms_MY gap"
"lang\ms_MY\companies.lang","PriceLevel","Price Level","","needs_translation","Direct en_US vs ms_MY gap"
"lang\ms_MY\companies.lang","ShowCompany","Third Party","","needs_translation","Direct en_US vs ms_MY gap"
"lang\ms_MY\companies.lang","Staff","Employees","","needs_translation","Direct en_US vs ms_MY gap"
"lang\ms_MY\companies.lang","SupplierCategory","Vendor category","","needs_translation","Direct en_US vs ms_MY gap"
"lang\ms_MY\compta.lang","DeleteFromCat","Remove from accounting group","","needs_translation","Direct en_US vs ms_MY gap"
"lang\ms_MY\compta.lang","DeleteVAT","Delete a VAT declaration","","needs_translation","Direct en_US vs ms_MY gap"
"lang\ms_MY\compta.lang","Refund","Refund","","needs_translation","Direct en_US vs ms_MY gap"
"lang\ms_MY\compta.lang","TotalToPay","Total to pay","","needs_translation","Direct en_US vs ms_MY gap"
"lang\ms_MY\compta.lang","VATDeclaration","VAT declaration","","needs_translation","Direct en_US vs ms_MY gap"
"lang\ms_MY\contracts.lang","ServiceStatus","Status of service","","needs_translation","Direct en_US vs ms_MY gap"
"lang\ms_MY\cron.lang","BackupIsTooLargeSend","Sorry, last backup file is too large to be send by email","","needs_translation","Direct en_US vs ms_MY gap"
"lang\ms_MY\cron.lang","CleanUnfinishedCronjob","Clean cronjob stuck in processing when the process is no longer running","","needs_translation","Direct en_US vs ms_MY gap"
"lang\ms_MY\cron.lang","CleanUnfinishedCronjobShort","Clean unfinished cronjob","","needs_translation","Direct en_US vs ms_MY gap"
"lang\ms_MY\cron.lang","CronAdd","Add jobs","","needs_translation","Direct en_US vs ms_MY gap"
"lang\ms_MY\cron.lang","CronArgs","Parameters","","needs_translation","Direct en_US vs ms_MY gap"
"lang\ms_MY\cron.lang","CronArgsHelp","The method arguments. <BR> For example to call the fetch method of Dolibarr Product object /htdocs/product/class/product.class.php, the value for parameters can be<br><i>0, ProductRef</i>","","needs_translation","Direct en_US vs ms_MY gap"
"lang\ms_MY\cron.lang","CronCannotLoadClass","Cannot load class file %s (to use class %s)","","needs_translation","Direct en_US vs ms_MY gap"
"lang\ms_MY\cron.lang","CronCannotLoadObject","Class file %s was loaded, but object %s was not found into it","","needs_translation","Direct en_US vs ms_MY gap"
"lang\ms_MY\cron.lang","CronClass","Class","","needs_translation","Direct en_US vs ms_MY gap"
"lang\ms_MY\cron.lang","CronClassFile","Filename with class","","needs_translation","Direct en_US vs ms_MY gap"
"lang\ms_MY\cron.lang","CronClassFileHelp","The relative path and file name to load (path is relative to web server root directory). <BR> For example to call the fetch method of Dolibarr Product object htdocs/product/class/<u>product.class.php</u>, the value for class file name is<br><i>product/class/product.class.php</i>","","needs_translation","Direct en_US vs ms_MY gap"
"lang\ms_MY\cron.lang","CronCommand","Command","","needs_translation","Direct en_US vs ms_MY gap"
"lang\ms_MY\cron.lang","CronCommandHelp","The system command line to execute.","","needs_translation","Direct en_US vs ms_MY gap"
"lang\ms_MY\cron.lang","CronConfirmDelete","Are you sure you want to delete these scheduled jobs?","","needs_translation","Direct en_US vs ms_MY gap"
"lang\ms_MY\cron.lang","CronConfirmExecute","Are you sure you want to execute these scheduled jobs now?","","needs_translation","Direct en_US vs ms_MY gap"
"lang\ms_MY\cron.lang","CronCreateJob","Create new Scheduled Job","","needs_translation","Direct en_US vs ms_MY gap"
"lang\ms_MY\cron.lang","CronDelete","Delete scheduled jobs","","needs_translation","Direct en_US vs ms_MY gap"
"lang\ms_MY\cron.lang","CronDtEnd","Not after","","needs_translation","Direct en_US vs ms_MY gap"
"lang\ms_MY\cron.lang","CronDtLastLaunch","Start date of latest execution","","needs_translation","Direct en_US vs ms_MY gap"
"lang\ms_MY\cron.lang","CronDtLastResult","End date of latest execution","","needs_translation","Direct en_US vs ms_MY gap"
"lang\ms_MY\cron.lang","CronDtNextLaunch","Next execution","","needs_translation","Direct en_US vs ms_MY gap"
"lang\ms_MY\cron.lang","CronDtStart","Not before","","needs_translation","Direct en_US vs ms_MY gap"
"lang\ms_MY\cron.lang","CronEach","Every","","needs_translation","Direct en_US vs ms_MY gap"
"lang\ms_MY\cron.lang","CronErrEndDateStartDt","End date cannot be before start date","","needs_translation","Direct en_US vs ms_MY gap"
"lang\ms_MY\cron.lang","CronEvery","Run job every","","needs_translation","Direct en_US vs ms_MY gap"
"lang\ms_MY\cron.lang","CronExecute","Launch now","","needs_translation","Direct en_US vs ms_MY gap"
"lang\ms_MY\cron.lang","CronExplainHowToRunUnix","On Unix environment you should use the following crontab entry to run the command line each 5 minutes","","needs_translation","Direct en_US vs ms_MY gap"
"lang\ms_MY\cron.lang","CronExplainHowToRunWin","On Microsoft(tm) Windows environment you can use Scheduled Task tools to run the command line each 5 minutes","","needs_translation","Direct en_US vs ms_MY gap"
"lang\ms_MY\cron.lang","CronFieldMandatory","Fields %s is mandatory","","needs_translation","Direct en_US vs ms_MY gap"
"lang\ms_MY\cron.lang","CronFrequency","Frequency","","needs_translation","Direct en_US vs ms_MY gap"
"lang\ms_MY\cron.lang","CronFrom","From","","needs_translation","Direct en_US vs ms_MY gap"
"lang\ms_MY\cron.lang","CronId","Id","","needs_translation","Direct en_US vs ms_MY gap"
"lang\ms_MY\cron.lang","CronInfo","Scheduled job module allows to schedule jobs to execute them automatically. Jobs can also be started manually.","","needs_translation","Direct en_US vs ms_MY gap"
"lang\ms_MY\cron.lang","CronJobDefDesc","Cron job profiles are defined into the module descriptor file. When module is activated, they are loaded and available so you can administer the jobs from the admin tools menu %s.","","needs_translation","Direct en_US vs ms_MY gap"
"lang\ms_MY\cron.lang","CronJobProfiles","List of predefined cron job profiles","","needs_translation","Direct en_US vs ms_MY gap"
"lang\ms_MY\cron.lang","CronLabel","Label","","needs_translation","Direct en_US vs ms_MY gap"
"lang\ms_MY\cron.lang","CronLastOutput","Latest run output","","needs_translation","Direct en_US vs ms_MY gap"
"lang\ms_MY\cron.lang","CronLastResult","Latest result code","","needs_translation","Direct en_US vs ms_MY gap"
"lang\ms_MY\cron.lang","CronList","Scheduled jobs","","needs_translation","Direct en_US vs ms_MY gap"
"lang\ms_MY\cron.lang","CronMaxRun","Maximum number of launches","","needs_translation","Direct en_US vs ms_MY gap"
"lang\ms_MY\cron.lang","CronMethod","Method","","needs_translation","Direct en_US vs ms_MY gap"
"lang\ms_MY\cron.lang","CronMethodDoesNotExists","Class %s does not contain any method %s","","needs_translation","Direct en_US vs ms_MY gap"
"lang\ms_MY\cron.lang","CronMethodHelp","The object method to launch. <BR> For example to call the fetch method of Dolibarr Product object /htdocs/product/class/product.class.php, the value for method is<br><i>fetch</i>","","needs_translation","Direct en_US vs ms_MY gap"
"lang\ms_MY\cron.lang","CronMethodNotAllowed","Method %s of class %s is in blocklist of forbidden methods","","needs_translation","Direct en_US vs ms_MY gap"
"lang\ms_MY\cron.lang","CronModule","Module","","needs_translation","Direct en_US vs ms_MY gap"
"lang\ms_MY\cron.lang","CronModuleHelp","Name of Dolibarr module directory (also work with external Dolibarr module). <BR> For example to call the fetch method of Dolibarr Product object /htdocs/<u>product</u>/class/product.class.php, the value for module is<br><i>product</i>","","needs_translation","Direct en_US vs ms_MY gap"
"lang\ms_MY\cron.lang","CronModuleNotEnabledInThisEntity","Cron module not enabled in this entity (to use %s method of %s object)","","needs_translation","Direct en_US vs ms_MY gap"
"lang\ms_MY\cron.lang","CronNbRun","Number of launches","","needs_translation","Direct en_US vs ms_MY gap"
"lang\ms_MY\cron.lang","CronNoJobs","No jobs registered","","needs_translation","Direct en_US vs ms_MY gap"
"lang\ms_MY\cron.lang","CronNone","Next run of scheduled task","","needs_translation","Direct en_US vs ms_MY gap"
"lang\ms_MY\cron.lang","CronNote","Comment","","needs_translation","Direct en_US vs ms_MY gap"
"lang\ms_MY\cron.lang","CronNotYetRan","Never executed","","needs_translation","Direct en_US vs ms_MY gap"
"lang\ms_MY\cron.lang","CronObject","Instance/Object to create","","needs_translation","Direct en_US vs ms_MY gap"
"lang\ms_MY\cron.lang","CronObjectHelp","The object name to load. <BR> For example to call the fetch method of Dolibarr Product object /htdocs/product/class/product.class.php, the value for class file name is<br><i>Product</i>","","needs_translation","Direct en_US vs ms_MY gap"
"lang\ms_MY\cron.lang","CronPriority","Priority","","needs_translation","Direct en_US vs ms_MY gap"
"lang\ms_MY\cron.lang","CronSaveSucess","Save successfully","","needs_translation","Direct en_US vs ms_MY gap"
"lang\ms_MY\cron.lang","CronSetup","Scheduled job management setup","","needs_translation","Direct en_US vs ms_MY gap"
"lang\ms_MY\cron.lang","CronStatusActiveBtn","Enable scheduling","","needs_translation","Direct en_US vs ms_MY gap"
"lang\ms_MY\cron.lang","CronStatusInactiveBtn","Disable","","needs_translation","Direct en_US vs ms_MY gap"
"lang\ms_MY\cron.lang","CronTask","Job","","needs_translation","Direct en_US vs ms_MY gap"
"lang\ms_MY\cron.lang","CronTaskInactive","This job is disabled (not scheduled)","","needs_translation","Direct en_US vs ms_MY gap"
"lang\ms_MY\cron.lang","CronType","Job type","","needs_translation","Direct en_US vs ms_MY gap"
"lang\ms_MY\cron.lang","CronType_command","Shell command","","needs_translation","Direct en_US vs ms_MY gap"
"lang\ms_MY\cron.lang","CronType_method","Call method of a PHP Class","","needs_translation","Direct en_US vs ms_MY gap"
"lang\ms_MY\cron.lang","DATAPOLICYJob","Data cleaner and anonymizer","","needs_translation","Direct en_US vs ms_MY gap"
"lang\ms_MY\cron.lang","EmailIfError","Email for warning on error","","needs_translation","Direct en_US vs ms_MY gap"
"lang\ms_MY\cron.lang","EnabledAndDisabled","Enabled and disabled","","needs_translation","Direct en_US vs ms_MY gap"
"lang\ms_MY\cron.lang","ErrorInBatch","Error when running the job %s","","needs_translation","Direct en_US vs ms_MY gap"
"lang\ms_MY\cron.lang","FileToLaunchCronJobs","Command line to check and launch qualified cron jobs","","needs_translation","Direct en_US vs ms_MY gap"
"lang\ms_MY\cron.lang","JobDisabled","Job disabled","","needs_translation","Direct en_US vs ms_MY gap"
"lang\ms_MY\cron.lang","JobFinished","Job launched and finished","","needs_translation","Direct en_US vs ms_MY gap"
"lang\ms_MY\cron.lang","JobNotFound","Job %s not found in list of jobs (try to disable/enabled module)","","needs_translation","Direct en_US vs ms_MY gap"
"lang\ms_MY\cron.lang","JobXMustBeEnabled","Job %s must be enabled","","needs_translation","Direct en_US vs ms_MY gap"
"lang\ms_MY\cron.lang","KeyForCronAccess","Security key for URL to launch cron jobs","","needs_translation","Direct en_US vs ms_MY gap"
"lang\ms_MY\cron.lang","LastExecutedScheduledJob","Last executed scheduled job","","needs_translation","Direct en_US vs ms_MY gap"
"lang\ms_MY\cron.lang","MakeLocalDatabaseDump","Create a local database dump. Parameters are: compression ('gz' or 'bz' or 'none'), backup type ('mysql', 'pgsql', 'auto'), 1, 'auto' or filename to build, number of backup files to keep","","needs_translation","Direct en_US vs ms_MY gap"
"lang\ms_MY\cron.lang","MakeLocalDatabaseDumpShort","Local database backup","","needs_translation","Direct en_US vs ms_MY gap"
"lang\ms_MY\cron.lang","MakeSendLocalDatabaseDump","Send local database backup by email. Parameters are: to, from, subject, message, filename (Name of file sent), filter ('sql' for backup of database only)","","needs_translation","Direct en_US vs ms_MY gap"
"lang\ms_MY\cron.lang","MakeSendLocalDatabaseDumpShort","Send local database backup","","needs_translation","Direct en_US vs ms_MY gap"
"lang\ms_MY\cron.lang","NextScheduledJobExecute","Next scheduled job to execute","","needs_translation","Direct en_US vs ms_MY gap"
"lang\ms_MY\cron.lang","NumberScheduledJobError","Number of scheduled jobs in error","","needs_translation","Direct en_US vs ms_MY gap"
"lang\ms_MY\cron.lang","NumberScheduledJobNeverFinished","Number of scheduled jobs never finished","","needs_translation","Direct en_US vs ms_MY gap"
"lang\ms_MY\cron.lang","OrToLaunchASpecificJob","Or to check and launch a specific job from a browser","","needs_translation","Direct en_US vs ms_MY gap"
"lang\ms_MY\cron.lang","Permission23101"," Read Scheduled job","","needs_translation","Direct en_US vs ms_MY gap"
"lang\ms_MY\cron.lang","Permission23102"," Create/update Scheduled job","","needs_translation","Direct en_US vs ms_MY gap"
"lang\ms_MY\cron.lang","Permission23103"," Delete Scheduled job","","needs_translation","Direct en_US vs ms_MY gap"
"lang\ms_MY\cron.lang","Permission23104"," Execute Scheduled job","","needs_translation","Direct en_US vs ms_MY gap"
"lang\ms_MY\cron.lang","Scheduled","Scheduled","","needs_translation","Direct en_US vs ms_MY gap"
"lang\ms_MY\cron.lang","StatusAtInstall","Status at module installation","","needs_translation","Direct en_US vs ms_MY gap"
"lang\ms_MY\cron.lang","URLToLaunchCronJobs","URL to check and launch qualified cron jobs from a browser","","needs_translation","Direct en_US vs ms_MY gap"
"lang\ms_MY\cron.lang","UseMenuModuleToolsToAddCronJobs","Go into menu ""<a href=""%s"">Home - Admin tools - Scheduled jobs</a>"" to see and edit scheduled jobs.","","needs_translation","Direct en_US vs ms_MY gap"
"lang\ms_MY\cron.lang","WarningCronDelayed","Attention, for performance purpose, whatever is next date of execution of enabled jobs, your jobs may be delayed to a maximum of %s hours, before being run.","","needs_translation","Direct en_US vs ms_MY gap"
"lang\ms_MY\datapolicy.lang","AllAgreementSend"," All emails have been sent","","needs_translation","Direct en_US vs ms_MY gap"
"lang\ms_MY\datapolicy.lang","DataAnonymization","Anonymization of data","","needs_translation","Direct en_US vs ms_MY gap"
"lang\ms_MY\datapolicy.lang","DataAnonymizationOrDeletion","Anonymization or deletion of data","","needs_translation","Direct en_US vs ms_MY gap"
"lang\ms_MY\datapolicy.lang","DataDeletion","Deletion of data","","needs_translation","Direct en_US vs ms_MY gap"
"lang\ms_MY\datapolicy.lang","DATAPOLICY_ADHERENT"," Member","","needs_translation","Direct en_US vs ms_MY gap"
"lang\ms_MY\datapolicy.lang","DATAPOLICY_BLOCKCHECKBOX"," GDPR : Processing of personal data","","needs_translation","Direct en_US vs ms_MY gap"
"lang\ms_MY\datapolicy.lang","DATAPOLICY_consentement"," Consent obtained for the processing of personal data","","needs_translation","Direct en_US vs ms_MY gap"
"lang\ms_MY\datapolicy.lang","DATAPOLICY_CONTACT_CLIENT"," Customer","","needs_translation","Direct en_US vs ms_MY gap"
"lang\ms_MY\datapolicy.lang","DATAPOLICY_CONTACT_FOURNISSEUR"," Supplier","","needs_translation","Direct en_US vs ms_MY gap"
"lang\ms_MY\datapolicy.lang","DATAPOLICY_CONTACT_NIPROSPECT_NICLIENT"," Nor prospect/Nor customer","","needs_translation","Direct en_US vs ms_MY gap"
"lang\ms_MY\datapolicy.lang","DATAPOLICY_CONTACT_PROSPECT"," Prospect","","needs_translation","Direct en_US vs ms_MY gap"
"lang\ms_MY\datapolicy.lang","DATAPOLICY_CONTACT_PROSPECT_CLIENT"," Prospect/Customer","","needs_translation","Direct en_US vs ms_MY gap"
"lang\ms_MY\datapolicy.lang","DATAPOLICY_date"," Date of agreement/disagreement GDPR","","needs_translation","Direct en_US vs ms_MY gap"
"lang\ms_MY\datapolicy.lang","DATAPOLICY_opposition_prospection"," Opposes to the processing of his personal data for the purposes of prospecting","","needs_translation","Direct en_US vs ms_MY gap"
"lang\ms_MY\datapolicy.lang","DATAPOLICY_opposition_traitement"," Opposes to the processing of his personal data","","needs_translation","Direct en_US vs ms_MY gap"
"lang\ms_MY\datapolicy.lang","DATAPOLICY_RECRUITMENT_CANDIDATURE"," Application","","needs_translation","Direct en_US vs ms_MY gap"
"lang\ms_MY\datapolicy.lang","DATAPOLICY_send"," Date agreement email sent","","needs_translation","Direct en_US vs ms_MY gap"
"lang\ms_MY\datapolicy.lang","DATAPOLICY_TIERS_CLIENT"," Customer","","needs_translation","Direct en_US vs ms_MY gap"
"lang\ms_MY\datapolicy.lang","DATAPOLICY_TIERS_FOURNISSEUR"," Supplier","","needs_translation","Direct en_US vs ms_MY gap"
"lang\ms_MY\datapolicy.lang","DATAPOLICY_TIERS_NIPROSPECT_NICLIENT"," Nor prospect/Nor customer","","needs_translation","Direct en_US vs ms_MY gap"
"lang\ms_MY\datapolicy.lang","DATAPOLICY_TIERS_PROSPECT"," Prospect","","needs_translation","Direct en_US vs ms_MY gap"
"lang\ms_MY\datapolicy.lang","DATAPOLICY_TIERS_PROSPECT_CLIENT"," Prospect/Customer","","needs_translation","Direct en_US vs ms_MY gap"
"lang\ms_MY\datapolicy.lang","DATAPOLICY_Tooltip_SETUP","The anonymization is done by the scheduled job ""%s"" ran by the module ""%s"", so this module must be enabled and be working correctly.","","needs_translation","Direct en_US vs ms_MY gap"
"lang\ms_MY\datapolicy.lang","datapolicySetup"," Module Data Privacy Policy Setup","","needs_translation","Direct en_US vs ms_MY gap"
"lang\ms_MY\datapolicy.lang","datapolicySetupPage"," Depending on the laws of your country (Example <a href=""http://www.privacy-regulation.eu/en/5.htm"" target=""_blank"" rel=""noopener noreferrer external"">Article 5</a> of the GDPR), personal data must be kept for a period not exceeding the duration the data is needed for the purpose for which it was collected, except for archival purposes.<br>This module will make an anonymization automatically after a certain duration without events (the duration which you will have indicated below) and if the object has no existing business object children.","","needs_translation","Direct en_US vs ms_MY gap"
"lang\ms_MY\datapolicy.lang","DelayForAnonymization","Delay for anonymization","","needs_translation","Direct en_US vs ms_MY gap"
"lang\ms_MY\datapolicy.lang","DelayForDeletion","Delay for deletion","","needs_translation","Direct en_US vs ms_MY gap"
"lang\ms_MY\datapolicy.lang","MailSent"," Email has been sent","","needs_translation","Direct en_US vs ms_MY gap"
"lang\ms_MY\datapolicy.lang","Module4100Desc"," Module to manage Data Privacy (Conformity with the GDPR)","","needs_translation","Direct en_US vs ms_MY gap"
"lang\ms_MY\datapolicy.lang","Module4100Name"," Data Privacy Policy","","needs_translation","Direct en_US vs ms_MY gap"
"lang\ms_MY\datapolicy.lang","NB_MONTHS"," %s months","","needs_translation","Direct en_US vs ms_MY gap"
"lang\ms_MY\datapolicy.lang","NB_YEARS"," %s years","","needs_translation","Direct en_US vs ms_MY gap"
"lang\ms_MY\datapolicy.lang","NUMBER_MONTH_BEFORE_DELETION"," Number of months before deletion","","needs_translation","Direct en_US vs ms_MY gap"
"lang\ms_MY\datapolicy.lang","ONE_YEAR"," 1 year","","needs_translation","Direct en_US vs ms_MY gap"
"lang\ms_MY\datapolicy.lang","OtherFieldsAreReplaceWithStaticValues","Some other fields are replaced by a static value:","","needs_translation","Direct en_US vs ms_MY gap"
"lang\ms_MY\datapolicy.lang","QualifiedNumber","Qualified record count","","needs_translation","Direct en_US vs ms_MY gap"
"lang\ms_MY\datapolicy.lang","SendAgreement"," Send emails","","needs_translation","Direct en_US vs ms_MY gap"
"lang\ms_MY\datapolicy.lang","SendAgreementText"," You can send a GDPR email to all your relevant contacts (who have not yet received an email and for which you have not registered anything about their GDPR agreement). To do this, use the following button.","","needs_translation","Direct en_US vs ms_MY gap"
"lang\ms_MY\datapolicy.lang","TheFollowingFieldsAreReplaceWith","Some fields will be replaced by a unique value:","","needs_translation","Direct en_US vs ms_MY gap"
"lang\ms_MY\datapolicy.lang","TXTLINKDATAPOLICYACCEPT"," Text for the link ""agreement""","","needs_translation","Direct en_US vs ms_MY gap"
"lang\ms_MY\datapolicy.lang","TXTLINKDATAPOLICYREFUSE"," Text for the link ""disagreement""","","needs_translation","Direct en_US vs ms_MY gap"
"lang\ms_MY\dict.lang","CivilityDR","Doctor","","needs_translation","Direct en_US vs ms_MY gap"
"lang\ms_MY\dict.lang","CivilityMLE","Ms.","","needs_translation","Direct en_US vs ms_MY gap"
"lang\ms_MY\dict.lang","CivilityMME","Mrs.","","needs_translation","Direct en_US vs ms_MY gap"
"lang\ms_MY\dict.lang","CivilityMMEShort","Mrs.","","needs_translation","Direct en_US vs ms_MY gap"
"lang\ms_MY\dict.lang","CivilityMR","Mr.","","needs_translation","Direct en_US vs ms_MY gap"
"lang\ms_MY\dict.lang","CivilityMRShort","Mr.","","needs_translation","Direct en_US vs ms_MY gap"
"lang\ms_MY\dict.lang","CivilityMTRE","Master","","needs_translation","Direct en_US vs ms_MY gap"
"lang\ms_MY\dict.lang","CountryAD","Andorra","","needs_translation","Direct en_US vs ms_MY gap"
"lang\ms_MY\dict.lang","CountryAE","United Arab Emirates","","needs_translation","Direct en_US vs ms_MY gap"
"lang\ms_MY\dict.lang","CountryAF","Afghanistan","","needs_translation","Direct en_US vs ms_MY gap"
"lang\ms_MY\dict.lang","CountryAG","Antigua and Barbuda","","needs_translation","Direct en_US vs ms_MY gap"
"lang\ms_MY\dict.lang","CountryAI","Anguilla","","needs_translation","Direct en_US vs ms_MY gap"
"lang\ms_MY\dict.lang","CountryAL","Albania","","needs_translation","Direct en_US vs ms_MY gap"
"lang\ms_MY\dict.lang","CountryAM","Armenia","","needs_translation","Direct en_US vs ms_MY gap"
"lang\ms_MY\dict.lang","CountryAN","Netherlands Antilles","","needs_translation","Direct en_US vs ms_MY gap"
"lang\ms_MY\dict.lang","CountryAO","Angola","","needs_translation","Direct en_US vs ms_MY gap"
"lang\ms_MY\dict.lang","CountryAQ","Antarctica","","needs_translation","Direct en_US vs ms_MY gap"
"lang\ms_MY\dict.lang","CountryAR","Argentina","","needs_translation","Direct en_US vs ms_MY gap"
"lang\ms_MY\dict.lang","CountryAS","American Samoa","","needs_translation","Direct en_US vs ms_MY gap"
"lang\ms_MY\dict.lang","CountryAT","Austria","","needs_translation","Direct en_US vs ms_MY gap"
"lang\ms_MY\dict.lang","CountryAU","Australia","","needs_translation","Direct en_US vs ms_MY gap"
"lang\ms_MY\dict.lang","CountryAW","Aruba","","needs_translation","Direct en_US vs ms_MY gap"
"lang\ms_MY\dict.lang","CountryAX","Åland Islands","","needs_translation","Direct en_US vs ms_MY gap"
"lang\ms_MY\dict.lang","CountryAZ","Azerbaijan","","needs_translation","Direct en_US vs ms_MY gap"
"lang\ms_MY\dict.lang","CountryBA","Bosnia and Herzegovina","","needs_translation","Direct en_US vs ms_MY gap"
"lang\ms_MY\dict.lang","CountryBB","Barbados","","needs_translation","Direct en_US vs ms_MY gap"
"lang\ms_MY\dict.lang","CountryBD","Bangladesh","","needs_translation","Direct en_US vs ms_MY gap"
"lang\ms_MY\dict.lang","CountryBE","Belgium","","needs_translation","Direct en_US vs ms_MY gap"
"lang\ms_MY\dict.lang","CountryBF","Burkina Faso","","needs_translation","Direct en_US vs ms_MY gap"
"lang\ms_MY\dict.lang","CountryBG","Bulgaria","","needs_translation","Direct en_US vs ms_MY gap"
"lang\ms_MY\dict.lang","CountryBH","Bahrain","","needs_translation","Direct en_US vs ms_MY gap"
"lang\ms_MY\dict.lang","CountryBI","Burundi","","needs_translation","Direct en_US vs ms_MY gap"
"lang\ms_MY\dict.lang","CountryBJ","Benin","","needs_translation","Direct en_US vs ms_MY gap"
"lang\ms_MY\dict.lang","CountryBL","Saint Barthelemy","","needs_translation","Direct en_US vs ms_MY gap"
"lang\ms_MY\dict.lang","CountryBM","Bermuda","","needs_translation","Direct en_US vs ms_MY gap"
"lang\ms_MY\dict.lang","CountryBN","Brunei Darussalam","","needs_translation","Direct en_US vs ms_MY gap"
"lang\ms_MY\dict.lang","CountryBO","Bolivia","","needs_translation","Direct en_US vs ms_MY gap"
"lang\ms_MY\dict.lang","CountryBR","Brazil","","needs_translation","Direct en_US vs ms_MY gap"
"lang\ms_MY\dict.lang","CountryBS","Bahamas","","needs_translation","Direct en_US vs ms_MY gap"
"lang\ms_MY\dict.lang","CountryBT","Bhutan","","needs_translation","Direct en_US vs ms_MY gap"
"lang\ms_MY\dict.lang","CountryBV","Bouvet Island","","needs_translation","Direct en_US vs ms_MY gap"
"lang\ms_MY\dict.lang","CountryBW","Botswana","","needs_translation","Direct en_US vs ms_MY gap"
"lang\ms_MY\dict.lang","CountryBY","Belarus","","needs_translation","Direct en_US vs ms_MY gap"
"lang\ms_MY\dict.lang","CountryBZ","Belize","","needs_translation","Direct en_US vs ms_MY gap"
"lang\ms_MY\dict.lang","CountryCA","Canada","","needs_translation","Direct en_US vs ms_MY gap"
"lang\ms_MY\dict.lang","CountryCC","Cocos (Keeling) Islands","","needs_translation","Direct en_US vs ms_MY gap"
"lang\ms_MY\dict.lang","CountryCD","Congo, The Democratic Republic of the","","needs_translation","Direct en_US vs ms_MY gap"
"lang\ms_MY\dict.lang","CountryCF","Central African Republic","","needs_translation","Direct en_US vs ms_MY gap"
"lang\ms_MY\dict.lang","CountryCG","Congo","","needs_translation","Direct en_US vs ms_MY gap"
"lang\ms_MY\dict.lang","CountryCH","Switzerland","","needs_translation","Direct en_US vs ms_MY gap"
"lang\ms_MY\dict.lang","CountryCI","Ivory Coast","","needs_translation","Direct en_US vs ms_MY gap"
"lang\ms_MY\dict.lang","CountryCK","Cook Islands","","needs_translation","Direct en_US vs ms_MY gap"
"lang\ms_MY\dict.lang","CountryCL","Chile","","needs_translation","Direct en_US vs ms_MY gap"
"lang\ms_MY\dict.lang","CountryCM","Cameroon","","needs_translation","Direct en_US vs ms_MY gap"
"lang\ms_MY\dict.lang","CountryCN","China","","needs_translation","Direct en_US vs ms_MY gap"
"lang\ms_MY\dict.lang","CountryCO","Colombia","","needs_translation","Direct en_US vs ms_MY gap"
"lang\ms_MY\dict.lang","CountryCR","Costa Rica","","needs_translation","Direct en_US vs ms_MY gap"
"lang\ms_MY\dict.lang","CountryCU","Cuba","","needs_translation","Direct en_US vs ms_MY gap"
"lang\ms_MY\dict.lang","CountryCV","Cape Verde","","needs_translation","Direct en_US vs ms_MY gap"
"lang\ms_MY\dict.lang","CountryCX","Christmas Island","","needs_translation","Direct en_US vs ms_MY gap"
"lang\ms_MY\dict.lang","CountryCY","Cyprus","","needs_translation","Direct en_US vs ms_MY gap"
"lang\ms_MY\dict.lang","CountryCZ","Czech Republic","","needs_translation","Direct en_US vs ms_MY gap"
"lang\ms_MY\dict.lang","CountryDE","Germany","","needs_translation","Direct en_US vs ms_MY gap"
"lang\ms_MY\dict.lang","CountryDJ","Djibouti","","needs_translation","Direct en_US vs ms_MY gap"
"lang\ms_MY\dict.lang","CountryDK","Denmark","","needs_translation","Direct en_US vs ms_MY gap"
"lang\ms_MY\dict.lang","CountryDM","Dominica","","needs_translation","Direct en_US vs ms_MY gap"
"lang\ms_MY\dict.lang","CountryDO","Dominican Republic","","needs_translation","Direct en_US vs ms_MY gap"
"lang\ms_MY\dict.lang","CountryDZ","Algeria","","needs_translation","Direct en_US vs ms_MY gap"
"lang\ms_MY\dict.lang","CountryEC","Ecuador","","needs_translation","Direct en_US vs ms_MY gap"
"lang\ms_MY\dict.lang","CountryEE","Estonia","","needs_translation","Direct en_US vs ms_MY gap"
"lang\ms_MY\dict.lang","CountryEG","Egypt","","needs_translation","Direct en_US vs ms_MY gap"
"lang\ms_MY\dict.lang","CountryEH","Western Sahara","","needs_translation","Direct en_US vs ms_MY gap"
"lang\ms_MY\dict.lang","CountryER","Eritrea","","needs_translation","Direct en_US vs ms_MY gap"
"lang\ms_MY\dict.lang","CountryES","Spain","","needs_translation","Direct en_US vs ms_MY gap"
"lang\ms_MY\dict.lang","CountryET","Ethiopia","","needs_translation","Direct en_US vs ms_MY gap"
"lang\ms_MY\dict.lang","CountryFI","Finland","","needs_translation","Direct en_US vs ms_MY gap"
"lang\ms_MY\dict.lang","CountryFJ","Fiji Islands","","needs_translation","Direct en_US vs ms_MY gap"
"lang\ms_MY\dict.lang","CountryFK","Falkland Islands","","needs_translation","Direct en_US vs ms_MY gap"
"lang\ms_MY\dict.lang","CountryFM","Micronesia","","needs_translation","Direct en_US vs ms_MY gap"
"lang\ms_MY\dict.lang","CountryFO","Faroe Islands","","needs_translation","Direct en_US vs ms_MY gap"
"lang\ms_MY\dict.lang","CountryFR","France","","needs_translation","Direct en_US vs ms_MY gap"
"lang\ms_MY\dict.lang","CountryGA","Gabon","","needs_translation","Direct en_US vs ms_MY gap"
"lang\ms_MY\dict.lang","CountryGB","United Kingdom","","needs_translation","Direct en_US vs ms_MY gap"
"lang\ms_MY\dict.lang","CountryGD","Grenada","","needs_translation","Direct en_US vs ms_MY gap"
"lang\ms_MY\dict.lang","CountryGE","Georgia","","needs_translation","Direct en_US vs ms_MY gap"
"lang\ms_MY\dict.lang","CountryGF","French Guiana","","needs_translation","Direct en_US vs ms_MY gap"
"lang\ms_MY\dict.lang","CountryGG","Guernsey","","needs_translation","Direct en_US vs ms_MY gap"
"lang\ms_MY\dict.lang","CountryGH","Ghana","","needs_translation","Direct en_US vs ms_MY gap"
"lang\ms_MY\dict.lang","CountryGI","Gibraltar","","needs_translation","Direct en_US vs ms_MY gap"
"lang\ms_MY\dict.lang","CountryGL","Greenland","","needs_translation","Direct en_US vs ms_MY gap"
"lang\ms_MY\dict.lang","CountryGM","Gambia","","needs_translation","Direct en_US vs ms_MY gap"
"lang\ms_MY\dict.lang","CountryGN","Guinea","","needs_translation","Direct en_US vs ms_MY gap"
"lang\ms_MY\dict.lang","CountryGP","Guadeloupe","","needs_translation","Direct en_US vs ms_MY gap"
"lang\ms_MY\dict.lang","CountryGQ","Equatorial Guinea","","needs_translation","Direct en_US vs ms_MY gap"
"lang\ms_MY\dict.lang","CountryGR","Greece","","needs_translation","Direct en_US vs ms_MY gap"
"lang\ms_MY\dict.lang","CountryGS","South Georgia and the South Sandwich Islands","","needs_translation","Direct en_US vs ms_MY gap"
"lang\ms_MY\dict.lang","CountryGT","Guatemala","","needs_translation","Direct en_US vs ms_MY gap"
"lang\ms_MY\dict.lang","CountryGU","Guam","","needs_translation","Direct en_US vs ms_MY gap"
"lang\ms_MY\dict.lang","CountryGW","Guinea-Bissau","","needs_translation","Direct en_US vs ms_MY gap"
"lang\ms_MY\dict.lang","CountryGY","Guyana","","needs_translation","Direct en_US vs ms_MY gap"
"lang\ms_MY\dict.lang","CountryHK","Hong Kong","","needs_translation","Direct en_US vs ms_MY gap"
"lang\ms_MY\dict.lang","CountryHM","Heard Island and McDonald","","needs_translation","Direct en_US vs ms_MY gap"
"lang\ms_MY\dict.lang","CountryHN","Honduras","","needs_translation","Direct en_US vs ms_MY gap"
"lang\ms_MY\dict.lang","CountryHR","Croatia","","needs_translation","Direct en_US vs ms_MY gap"
"lang\ms_MY\dict.lang","CountryHT","Haïti","","needs_translation","Direct en_US vs ms_MY gap"
"lang\ms_MY\dict.lang","CountryHU","Hungary","","needs_translation","Direct en_US vs ms_MY gap"
"lang\ms_MY\dict.lang","CountryID","Indonesia","","needs_translation","Direct en_US vs ms_MY gap"
"lang\ms_MY\dict.lang","CountryIE","Ireland","","needs_translation","Direct en_US vs ms_MY gap"
"lang\ms_MY\dict.lang","CountryIL","Israel","","needs_translation","Direct en_US vs ms_MY gap"
"lang\ms_MY\dict.lang","CountryIM","Isle of Man","","needs_translation","Direct en_US vs ms_MY gap"
"lang\ms_MY\dict.lang","CountryIN","India","","needs_translation","Direct en_US vs ms_MY gap"
"lang\ms_MY\dict.lang","CountryIO","British Indian Ocean Territory","","needs_translation","Direct en_US vs ms_MY gap"
"lang\ms_MY\dict.lang","CountryIQ","Iraq","","needs_translation","Direct en_US vs ms_MY gap"
"lang\ms_MY\dict.lang","CountryIR","Iran","","needs_translation","Direct en_US vs ms_MY gap"
"lang\ms_MY\dict.lang","CountryIS","Iceland","","needs_translation","Direct en_US vs ms_MY gap"
"lang\ms_MY\dict.lang","CountryIT","Italy","","needs_translation","Direct en_US vs ms_MY gap"
"lang\ms_MY\dict.lang","CountryJE","Jersey","","needs_translation","Direct en_US vs ms_MY gap"
"lang\ms_MY\dict.lang","CountryJM","Jamaica","","needs_translation","Direct en_US vs ms_MY gap"
"lang\ms_MY\dict.lang","CountryJO","Jordan","","needs_translation","Direct en_US vs ms_MY gap"
"lang\ms_MY\dict.lang","CountryJP","Japan","","needs_translation","Direct en_US vs ms_MY gap"
"lang\ms_MY\dict.lang","CountryKE","Kenya","","needs_translation","Direct en_US vs ms_MY gap"
"lang\ms_MY\dict.lang","CountryKG","Kyrgyzstan","","needs_translation","Direct en_US vs ms_MY gap"
"lang\ms_MY\dict.lang","CountryKH","Cambodia","","needs_translation","Direct en_US vs ms_MY gap"
"lang\ms_MY\dict.lang","CountryKI","Kiribati","","needs_translation","Direct en_US vs ms_MY gap"
"lang\ms_MY\dict.lang","CountryKM","Comoros","","needs_translation","Direct en_US vs ms_MY gap"
"lang\ms_MY\dict.lang","CountryKN","Saint Kitts and Nevis","","needs_translation","Direct en_US vs ms_MY gap"
"lang\ms_MY\dict.lang","CountryKP","North Korea","","needs_translation","Direct en_US vs ms_MY gap"
"lang\ms_MY\dict.lang","CountryKR","South Korea","","needs_translation","Direct en_US vs ms_MY gap"
"lang\ms_MY\dict.lang","CountryKW","Kuwait","","needs_translation","Direct en_US vs ms_MY gap"
"lang\ms_MY\dict.lang","CountryKY","Cayman Islands","","needs_translation","Direct en_US vs ms_MY gap"
"lang\ms_MY\dict.lang","CountryKZ","Kazakhstan","","needs_translation","Direct en_US vs ms_MY gap"
"lang\ms_MY\dict.lang","CountryLA","Lao","","needs_translation","Direct en_US vs ms_MY gap"
"lang\ms_MY\dict.lang","CountryLB","Lebanon","","needs_translation","Direct en_US vs ms_MY gap"
"lang\ms_MY\dict.lang","CountryLC","Saint Lucia","","needs_translation","Direct en_US vs ms_MY gap"
"lang\ms_MY\dict.lang","CountryLI","Liechtenstein","","needs_translation","Direct en_US vs ms_MY gap"
"lang\ms_MY\dict.lang","CountryLK","Sri Lanka","","needs_translation","Direct en_US vs ms_MY gap"
"lang\ms_MY\dict.lang","CountryLR","Liberia","","needs_translation","Direct en_US vs ms_MY gap"
"lang\ms_MY\dict.lang","CountryLS","Lesotho","","needs_translation","Direct en_US vs ms_MY gap"
"lang\ms_MY\dict.lang","CountryLT","Lithuania","","needs_translation","Direct en_US vs ms_MY gap"
"lang\ms_MY\dict.lang","CountryLU","Luxembourg","","needs_translation","Direct en_US vs ms_MY gap"
"lang\ms_MY\dict.lang","CountryLV","Latvia","","needs_translation","Direct en_US vs ms_MY gap"
"lang\ms_MY\dict.lang","CountryLY","Libya","","needs_translation","Direct en_US vs ms_MY gap"
"lang\ms_MY\dict.lang","CountryMA","Morocco","","needs_translation","Direct en_US vs ms_MY gap"
"lang\ms_MY\dict.lang","CountryMC","Monaco","","needs_translation","Direct en_US vs ms_MY gap"
"lang\ms_MY\dict.lang","CountryMD","Moldova","","needs_translation","Direct en_US vs ms_MY gap"
"lang\ms_MY\dict.lang","CountryME","Montenegro","","needs_translation","Direct en_US vs ms_MY gap"
"lang\ms_MY\dict.lang","CountryMF","Saint Martin","","needs_translation","Direct en_US vs ms_MY gap"
"lang\ms_MY\dict.lang","CountryMG","Madagascar","","needs_translation","Direct en_US vs ms_MY gap"
"lang\ms_MY\dict.lang","CountryMH","Marshall Islands","","needs_translation","Direct en_US vs ms_MY gap"
"lang\ms_MY\dict.lang","CountryMK","Macedonia, the former Yugoslav of","","needs_translation","Direct en_US vs ms_MY gap"
"lang\ms_MY\dict.lang","CountryML","Mali","","needs_translation","Direct en_US vs ms_MY gap"
"lang\ms_MY\dict.lang","CountryMM","Myanmar (Burma)","","needs_translation","Direct en_US vs ms_MY gap"
"lang\ms_MY\dict.lang","CountryMN","Mongolia","","needs_translation","Direct en_US vs ms_MY gap"
"lang\ms_MY\dict.lang","CountryMO","Macao","","needs_translation","Direct en_US vs ms_MY gap"
"lang\ms_MY\dict.lang","CountryMP","Northern Mariana Islands","","needs_translation","Direct en_US vs ms_MY gap"
"lang\ms_MY\dict.lang","CountryMQ","Martinique","","needs_translation","Direct en_US vs ms_MY gap"
"lang\ms_MY\dict.lang","CountryMR","Mauritania","","needs_translation","Direct en_US vs ms_MY gap"
"lang\ms_MY\dict.lang","CountryMS","Montserrat","","needs_translation","Direct en_US vs ms_MY gap"
"lang\ms_MY\dict.lang","CountryMT","Malta","","needs_translation","Direct en_US vs ms_MY gap"
"lang\ms_MY\dict.lang","CountryMU","Mauritius","","needs_translation","Direct en_US vs ms_MY gap"
"lang\ms_MY\dict.lang","CountryMV","Maldives","","needs_translation","Direct en_US vs ms_MY gap"
"lang\ms_MY\dict.lang","CountryMW","Malawi","","needs_translation","Direct en_US vs ms_MY gap"
"lang\ms_MY\dict.lang","CountryMX","Mexico","","needs_translation","Direct en_US vs ms_MY gap"
"lang\ms_MY\dict.lang","CountryMY","Malaysia","","needs_translation","Direct en_US vs ms_MY gap"
"lang\ms_MY\dict.lang","CountryMZ","Mozambique","","needs_translation","Direct en_US vs ms_MY gap"
"lang\ms_MY\dict.lang","CountryNA","Namibia","","needs_translation","Direct en_US vs ms_MY gap"
"lang\ms_MY\dict.lang","CountryNC","New Caledonia","","needs_translation","Direct en_US vs ms_MY gap"
"lang\ms_MY\dict.lang","CountryNE","Niger","","needs_translation","Direct en_US vs ms_MY gap"
"lang\ms_MY\dict.lang","CountryNF","Norfolk Island","","needs_translation","Direct en_US vs ms_MY gap"
"lang\ms_MY\dict.lang","CountryNG","Nigeria","","needs_translation","Direct en_US vs ms_MY gap"
"lang\ms_MY\dict.lang","CountryNI","Nicaragua","","needs_translation","Direct en_US vs ms_MY gap"
"lang\ms_MY\dict.lang","CountryNL","Netherlands","","needs_translation","Direct en_US vs ms_MY gap"
"lang\ms_MY\dict.lang","CountryNO","Norway","","needs_translation","Direct en_US vs ms_MY gap"
"lang\ms_MY\dict.lang","CountryNP","Nepal","","needs_translation","Direct en_US vs ms_MY gap"
"lang\ms_MY\dict.lang","CountryNR","Nauru","","needs_translation","Direct en_US vs ms_MY gap"
"lang\ms_MY\dict.lang","CountryNU","Niue","","needs_translation","Direct en_US vs ms_MY gap"
"lang\ms_MY\dict.lang","CountryNZ","New Zealand","","needs_translation","Direct en_US vs ms_MY gap"
"lang\ms_MY\dict.lang","CountryOM","Oman","","needs_translation","Direct en_US vs ms_MY gap"
"lang\ms_MY\dict.lang","CountryPA","Panama","","needs_translation","Direct en_US vs ms_MY gap"
"lang\ms_MY\dict.lang","CountryPE","Peru","","needs_translation","Direct en_US vs ms_MY gap"
"lang\ms_MY\dict.lang","CountryPF","French Polynesia","","needs_translation","Direct en_US vs ms_MY gap"
"lang\ms_MY\dict.lang","CountryPG","Papua New Guinea","","needs_translation","Direct en_US vs ms_MY gap"
"lang\ms_MY\dict.lang","CountryPH","Philippines","","needs_translation","Direct en_US vs ms_MY gap"
"lang\ms_MY\dict.lang","CountryPK","Pakistan","","needs_translation","Direct en_US vs ms_MY gap"
"lang\ms_MY\dict.lang","CountryPL","Poland","","needs_translation","Direct en_US vs ms_MY gap"
"lang\ms_MY\dict.lang","CountryPM","Saint Pierre and Miquelon","","needs_translation","Direct en_US vs ms_MY gap"
"lang\ms_MY\dict.lang","CountryPN","Pitcairn Islands","","needs_translation","Direct en_US vs ms_MY gap"
"lang\ms_MY\dict.lang","CountryPR","Puerto Rico","","needs_translation","Direct en_US vs ms_MY gap"
"lang\ms_MY\dict.lang","CountryPS","Palestinian Territory, Occupied","","needs_translation","Direct en_US vs ms_MY gap"
"lang\ms_MY\dict.lang","CountryPT","Portugal","","needs_translation","Direct en_US vs ms_MY gap"
"lang\ms_MY\dict.lang","CountryPW","Palau","","needs_translation","Direct en_US vs ms_MY gap"
"lang\ms_MY\dict.lang","CountryPY","Paraguay","","needs_translation","Direct en_US vs ms_MY gap"
"lang\ms_MY\dict.lang","CountryQA","Qatar","","needs_translation","Direct en_US vs ms_MY gap"
"lang\ms_MY\dict.lang","CountryRE","Reunion","","needs_translation","Direct en_US vs ms_MY gap"
"lang\ms_MY\dict.lang","CountryRO","Romania","","needs_translation","Direct en_US vs ms_MY gap"
"lang\ms_MY\dict.lang","CountryRS","Serbia","","needs_translation","Direct en_US vs ms_MY gap"
"lang\ms_MY\dict.lang","CountryRU","Russia","","needs_translation","Direct en_US vs ms_MY gap"
"lang\ms_MY\dict.lang","CountryRW","Rwanda","","needs_translation","Direct en_US vs ms_MY gap"
"lang\ms_MY\dict.lang","CountrySA","Saudi Arabia","","needs_translation","Direct en_US vs ms_MY gap"
"lang\ms_MY\dict.lang","CountrySB","Solomon Islands","","needs_translation","Direct en_US vs ms_MY gap"
"lang\ms_MY\dict.lang","CountrySC","Seychelles","","needs_translation","Direct en_US vs ms_MY gap"
"lang\ms_MY\dict.lang","CountrySD","Sudan","","needs_translation","Direct en_US vs ms_MY gap"
"lang\ms_MY\dict.lang","CountrySE","Sweden","","needs_translation","Direct en_US vs ms_MY gap"
"lang\ms_MY\dict.lang","CountrySG","Singapore","","needs_translation","Direct en_US vs ms_MY gap"
"lang\ms_MY\dict.lang","CountrySH","Saint Helena","","needs_translation","Direct en_US vs ms_MY gap"
"lang\ms_MY\dict.lang","CountrySI","Slovenia","","needs_translation","Direct en_US vs ms_MY gap"
"lang\ms_MY\dict.lang","CountrySJ","Svalbard and Jan Mayen","","needs_translation","Direct en_US vs ms_MY gap"
"lang\ms_MY\dict.lang","CountrySK","Slovakia","","needs_translation","Direct en_US vs ms_MY gap"
"lang\ms_MY\dict.lang","CountrySL","Sierra Leone","","needs_translation","Direct en_US vs ms_MY gap"
"lang\ms_MY\dict.lang","CountrySM","San Marino","","needs_translation","Direct en_US vs ms_MY gap"
"lang\ms_MY\dict.lang","CountrySN","Senegal","","needs_translation","Direct en_US vs ms_MY gap"
"lang\ms_MY\dict.lang","CountrySO","Somalia","","needs_translation","Direct en_US vs ms_MY gap"
"lang\ms_MY\dict.lang","CountrySR","Suriname","","needs_translation","Direct en_US vs ms_MY gap"
"lang\ms_MY\dict.lang","CountryST","Sao Tome and Principe","","needs_translation","Direct en_US vs ms_MY gap"
"lang\ms_MY\dict.lang","CountrySV","El Salvador","","needs_translation","Direct en_US vs ms_MY gap"
"lang\ms_MY\dict.lang","CountrySY","Syrian","","needs_translation","Direct en_US vs ms_MY gap"
"lang\ms_MY\dict.lang","CountrySZ","Swaziland","","needs_translation","Direct en_US vs ms_MY gap"
"lang\ms_MY\dict.lang","CountryTC","Turks and Caicos Islands","","needs_translation","Direct en_US vs ms_MY gap"
"lang\ms_MY\dict.lang","CountryTD","Chad","","needs_translation","Direct en_US vs ms_MY gap"
"lang\ms_MY\dict.lang","CountryTF","French Southern Territories","","needs_translation","Direct en_US vs ms_MY gap"
"lang\ms_MY\dict.lang","CountryTG","Togo","","needs_translation","Direct en_US vs ms_MY gap"
"lang\ms_MY\dict.lang","CountryTH","Thailand","","needs_translation","Direct en_US vs ms_MY gap"
"lang\ms_MY\dict.lang","CountryTJ","Tajikistan","","needs_translation","Direct en_US vs ms_MY gap"
"lang\ms_MY\dict.lang","CountryTK","Tokelau","","needs_translation","Direct en_US vs ms_MY gap"
"lang\ms_MY\dict.lang","CountryTL","Timor-Leste","","needs_translation","Direct en_US vs ms_MY gap"
"lang\ms_MY\dict.lang","CountryTM","Turkmenistan","","needs_translation","Direct en_US vs ms_MY gap"
"lang\ms_MY\dict.lang","CountryTN","Tunisia","","needs_translation","Direct en_US vs ms_MY gap"
"lang\ms_MY\dict.lang","CountryTO","Tonga","","needs_translation","Direct en_US vs ms_MY gap"
"lang\ms_MY\dict.lang","CountryTR","Turkey","","needs_translation","Direct en_US vs ms_MY gap"
"lang\ms_MY\dict.lang","CountryTT","Trinidad and Tobago","","needs_translation","Direct en_US vs ms_MY gap"
"lang\ms_MY\dict.lang","CountryTV","Tuvalu","","needs_translation","Direct en_US vs ms_MY gap"
"lang\ms_MY\dict.lang","CountryTW","Taiwan","","needs_translation","Direct en_US vs ms_MY gap"
"lang\ms_MY\dict.lang","CountryTZ","Tanzania","","needs_translation","Direct en_US vs ms_MY gap"
"lang\ms_MY\dict.lang","CountryUA","Ukraine","","needs_translation","Direct en_US vs ms_MY gap"
"lang\ms_MY\dict.lang","CountryUG","Uganda","","needs_translation","Direct en_US vs ms_MY gap"
"lang\ms_MY\dict.lang","CountryUK","United Kingdom","","needs_translation","Direct en_US vs ms_MY gap"
"lang\ms_MY\dict.lang","CountryUM","United States Minor Outlying Islands","","needs_translation","Direct en_US vs ms_MY gap"
"lang\ms_MY\dict.lang","CountryUS","United States","","needs_translation","Direct en_US vs ms_MY gap"
"lang\ms_MY\dict.lang","CountryUY","Uruguay","","needs_translation","Direct en_US vs ms_MY gap"
"lang\ms_MY\dict.lang","CountryUZ","Uzbekistan","","needs_translation","Direct en_US vs ms_MY gap"
"lang\ms_MY\dict.lang","CountryVA","Holy See (Vatican City State)","","needs_translation","Direct en_US vs ms_MY gap"
"lang\ms_MY\dict.lang","CountryVC","Saint Vincent and Grenadines","","needs_translation","Direct en_US vs ms_MY gap"
"lang\ms_MY\dict.lang","CountryVE","Venezuela","","needs_translation","Direct en_US vs ms_MY gap"
"lang\ms_MY\dict.lang","CountryVG","Virgin Islands, British","","needs_translation","Direct en_US vs ms_MY gap"
"lang\ms_MY\dict.lang","CountryVI","Virgin Islands, U.S.","","needs_translation","Direct en_US vs ms_MY gap"
"lang\ms_MY\dict.lang","CountryVN","Vietnam","","needs_translation","Direct en_US vs ms_MY gap"
"lang\ms_MY\dict.lang","CountryVU","Vanuatu","","needs_translation","Direct en_US vs ms_MY gap"
"lang\ms_MY\dict.lang","CountryWF","Wallis and Futuna","","needs_translation","Direct en_US vs ms_MY gap"
"lang\ms_MY\dict.lang","CountryWS","Samoa","","needs_translation","Direct en_US vs ms_MY gap"
"lang\ms_MY\dict.lang","CountryXK","Kosovo","","needs_translation","Direct en_US vs ms_MY gap"
"lang\ms_MY\dict.lang","CountryYE","Yemen","","needs_translation","Direct en_US vs ms_MY gap"
"lang\ms_MY\dict.lang","CountryYT","Mayotte","","needs_translation","Direct en_US vs ms_MY gap"
"lang\ms_MY\dict.lang","CountryZA","South Africa","","needs_translation","Direct en_US vs ms_MY gap"
"lang\ms_MY\dict.lang","CountryZM","Zambia","","needs_translation","Direct en_US vs ms_MY gap"
"lang\ms_MY\dict.lang","CountryZW","Zimbabwe","","needs_translation","Direct en_US vs ms_MY gap"
"lang\ms_MY\dict.lang","CurrencyAUD","AU Dollars","","needs_translation","Direct en_US vs ms_MY gap"
"lang\ms_MY\dict.lang","CurrencyCAD","CAN Dollars","","needs_translation","Direct en_US vs ms_MY gap"
"lang\ms_MY\dict.lang","CurrencyCentEUR","cents","","needs_translation","Direct en_US vs ms_MY gap"
"lang\ms_MY\dict.lang","CurrencyCentINR","paise","","needs_translation","Direct en_US vs ms_MY gap"
"lang\ms_MY\dict.lang","CurrencyCentSingEUR","cent","","needs_translation","Direct en_US vs ms_MY gap"
"lang\ms_MY\dict.lang","CurrencyCentSingINR","paisa","","needs_translation","Direct en_US vs ms_MY gap"
"lang\ms_MY\dict.lang","CurrencyCHF","Swiss Francs","","needs_translation","Direct en_US vs ms_MY gap"
"lang\ms_MY\dict.lang","CurrencyEUR","Euros","","needs_translation","Direct en_US vs ms_MY gap"
"lang\ms_MY\dict.lang","Currencyeuros","Euros","","needs_translation","Direct en_US vs ms_MY gap"
"lang\ms_MY\dict.lang","CurrencyFRF","French Francs","","needs_translation","Direct en_US vs ms_MY gap"
"lang\ms_MY\dict.lang","CurrencyGBP","GB Pounds","","needs_translation","Direct en_US vs ms_MY gap"
"lang\ms_MY\dict.lang","CurrencyINR","Indian rupees","","needs_translation","Direct en_US vs ms_MY gap"
"lang\ms_MY\dict.lang","CurrencyMAD","Dirham","","needs_translation","Direct en_US vs ms_MY gap"
"lang\ms_MY\dict.lang","CurrencyMGA","Ariary","","needs_translation","Direct en_US vs ms_MY gap"
"lang\ms_MY\dict.lang","CurrencyMUR","Mauritius rupees","","needs_translation","Direct en_US vs ms_MY gap"
"lang\ms_MY\dict.lang","CurrencyNOK","Norwegian krones","","needs_translation","Direct en_US vs ms_MY gap"
"lang\ms_MY\dict.lang","CurrencySingAUD","AU Dollar","","needs_translation","Direct en_US vs ms_MY gap"
"lang\ms_MY\dict.lang","CurrencySingCAD","CAN Dollar","","needs_translation","Direct en_US vs ms_MY gap"
"lang\ms_MY\dict.lang","CurrencySingCHF","Swiss Franc","","needs_translation","Direct en_US vs ms_MY gap"
"lang\ms_MY\dict.lang","CurrencySingEUR","Euro","","needs_translation","Direct en_US vs ms_MY gap"
"lang\ms_MY\dict.lang","CurrencySingFRF","French Franc","","needs_translation","Direct en_US vs ms_MY gap"
"lang\ms_MY\dict.lang","CurrencySingGBP","GB Pound","","needs_translation","Direct en_US vs ms_MY gap"
"lang\ms_MY\dict.lang","CurrencySingINR","Indian rupee","","needs_translation","Direct en_US vs ms_MY gap"
"lang\ms_MY\dict.lang","CurrencySingMAD","Dirham","","needs_translation","Direct en_US vs ms_MY gap"
"lang\ms_MY\dict.lang","CurrencySingMGA","Ariary","","needs_translation","Direct en_US vs ms_MY gap"
"lang\ms_MY\dict.lang","CurrencySingMUR","Mauritius rupee","","needs_translation","Direct en_US vs ms_MY gap"
"lang\ms_MY\dict.lang","CurrencySingNOK","Norwegian kronas","","needs_translation","Direct en_US vs ms_MY gap"
"lang\ms_MY\dict.lang","CurrencySingTND","Tunisian dinar","","needs_translation","Direct en_US vs ms_MY gap"
"lang\ms_MY\dict.lang","CurrencySingUAH","Hryvnia","","needs_translation","Direct en_US vs ms_MY gap"
"lang\ms_MY\dict.lang","CurrencySingUSD","US Dollar","","needs_translation","Direct en_US vs ms_MY gap"
"lang\ms_MY\dict.lang","CurrencySingXAF","CFA Franc BEAC","","needs_translation","Direct en_US vs ms_MY gap"
"lang\ms_MY\dict.lang","CurrencySingXOF","CFA Franc BCEAO","","needs_translation","Direct en_US vs ms_MY gap"
"lang\ms_MY\dict.lang","CurrencySingXPF","CFP Franc","","needs_translation","Direct en_US vs ms_MY gap"
"lang\ms_MY\dict.lang","CurrencyThousandthSingTND","thousandth","","needs_translation","Direct en_US vs ms_MY gap"
"lang\ms_MY\dict.lang","CurrencyTND","Tunisian dinars","","needs_translation","Direct en_US vs ms_MY gap"
"lang\ms_MY\dict.lang","CurrencyUAH","Hryvnia","","needs_translation","Direct en_US vs ms_MY gap"
"lang\ms_MY\dict.lang","CurrencyUSD","US Dollars","","needs_translation","Direct en_US vs ms_MY gap"
"lang\ms_MY\dict.lang","CurrencyXAF","CFA Francs BEAC","","needs_translation","Direct en_US vs ms_MY gap"
"lang\ms_MY\dict.lang","CurrencyXOF","CFA Francs BCEAO","","needs_translation","Direct en_US vs ms_MY gap"
"lang\ms_MY\dict.lang","CurrencyXPF","CFP Francs","","needs_translation","Direct en_US vs ms_MY gap"
"lang\ms_MY\dict.lang","DemandReasonTypeSRC_CAMP_EMAIL","EMailing campaign","","needs_translation","Direct en_US vs ms_MY gap"
"lang\ms_MY\dict.lang","DemandReasonTypeSRC_CAMP_FAX","Fax campaign","","needs_translation","Direct en_US vs ms_MY gap"
"lang\ms_MY\dict.lang","DemandReasonTypeSRC_CAMP_MAIL","Mailing campaign","","needs_translation","Direct en_US vs ms_MY gap"
"lang\ms_MY\dict.lang","DemandReasonTypeSRC_CAMP_PHO","Phone campaign","","needs_translation","Direct en_US vs ms_MY gap"
"lang\ms_MY\dict.lang","DemandReasonTypeSRC_COMM","Commercial contact","","needs_translation","Direct en_US vs ms_MY gap"
"lang\ms_MY\dict.lang","DemandReasonTypeSRC_EMPLOYEE","Employee","","needs_translation","Direct en_US vs ms_MY gap"
"lang\ms_MY\dict.lang","DemandReasonTypeSRC_INTE","Internet","","needs_translation","Direct en_US vs ms_MY gap"
"lang\ms_MY\dict.lang","DemandReasonTypeSRC_PARTNER","Partner","","needs_translation","Direct en_US vs ms_MY gap"
"lang\ms_MY\dict.lang","DemandReasonTypeSRC_SHOP","Shop contact","","needs_translation","Direct en_US vs ms_MY gap"
"lang\ms_MY\dict.lang","DemandReasonTypeSRC_SPONSORING","Sponsorship","","needs_translation","Direct en_US vs ms_MY gap"
"lang\ms_MY\dict.lang","DemandReasonTypeSRC_SRC_CUSTOMER","Incoming contact of a customer","","needs_translation","Direct en_US vs ms_MY gap"
"lang\ms_MY\dict.lang","DemandReasonTypeSRC_WOM","Word of mouth","","needs_translation","Direct en_US vs ms_MY gap"
"lang\ms_MY\dict.lang","ExpAuto10CV","10 CV","","needs_translation","Direct en_US vs ms_MY gap"
"lang\ms_MY\dict.lang","ExpAuto10PCV","10 CV and more","","needs_translation","Direct en_US vs ms_MY gap"
"lang\ms_MY\dict.lang","ExpAuto11CV","11 CV","","needs_translation","Direct en_US vs ms_MY gap"
"lang\ms_MY\dict.lang","ExpAuto11PCV","11 CV and more","","needs_translation","Direct en_US vs ms_MY gap"
"lang\ms_MY\dict.lang","ExpAuto12CV","12 CV","","needs_translation","Direct en_US vs ms_MY gap"
"lang\ms_MY\dict.lang","ExpAuto12PCV","12 CV and more","","needs_translation","Direct en_US vs ms_MY gap"
"lang\ms_MY\dict.lang","ExpAuto13PCV","13 CV and more","","needs_translation","Direct en_US vs ms_MY gap"
"lang\ms_MY\dict.lang","ExpAuto3CV","3 CV","","needs_translation","Direct en_US vs ms_MY gap"
"lang\ms_MY\dict.lang","ExpAuto3PCV","3 CV and more","","needs_translation","Direct en_US vs ms_MY gap"
"lang\ms_MY\dict.lang","ExpAuto4CV","4 CV","","needs_translation","Direct en_US vs ms_MY gap"
"lang\ms_MY\dict.lang","ExpAuto4PCV","4 CV and more","","needs_translation","Direct en_US vs ms_MY gap"
"lang\ms_MY\dict.lang","ExpAuto5CV","5 CV","","needs_translation","Direct en_US vs ms_MY gap"
"lang\ms_MY\dict.lang","ExpAuto5PCV","5 CV and more","","needs_translation","Direct en_US vs ms_MY gap"
"lang\ms_MY\dict.lang","ExpAuto6CV","6 CV","","needs_translation","Direct en_US vs ms_MY gap"
"lang\ms_MY\dict.lang","ExpAuto6PCV","6 CV and more","","needs_translation","Direct en_US vs ms_MY gap"
"lang\ms_MY\dict.lang","ExpAuto7CV","7 CV","","needs_translation","Direct en_US vs ms_MY gap"
"lang\ms_MY\dict.lang","ExpAuto7PCV","7 CV and more","","needs_translation","Direct en_US vs ms_MY gap"
"lang\ms_MY\dict.lang","ExpAuto8CV","8 CV","","needs_translation","Direct en_US vs ms_MY gap"
"lang\ms_MY\dict.lang","ExpAuto8PCV","8 CV and more","","needs_translation","Direct en_US vs ms_MY gap"
"lang\ms_MY\dict.lang","ExpAuto9CV","9 CV","","needs_translation","Direct en_US vs ms_MY gap"
"lang\ms_MY\dict.lang","ExpAuto9PCV","9 CV and more","","needs_translation","Direct en_US vs ms_MY gap"
"lang\ms_MY\dict.lang","ExpAutoCat","Car","","needs_translation","Direct en_US vs ms_MY gap"
"lang\ms_MY\dict.lang","ExpCyclo","Capacity lower to 50cm3","","needs_translation","Direct en_US vs ms_MY gap"
"lang\ms_MY\dict.lang","ExpCycloCat","Moped","","needs_translation","Direct en_US vs ms_MY gap"
"lang\ms_MY\dict.lang","ExpMoto12CV","Motorbike 1 or 2 CV","","needs_translation","Direct en_US vs ms_MY gap"
"lang\ms_MY\dict.lang","ExpMoto345CV","Motorbike 3, 4 or 5 CV","","needs_translation","Direct en_US vs ms_MY gap"
"lang\ms_MY\dict.lang","ExpMoto5PCV","Motorbike 5 CV and more","","needs_translation","Direct en_US vs ms_MY gap"
"lang\ms_MY\dict.lang","ExpMotoCat","Motorbike","","needs_translation","Direct en_US vs ms_MY gap"
"lang\ms_MY\dict.lang","PaperFormatCAP1","Format P1 Canada","","needs_translation","Direct en_US vs ms_MY gap"
"lang\ms_MY\dict.lang","PaperFormatCAP2","Format P2 Canada","","needs_translation","Direct en_US vs ms_MY gap"
"lang\ms_MY\dict.lang","PaperFormatCAP3","Format P3 Canada","","needs_translation","Direct en_US vs ms_MY gap"
"lang\ms_MY\dict.lang","PaperFormatCAP4","Format P4 Canada","","needs_translation","Direct en_US vs ms_MY gap"
"lang\ms_MY\dict.lang","PaperFormatCAP5","Format P5 Canada","","needs_translation","Direct en_US vs ms_MY gap"
"lang\ms_MY\dict.lang","PaperFormatCAP6","Format P6 Canada","","needs_translation","Direct en_US vs ms_MY gap"
"lang\ms_MY\dict.lang","PaperFormatEU2A0","Format 2A0","","needs_translation","Direct en_US vs ms_MY gap"
"lang\ms_MY\dict.lang","PaperFormatEU4A0","Format 4A0","","needs_translation","Direct en_US vs ms_MY gap"
"lang\ms_MY\dict.lang","PaperFormatEUA0","Format A0","","needs_translation","Direct en_US vs ms_MY gap"
"lang\ms_MY\dict.lang","PaperFormatEUA1","Format A1","","needs_translation","Direct en_US vs ms_MY gap"
"lang\ms_MY\dict.lang","PaperFormatEUA2","Format A2","","needs_translation","Direct en_US vs ms_MY gap"
"lang\ms_MY\dict.lang","PaperFormatEUA3","Format A3","","needs_translation","Direct en_US vs ms_MY gap"
"lang\ms_MY\dict.lang","PaperFormatEUA4","Format A4","","needs_translation","Direct en_US vs ms_MY gap"
"lang\ms_MY\dict.lang","PaperFormatEUA5","Format A5","","needs_translation","Direct en_US vs ms_MY gap"
"lang\ms_MY\dict.lang","PaperFormatEUA6","Format A6","","needs_translation","Direct en_US vs ms_MY gap"
"lang\ms_MY\dict.lang","PaperFormatUSEXECUTIVE","Format Executive US","","needs_translation","Direct en_US vs ms_MY gap"
"lang\ms_MY\dict.lang","PaperFormatUSLEDGER","Format Ledger/Tabloid","","needs_translation","Direct en_US vs ms_MY gap"
"lang\ms_MY\dict.lang","PaperFormatUSLEGAL","Format Legal US","","needs_translation","Direct en_US vs ms_MY gap"
"lang\ms_MY\dict.lang","PaperFormatUSLETTER","Format Letter US","","needs_translation","Direct en_US vs ms_MY gap"
"lang\ms_MY\donations.lang","AddDonation","Create a donation","","needs_translation","Direct en_US vs ms_MY gap"
"lang\ms_MY\donations.lang","AnonymousDonationTooltip","Check this box if you want your donation to remain anonymous. Your personal information will not be asked.","","needs_translation","Direct en_US vs ms_MY gap"
"lang\ms_MY\donations.lang","AnyAmountForDonation","Any amount of your choice","","needs_translation","Direct en_US vs ms_MY gap"
"lang\ms_MY\donations.lang","BlankDonationForm","Public donation form","","needs_translation","Direct en_US vs ms_MY gap"
"lang\ms_MY\donations.lang","BlankDonationFormDesc","Dolibarr can provide you a public URL/website to allow external visitors to make a donation. If an online payment module is enabled, a payment form may also be automatically provided.","","needs_translation","Direct en_US vs ms_MY gap"
"lang\ms_MY\donations.lang","companyBusinessNumber","Business Registration Number","","needs_translation","Direct en_US vs ms_MY gap"
"lang\ms_MY\donations.lang","companyTIN","Tax Identification Number","","needs_translation","Direct en_US vs ms_MY gap"
"lang\ms_MY\donations.lang","ConfirmDeleteADonation","Are you sure you want to delete this donation?","","needs_translation","Direct en_US vs ms_MY gap"
"lang\ms_MY\donations.lang","DeleteADonation","Delete a donation","","needs_translation","Direct en_US vs ms_MY gap"
"lang\ms_MY\donations.lang","descDonationLineInInvoice","Donation and contribution","","needs_translation","Direct en_US vs ms_MY gap"
"lang\ms_MY\donations.lang","donAnonymous","Anonymous donation","","needs_translation","Direct en_US vs ms_MY gap"
"lang\ms_MY\donations.lang","Donation","Donation","","needs_translation","Direct en_US vs ms_MY gap"
"lang\ms_MY\donations.lang","DONATION_ART200","Show article 200 from CGI if you are concerned","","needs_translation","Direct en_US vs ms_MY gap"
"lang\ms_MY\donations.lang","DONATION_ART238","Show article 238 from CGI if you are concerned","","needs_translation","Direct en_US vs ms_MY gap"
"lang\ms_MY\donations.lang","DONATION_ART978","Show article 978 from CGI if you are concerned","","needs_translation","Direct en_US vs ms_MY gap"
"lang\ms_MY\donations.lang","DONATION_NEWFORM_PAYONLINE","After the donation form, switch automatically to the online payment page","","needs_translation","Direct en_US vs ms_MY gap"
"lang\ms_MY\donations.lang","donationAmount","Contribution Amount","","needs_translation","Direct en_US vs ms_MY gap"
"lang\ms_MY\donations.lang","donationCountersArePublic"," The total amount of valid donations is publicly visible","","needs_translation","Direct en_US vs ms_MY gap"
"lang\ms_MY\donations.lang","DonationDate","Donation date","","needs_translation","Direct en_US vs ms_MY gap"
"lang\ms_MY\donations.lang","DonationDatePayment","Payment date","","needs_translation","Direct en_US vs ms_MY gap"
"lang\ms_MY\donations.lang","donationErrorMessageContactEmail","An error has occurred. To complete your donation, please contact us at %s","","needs_translation","Direct en_US vs ms_MY gap"
"lang\ms_MY\donations.lang","DonationPayment","Donation payment","","needs_translation","Direct en_US vs ms_MY gap"
"lang\ms_MY\donations.lang","DonationPayments","Donation payments","","needs_translation","Direct en_US vs ms_MY gap"
"lang\ms_MY\donations.lang","donationPublic","Public donation","","needs_translation","Direct en_US vs ms_MY gap"
"lang\ms_MY\donations.lang","DonationReceipt","Donation receipt","","needs_translation","Direct en_US vs ms_MY gap"
"lang\ms_MY\donations.lang","DonationRecipient","Donation recipient","","needs_translation","Direct en_US vs ms_MY gap"
"lang\ms_MY\donations.lang","DonationRef","Donation ref.","","needs_translation","Direct en_US vs ms_MY gap"
"lang\ms_MY\donations.lang","Donations","Donations","","needs_translation","Direct en_US vs ms_MY gap"
"lang\ms_MY\donations.lang","DonationsArea","Donations area","","needs_translation","Direct en_US vs ms_MY gap"
"lang\ms_MY\donations.lang","DonationsModels","Documents models for donation receipts","","needs_translation","Direct en_US vs ms_MY gap"
"lang\ms_MY\donations.lang","DonationsStatistics","Donation's statistics","","needs_translation","Direct en_US vs ms_MY gap"
"lang\ms_MY\donations.lang","DonationStatusPaid","Donation received","","needs_translation","Direct en_US vs ms_MY gap"
"lang\ms_MY\donations.lang","DonationStatusPaidShort","Received","","needs_translation","Direct en_US vs ms_MY gap"
"lang\ms_MY\donations.lang","DonationStatusPromiseNotValidated","Draft promise","","needs_translation","Direct en_US vs ms_MY gap"
"lang\ms_MY\donations.lang","DonationStatusPromiseNotValidatedShort","Draft","","needs_translation","Direct en_US vs ms_MY gap"
"lang\ms_MY\donations.lang","DonationStatusPromiseValidated","Validated promise","","needs_translation","Direct en_US vs ms_MY gap"
"lang\ms_MY\donations.lang","DonationStatusPromiseValidatedShort","Validated","","needs_translation","Direct en_US vs ms_MY gap"
"lang\ms_MY\donations.lang","DonationTitle","Donation receipt","","needs_translation","Direct en_US vs ms_MY gap"
"lang\ms_MY\donations.lang","DonationUseThirdparties","Use the address of an existing thirdparty as the address of the donor","","needs_translation","Direct en_US vs ms_MY gap"
"lang\ms_MY\donations.lang","DonationValidated","Donation %s validated","","needs_translation","Direct en_US vs ms_MY gap"
"lang\ms_MY\donations.lang","Donor","Donor","","needs_translation","Direct en_US vs ms_MY gap"
"lang\ms_MY\donations.lang","EnablePublicDonationForm","Enable the public donation form","","needs_translation","Direct en_US vs ms_MY gap"
"lang\ms_MY\donations.lang","EnablePublicDonationList","Enable the public donation List","","needs_translation","Direct en_US vs ms_MY gap"
"lang\ms_MY\donations.lang","ErrorFieldMinimumAmount","Minimum amount of donation is %s","","needs_translation","Direct en_US vs ms_MY gap"
"lang\ms_MY\donations.lang","ForceDonateurNature"," Force donateur nature (Individual or Corporation)","","needs_translation","Direct en_US vs ms_MY gap"
"lang\ms_MY\donations.lang","FreeTextOnDonations","Free text to show in footer","","needs_translation","Direct en_US vs ms_MY gap"
"lang\ms_MY\donations.lang","FrenchOptions","Options for France","","needs_translation","Direct en_US vs ms_MY gap"
"lang\ms_MY\donations.lang","GetDonationButtonLabel","Donate","","needs_translation","Direct en_US vs ms_MY gap"
"lang\ms_MY\donations.lang","IConfirmDonationReception","The recipient declare reception, as a donation, of the following amount","","needs_translation","Direct en_US vs ms_MY gap"
"lang\ms_MY\donations.lang","LastModifiedDonations","Latest %s modified donations","","needs_translation","Direct en_US vs ms_MY gap"
"lang\ms_MY\donations.lang","listOfPublicDonations","List of public donations","","needs_translation","Direct en_US vs ms_MY gap"
"lang\ms_MY\donations.lang","MinimumAmount","Minimum amount is  %s","","needs_translation","Direct en_US vs ms_MY gap"
"lang\ms_MY\donations.lang","MinimumAmountDonation","Minimum amount of donation payment","","needs_translation","Direct en_US vs ms_MY gap"
"lang\ms_MY\donations.lang","NbOfDonations","Number of donations","","needs_translation","Direct en_US vs ms_MY gap"
"lang\ms_MY\donations.lang","NewDonation","New donation","","needs_translation","Direct en_US vs ms_MY gap"
"lang\ms_MY\donations.lang","NewDonationbyWeb","New donation added. Awaiting for payment","","needs_translation","Direct en_US vs ms_MY gap"
"lang\ms_MY\donations.lang","NewDonationDesc","This form allows you to make a donation.","","needs_translation","Direct en_US vs ms_MY gap"
"lang\ms_MY\donations.lang","NewDonationForm","New donation form","","needs_translation","Direct en_US vs ms_MY gap"
"lang\ms_MY\donations.lang","project","Cause","","needs_translation","Direct en_US vs ms_MY gap"
"lang\ms_MY\donations.lang","PublicDonation","Public donation","","needs_translation","Direct en_US vs ms_MY gap"
"lang\ms_MY\donations.lang","publicDonationFieldHelp","%s can publish my donation in the public register","","needs_translation","Direct en_US vs ms_MY gap"
"lang\ms_MY\donations.lang","ValidPromess","Validate promise","","needs_translation","Direct en_US vs ms_MY gap"
"lang\ms_MY\eventorganization.lang","AllowUnknownPeopleSuggestBooth","Allow people to apply for a booth","","needs_translation","Direct en_US vs ms_MY gap"
"lang\ms_MY\eventorganization.lang","AllowUnknownPeopleSuggestBoothHelp","Allow unknown people to apply for a booth","","needs_translation","Direct en_US vs ms_MY gap"
"lang\ms_MY\eventorganization.lang","AllowUnknownPeopleSuggestConf","Allow people to suggest conferences","","needs_translation","Direct en_US vs ms_MY gap"
"lang\ms_MY\eventorganization.lang","AllowUnknownPeopleSuggestConfHelp","Allow unknown people to suggest a conference they want to do","","needs_translation","Direct en_US vs ms_MY gap"
"lang\ms_MY\eventorganization.lang","AlreadyVoted"," You have already voted for this event.","","needs_translation","Direct en_US vs ms_MY gap"
"lang\ms_MY\eventorganization.lang","AmountOfRegistrationPaid","Amount of registration paid","","needs_translation","Direct en_US vs ms_MY gap"
"lang\ms_MY\eventorganization.lang","AmountPaid"," Amount paid","","needs_translation","Direct en_US vs ms_MY gap"
"lang\ms_MY\eventorganization.lang","ApplicantOrVisitor","Applicant or visitor","","needs_translation","Direct en_US vs ms_MY gap"
"lang\ms_MY\eventorganization.lang","Attendee"," Attendee","","needs_translation","Direct en_US vs ms_MY gap"
"lang\ms_MY\eventorganization.lang","Attendees","Attendees","","needs_translation","Direct en_US vs ms_MY gap"
"lang\ms_MY\eventorganization.lang","BoothLocationFee"," Booth location for the event : '%s' occurring from %s to %s","","needs_translation","Direct en_US vs ms_MY gap"
"lang\ms_MY\eventorganization.lang","ConfAttendeeSubscriptionConfirmation"," Confirmation of your subscription to an event","","needs_translation","Direct en_US vs ms_MY gap"
"lang\ms_MY\eventorganization.lang","ConferenceAttendeeFee"," Conference attendee fee for the event : '%s' occurring from %s to %s.","","needs_translation","Direct en_US vs ms_MY gap"
"lang\ms_MY\eventorganization.lang","ConferenceIsNotConfirmed","Registration not available, conference is not confirmed yet","","needs_translation","Direct en_US vs ms_MY gap"
"lang\ms_MY\eventorganization.lang","ConferenceOrBooth"," Conference Or Booth","","needs_translation","Direct en_US vs ms_MY gap"
"lang\ms_MY\eventorganization.lang","ConferenceOrBoothAttendee"," Conference Or Booth Attendee","","needs_translation","Direct en_US vs ms_MY gap"
"lang\ms_MY\eventorganization.lang","ConferenceOrBoothFormat","Conference or booth mode","","needs_translation","Direct en_US vs ms_MY gap"
"lang\ms_MY\eventorganization.lang","ConferenceOrBoothFormatCode","Code of conference or booth mode","","needs_translation","Direct en_US vs ms_MY gap"
"lang\ms_MY\eventorganization.lang","ConferenceOrBoothFormatID","ID of conference or booth mode","","needs_translation","Direct en_US vs ms_MY gap"
"lang\ms_MY\eventorganization.lang","ConferenceOrBoothFormatLabel","Label of conference or booth mode","","needs_translation","Direct en_US vs ms_MY gap"
"lang\ms_MY\eventorganization.lang","ConferenceOrBoothInformation","Conference Or Booth information","","needs_translation","Direct en_US vs ms_MY gap"
"lang\ms_MY\eventorganization.lang","ConferenceOrBoothTab"," Conference Or Booth","","needs_translation","Direct en_US vs ms_MY gap"
"lang\ms_MY\eventorganization.lang","Confirmed","Confirmed","","needs_translation","Direct en_US vs ms_MY gap"
"lang\ms_MY\eventorganization.lang","ConfirmModifyStatus","Confirm status modification","","needs_translation","Direct en_US vs ms_MY gap"
"lang\ms_MY\eventorganization.lang","ConfirmModifyStatusQuestion","Are you sure you want to modify the %s selected record(s)?","","needs_translation","Direct en_US vs ms_MY gap"
"lang\ms_MY\eventorganization.lang","DateEndEvent","Event end date","","needs_translation","Direct en_US vs ms_MY gap"
"lang\ms_MY\eventorganization.lang","DateMustBeAfterThan","%s must be after %s","","needs_translation","Direct en_US vs ms_MY gap"
"lang\ms_MY\eventorganization.lang","DateMustBeBeforeThan","%s must be before %s","","needs_translation","Direct en_US vs ms_MY gap"
"lang\ms_MY\eventorganization.lang","DateOfRegistration"," Date of registration","","needs_translation","Direct en_US vs ms_MY gap"
"lang\ms_MY\eventorganization.lang","DateStartEvent","Event start date","","needs_translation","Direct en_US vs ms_MY gap"
"lang\ms_MY\eventorganization.lang","DeleteConferenceOrBoothAttendee","Remove attendee","","needs_translation","Direct en_US vs ms_MY gap"
"lang\ms_MY\eventorganization.lang","DownloadICSLink","Download ICS file","","needs_translation","Direct en_US vs ms_MY gap"
"lang\ms_MY\eventorganization.lang","EmailAttendee","Attendee email","","needs_translation","Direct en_US vs ms_MY gap"
"lang\ms_MY\eventorganization.lang","EmailCompany","Company email","","needs_translation","Direct en_US vs ms_MY gap"
"lang\ms_MY\eventorganization.lang","EmailCompanyForInvoice","Company email (for invoice, if different of attendee email)","","needs_translation","Direct en_US vs ms_MY gap"
"lang\ms_MY\eventorganization.lang","ErrorSeveralCompaniesWithEmailContactUs","Several companies with this email has been found so we can't validate automatically your registration. Please contact us at %s for a manual validation","","needs_translation","Direct en_US vs ms_MY gap"
"lang\ms_MY\eventorganization.lang","ErrorSeveralCompaniesWithNameContactUs","Several companies with this name has been found so we can't validate automatically your registration. Please contact us at %s for a manual validation","","needs_translation","Direct en_US vs ms_MY gap"
"lang\ms_MY\eventorganization.lang","EventFee","Event fee","","needs_translation","Direct en_US vs ms_MY gap"
"lang\ms_MY\eventorganization.lang","EventOrganization","Event organization","","needs_translation","Direct en_US vs ms_MY gap"
"lang\ms_MY\eventorganization.lang","EVENTORGANIZATION_CATEG_THIRDPARTY_BOOTH"," Category to add to third-parties automatically created when they suggests a booth","","needs_translation","Direct en_US vs ms_MY gap"
"lang\ms_MY\eventorganization.lang","EVENTORGANIZATION_CATEG_THIRDPARTY_CONF"," Category to add to third-parties automatically created when someone suggests a conference","","needs_translation","Direct en_US vs ms_MY gap"
"lang\ms_MY\eventorganization.lang","EVENTORGANIZATION_FILTERATTENDEES_CAT"," In the form to create/add an attendee, restricts the list of thirdparties to thirdparties in the category","","needs_translation","Direct en_US vs ms_MY gap"
"lang\ms_MY\eventorganization.lang","EVENTORGANIZATION_FILTERATTENDEES_TYPE"," In the form to create/add an attendee, restricts the list of thirdparties to thirdparties with the nature","","needs_translation","Direct en_US vs ms_MY gap"
"lang\ms_MY\eventorganization.lang","EVENTORGANIZATION_SECUREKEY","Seed to secure the key for the public registration page to suggest a conference","","needs_translation","Direct en_US vs ms_MY gap"
"lang\ms_MY\eventorganization.lang","EVENTORGANIZATION_TASK_LABEL"," Label of tasks to create automatically when project is validated","","needs_translation","Direct en_US vs ms_MY gap"
"lang\ms_MY\eventorganization.lang","EVENTORGANIZATION_TASK_LABELTooltip"," When you validate an event to organize, some tasks can be automatically created in the project<br><br>For example: <br>Send Call for Conferences<br>Send Call for Booths<br>Validate suggestions of Conferences<br>Validate application for Booths<br>Open subscriptions to the event for attendees<br>Send a remind of the event to speakers<br>Send a remind of the event to Booth hosters<br>Send a remind of the event to attendees","","needs_translation","Direct en_US vs ms_MY gap"
"lang\ms_MY\eventorganization.lang","EVENTORGANIZATION_TASK_LABELTooltip2","Keep empty if you don't need to create tasks automatically.","","needs_translation","Direct en_US vs ms_MY gap"
"lang\ms_MY\eventorganization.lang","EVENTORGANIZATION_TEMPLATE_EMAIL_AFT_SUBS_BOOTH"," Template of email to send after a registration to a booth has been paid.","","needs_translation","Direct en_US vs ms_MY gap"
"lang\ms_MY\eventorganization.lang","EVENTORGANIZATION_TEMPLATE_EMAIL_AFT_SUBS_EVENT"," Template of email to send after a registration to an event has been paid.","","needs_translation","Direct en_US vs ms_MY gap"
"lang\ms_MY\eventorganization.lang","EVENTORGANIZATION_TEMPLATE_EMAIL_ASK_BOOTH"," Template of email to send after receiving a suggestion of a booth.","","needs_translation","Direct en_US vs ms_MY gap"
"lang\ms_MY\eventorganization.lang","EVENTORGANIZATION_TEMPLATE_EMAIL_ASK_CONF"," Template of email to send after receiving a suggestion of a conference.","","needs_translation","Direct en_US vs ms_MY gap"
"lang\ms_MY\eventorganization.lang","EVENTORGANIZATION_TEMPLATE_EMAIL_BULK_ATTENDES"," Template of email to use when sending emails from the massaction ""Send emails"" on attendee list","","needs_translation","Direct en_US vs ms_MY gap"
"lang\ms_MY\eventorganization.lang","EVENTORGANIZATION_TEMPLATE_EMAIL_BULK_SPEAKER"," Template of email to use when sending emails from the massaction ""Send emails"" to speakers","","needs_translation","Direct en_US vs ms_MY gap"
"lang\ms_MY\eventorganization.lang","EventOrganizationConferenceOrBoothMenuLeft"," Conference Or Booth","","needs_translation","Direct en_US vs ms_MY gap"
"lang\ms_MY\eventorganization.lang","EventOrganizationConfOrBooth"," Conference Or Booth","","needs_translation","Direct en_US vs ms_MY gap"
"lang\ms_MY\eventorganization.lang","EventOrganizationConfOrBoothes","Conferences or Booths","","needs_translation","Direct en_US vs ms_MY gap"
"lang\ms_MY\eventorganization.lang","EventOrganizationDescription"," Event Organization through Module Project","","needs_translation","Direct en_US vs ms_MY gap"
"lang\ms_MY\eventorganization.lang","EventOrganizationDescriptionLong"," Manage the organization of an event (show, conferences, attendees or speakers, with public pages for suggestion, vote or registration)","","needs_translation","Direct en_US vs ms_MY gap"
"lang\ms_MY\eventorganization.lang","EventOrganizationEmailAskBooth"," Request for booth","","needs_translation","Direct en_US vs ms_MY gap"
"lang\ms_MY\eventorganization.lang","EventOrganizationEmailAskConf"," Request for conference","","needs_translation","Direct en_US vs ms_MY gap"
"lang\ms_MY\eventorganization.lang","EventOrganizationEmailBoothPayment"," Payment of your booth","","needs_translation","Direct en_US vs ms_MY gap"
"lang\ms_MY\eventorganization.lang","EventOrganizationEmailRegistrationPayment"," Registration for an event","","needs_translation","Direct en_US vs ms_MY gap"
"lang\ms_MY\eventorganization.lang","EventOrganizationICSLink","Link ICS for conferences","","needs_translation","Direct en_US vs ms_MY gap"
"lang\ms_MY\eventorganization.lang","EventOrganizationICSLinkProject","Link ICS for the event","","needs_translation","Direct en_US vs ms_MY gap"
"lang\ms_MY\eventorganization.lang","EventOrganizationMassEmailAttendees"," Communication to attendees","","needs_translation","Direct en_US vs ms_MY gap"
"lang\ms_MY\eventorganization.lang","EventOrganizationMassEmailSpeakers"," Communication to speakers","","needs_translation","Direct en_US vs ms_MY gap"
"lang\ms_MY\eventorganization.lang","EventOrganizationMenuLeft"," Organized events","","needs_translation","Direct en_US vs ms_MY gap"
"lang\ms_MY\eventorganization.lang","EventOrganizationSetup","Event Organization setup","","needs_translation","Direct en_US vs ms_MY gap"
"lang\ms_MY\eventorganization.lang","EventOrganizationSetupPage"," Event Organization setup page","","needs_translation","Direct en_US vs ms_MY gap"
"lang\ms_MY\eventorganization.lang","EventRegistrationAreClosed","Event registrations are closed","","needs_translation","Direct en_US vs ms_MY gap"
"lang\ms_MY\eventorganization.lang","EventType"," Event type","","needs_translation","Direct en_US vs ms_MY gap"
"lang\ms_MY\eventorganization.lang","EvntOrgCancelled"," Canceled","","needs_translation","Direct en_US vs ms_MY gap"
"lang\ms_MY\eventorganization.lang","EvntOrgConfirmed"," Confirmed","","needs_translation","Direct en_US vs ms_MY gap"
"lang\ms_MY\eventorganization.lang","EvntOrgDone"," Done","","needs_translation","Direct en_US vs ms_MY gap"
"lang\ms_MY\eventorganization.lang","EvntOrgDraft"," Draft","","needs_translation","Direct en_US vs ms_MY gap"
"lang\ms_MY\eventorganization.lang","EvntOrgDuration"," This conference starts on %s and ends on %s.","","needs_translation","Direct en_US vs ms_MY gap"
"lang\ms_MY\eventorganization.lang","EvntOrgNotQualified"," Not Qualified","","needs_translation","Direct en_US vs ms_MY gap"
"lang\ms_MY\eventorganization.lang","EvntOrgRegistrationBoothHelpMessage"," Here, you can apply to have a booth during the event.","","needs_translation","Direct en_US vs ms_MY gap"
"lang\ms_MY\eventorganization.lang","EvntOrgRegistrationBoothWelcomeMessage"," Welcome on the booth suggestion page.","","needs_translation","Direct en_US vs ms_MY gap"
"lang\ms_MY\eventorganization.lang","EvntOrgRegistrationConfHelpMessage"," Here, you can suggest a new conference to animate during the event.","","needs_translation","Direct en_US vs ms_MY gap"
"lang\ms_MY\eventorganization.lang","EvntOrgRegistrationConfWelcomeMessage"," Welcome on the conference suggestion page.","","needs_translation","Direct en_US vs ms_MY gap"
"lang\ms_MY\eventorganization.lang","EvntOrgRegistrationHelpMessage"," Here, you can vote for a conference or suggest a new one for the event. You can also apply to have a booth during the event.","","needs_translation","Direct en_US vs ms_MY gap"
"lang\ms_MY\eventorganization.lang","EvntOrgRegistrationWelcomeMessage"," Welcome on the conference or booth suggestion page.","","needs_translation","Direct en_US vs ms_MY gap"
"lang\ms_MY\eventorganization.lang","EvntOrgSuggested"," Suggested","","needs_translation","Direct en_US vs ms_MY gap"
"lang\ms_MY\eventorganization.lang","EvntOrgVoteHelpMessage"," Here, you can view and vote for the suggested events for the project","","needs_translation","Direct en_US vs ms_MY gap"
"lang\ms_MY\eventorganization.lang","EvntOrgWelcomeMessage"," This form allows you to register as a new participant to the event","","needs_translation","Direct en_US vs ms_MY gap"
"lang\ms_MY\eventorganization.lang","LabelOfBooth","Booth label","","needs_translation","Direct en_US vs ms_MY gap"
"lang\ms_MY\eventorganization.lang","LabelOfconference","Conference label","","needs_translation","Direct en_US vs ms_MY gap"
"lang\ms_MY\eventorganization.lang","ListOfAttendeesOfEvent","List of attendees of event projects","","needs_translation","Direct en_US vs ms_MY gap"
"lang\ms_MY\eventorganization.lang","ListOfConferencesOrBooths","Conferences or booths of event project","","needs_translation","Direct en_US vs ms_MY gap"
"lang\ms_MY\eventorganization.lang","ListOfConfOrBoothOfEvent","List of conferences or booths of event projects","","needs_translation","Direct en_US vs ms_MY gap"
"lang\ms_MY\eventorganization.lang","ListOfSuggestedBooths","Suggested booths","","needs_translation","Direct en_US vs ms_MY gap"
"lang\ms_MY\eventorganization.lang","ListOfSuggestedConferences"," List of suggested conferences","","needs_translation","Direct en_US vs ms_MY gap"
"lang\ms_MY\eventorganization.lang","ManageOrganizeEvent"," Manage the organization of an event","","needs_translation","Direct en_US vs ms_MY gap"
"lang\ms_MY\eventorganization.lang","MaxNbOfAttendees","Max number of attendees","","needs_translation","Direct en_US vs ms_MY gap"
"lang\ms_MY\eventorganization.lang","MaxNbOfAttendeesReached","The maximum number of participants has been reached","","needs_translation","Direct en_US vs ms_MY gap"
"lang\ms_MY\eventorganization.lang","MissingOrBadSecureKey"," The security key is invalid or missing","","needs_translation","Direct en_US vs ms_MY gap"
"lang\ms_MY\eventorganization.lang","ModifyStatus","Modify status","","needs_translation","Direct en_US vs ms_MY gap"
"lang\ms_MY\eventorganization.lang","ModuleEventOrganizationName"," Event Organization","","needs_translation","Direct en_US vs ms_MY gap"
"lang\ms_MY\eventorganization.lang","NbVotes","Number of votes","","needs_translation","Direct en_US vs ms_MY gap"
"lang\ms_MY\eventorganization.lang","NewRegistration","Registration","","needs_translation","Direct en_US vs ms_MY gap"
"lang\ms_MY\eventorganization.lang","NewSubscription","Registration","","needs_translation","Direct en_US vs ms_MY gap"
"lang\ms_MY\eventorganization.lang","NewSuggestionOfBooth","Application for a booth","","needs_translation","Direct en_US vs ms_MY gap"
"lang\ms_MY\eventorganization.lang","NewSuggestionOfConference","Application to hold a conference","","needs_translation","Direct en_US vs ms_MY gap"
"lang\ms_MY\eventorganization.lang","NoPublicActionsAllowedForThisEvent","No public actions are open to public for this event","","needs_translation","Direct en_US vs ms_MY gap"
"lang\ms_MY\eventorganization.lang","NoRecordUpdated","No Record updated","","needs_translation","Direct en_US vs ms_MY gap"
"lang\ms_MY\eventorganization.lang","NotSelected","Not selected","","needs_translation","Direct en_US vs ms_MY gap"
"lang\ms_MY\eventorganization.lang","OrganizationEvenLabelName","Public name of the conference or booth","","needs_translation","Direct en_US vs ms_MY gap"
"lang\ms_MY\eventorganization.lang","OrganizationEventBoothRequestWasReceived","Your request for a booth has been received","","needs_translation","Direct en_US vs ms_MY gap"
"lang\ms_MY\eventorganization.lang","OrganizationEventBulkMailToAttendees","This is a remind about your participation in the event as an attendee","","needs_translation","Direct en_US vs ms_MY gap"
"lang\ms_MY\eventorganization.lang","OrganizationEventBulkMailToSpeakers","This is a reminder on your participation in the event as a speaker","","needs_translation","Direct en_US vs ms_MY gap"
"lang\ms_MY\eventorganization.lang","OrganizationEventConfRequestWasReceived","Your suggestion for a conference has been received","","needs_translation","Direct en_US vs ms_MY gap"
"lang\ms_MY\eventorganization.lang","OrganizationEventLinkToThirdParty","Link to third party (customer, supplier or partner)","","needs_translation","Direct en_US vs ms_MY gap"
"lang\ms_MY\eventorganization.lang","OrganizationEventPaymentOfBoothWasReceived","Your payment for your booth has been recorded","","needs_translation","Direct en_US vs ms_MY gap"
"lang\ms_MY\eventorganization.lang","OrganizationEventPaymentOfRegistrationWasReceived","Your payment for your registration to the event has been recorded","","needs_translation","Direct en_US vs ms_MY gap"
"lang\ms_MY\eventorganization.lang","OrganizedEvent","Organized event","","needs_translation","Direct en_US vs ms_MY gap"
"lang\ms_MY\eventorganization.lang","PaymentBoothLocation"," Booth location payment","","needs_translation","Direct en_US vs ms_MY gap"
"lang\ms_MY\eventorganization.lang","PaymentConferenceAttendee"," Conference attendee payment","","needs_translation","Direct en_US vs ms_MY gap"
"lang\ms_MY\eventorganization.lang","PaymentEvent","Payment of event","","needs_translation","Direct en_US vs ms_MY gap"
"lang\ms_MY\eventorganization.lang","PriceOfBooth","Subscription price to stand a booth","","needs_translation","Direct en_US vs ms_MY gap"
"lang\ms_MY\eventorganization.lang","PriceOfBoothHelp","Subscription price to stand a booth","","needs_translation","Direct en_US vs ms_MY gap"
"lang\ms_MY\eventorganization.lang","PriceOfRegistration","Price of registration","","needs_translation","Direct en_US vs ms_MY gap"
"lang\ms_MY\eventorganization.lang","PriceOfRegistrationHelp","Price to pay to register or participate in the event","","needs_translation","Direct en_US vs ms_MY gap"
"lang\ms_MY\eventorganization.lang","ProfitPerValidatedAttendee","Profit per attendee","","needs_translation","Direct en_US vs ms_MY gap"
"lang\ms_MY\eventorganization.lang","PublicAttendeeSubscriptionGlobalPage"," Public link for registration to the event","","needs_translation","Direct en_US vs ms_MY gap"
"lang\ms_MY\eventorganization.lang","PublicAttendeeSubscriptionPage"," Public link for registration to this event only","","needs_translation","Direct en_US vs ms_MY gap"
"lang\ms_MY\eventorganization.lang","RecordsUpdated","%s Records updated","","needs_translation","Direct en_US vs ms_MY gap"
"lang\ms_MY\eventorganization.lang","RecordUpdated","Record updated","","needs_translation","Direct en_US vs ms_MY gap"
"lang\ms_MY\eventorganization.lang","RegistrationAndPaymentWereAlreadyRecorder","A registration and a payment were already recorded for the email <b>%s</b>","","needs_translation","Direct en_US vs ms_MY gap"
"lang\ms_MY\eventorganization.lang","SERVICE_BOOTH_LOCATION","Service used for the invoice row about a booth location","","needs_translation","Direct en_US vs ms_MY gap"
"lang\ms_MY\eventorganization.lang","SERVICE_CONFERENCE_ATTENDEE_SUBSCRIPTION","Service used for the invoice row about an attendee subscription to an event","","needs_translation","Direct en_US vs ms_MY gap"
"lang\ms_MY\eventorganization.lang","ShowedUp","Showed up","","needs_translation","Direct en_US vs ms_MY gap"
"lang\ms_MY\eventorganization.lang","Speaker","Speaker","","needs_translation","Direct en_US vs ms_MY gap"
"lang\ms_MY\eventorganization.lang","SubscriptionOk","Your registration has been recorded","","needs_translation","Direct en_US vs ms_MY gap"
"lang\ms_MY\eventorganization.lang","SuggestBooth"," Suggest a booth","","needs_translation","Direct en_US vs ms_MY gap"
"lang\ms_MY\eventorganization.lang","SuggestConference"," Suggest a new conference","","needs_translation","Direct en_US vs ms_MY gap"
"lang\ms_MY\eventorganization.lang","SuggestForm"," Suggestion page","","needs_translation","Direct en_US vs ms_MY gap"
"lang\ms_MY\eventorganization.lang","SuggestOrVoteForConfOrBooth"," Page for suggestion or vote","","needs_translation","Direct en_US vs ms_MY gap"
"lang\ms_MY\eventorganization.lang","TheLinkIsAvailableOnTheProjectEventCard","The links to suggest or vote for a conference or apply for a booth is provided into the page of the project/event","","needs_translation","Direct en_US vs ms_MY gap"
"lang\ms_MY\eventorganization.lang","ToSpeakers","To speakers","","needs_translation","Direct en_US vs ms_MY gap"
"lang\ms_MY\eventorganization.lang","ViewAndVote"," View and vote for suggested events","","needs_translation","Direct en_US vs ms_MY gap"
"lang\ms_MY\eventorganization.lang","VoteError"," An error has occurred during the vote, please try again.","","needs_translation","Direct en_US vs ms_MY gap"
"lang\ms_MY\eventorganization.lang","VoteOk"," Your vote has been accepted.","","needs_translation","Direct en_US vs ms_MY gap"
"lang\ms_MY\eventorganization.lang","YourOrganizationEventBoothRequestWasReceived"," Your request for booth was received","","needs_translation","Direct en_US vs ms_MY gap"
"lang\ms_MY\eventorganization.lang","YourOrganizationEventConfRequestWasReceived"," Your request for conference was received","","needs_translation","Direct en_US vs ms_MY gap"
"lang\ms_MY\exports.lang","ImportArea","Import","","needs_translation","Direct en_US vs ms_MY gap"
"lang\ms_MY\exports.lang","LineId","Id of line","","needs_translation","Direct en_US vs ms_MY gap"
"lang\ms_MY\exports.lang","NewImport","New Import","","needs_translation","Direct en_US vs ms_MY gap"
"lang\ms_MY\holiday.lang","HRM","HRM","","needs_translation","Direct en_US vs ms_MY gap"
"lang\ms_MY\holiday.lang","NoticePeriod","Notice period","","needs_translation","Direct en_US vs ms_MY gap"
"lang\ms_MY\install.lang","ActivateModule","Activate module %s","","needs_translation","Direct en_US vs ms_MY gap"
"lang\ms_MY\install.lang","AdminAccountCreation","Administrator login creation","","needs_translation","Direct en_US vs ms_MY gap"
"lang\ms_MY\install.lang","AdminLogin","User account for the Dolibarr database owner.","","needs_translation","Direct en_US vs ms_MY gap"
"lang\ms_MY\install.lang","AdminLoginAlreadyExists","Dolibarr administrator account '<b>%s</b>' already exists. Go back if you want to create another one.","","needs_translation","Direct en_US vs ms_MY gap"
"lang\ms_MY\install.lang","AdminLoginCreatedSuccessfuly","Dolibarr administrator login '<b>%s</b>' created successfully.","","needs_translation","Direct en_US vs ms_MY gap"
"lang\ms_MY\install.lang","AdminPassword","Password for Dolibarr database owner.","","needs_translation","Direct en_US vs ms_MY gap"
"lang\ms_MY\install.lang","AlreadyDone","Already migrated","","needs_translation","Direct en_US vs ms_MY gap"
"lang\ms_MY\install.lang","BecauseConnectionFailedParametersMayBeWrong","The database connection failed: the host or super user parameters must be wrong.","","needs_translation","Direct en_US vs ms_MY gap"
"lang\ms_MY\install.lang","CheckThatDatabasenameIsCorrect","Check that the database name ""<b>%s</b>"" is correct.","","needs_translation","Direct en_US vs ms_MY gap"
"lang\ms_MY\install.lang","CheckToCreateDatabase","Check the box if the database does not exist yet and so must be created.<br>In this case, you must also fill in the user name and password for the superuser account at the bottom of this page.","","needs_translation","Direct en_US vs ms_MY gap"
"lang\ms_MY\install.lang","CheckToCreateUser","Check the box if:<br>the database user account does not yet exist and so must be created, or<br>if the user account exists but the database does not exist and permissions must be granted.<br>In this case, you must enter the user account and password and <b>also</b> the superuser account name and password at the bottom of this page. If this box is unchecked, database owner and password must already exist.","","needs_translation","Direct en_US vs ms_MY gap"
"lang\ms_MY\install.lang","CheckToForceHttps","Check this option to force secure connections (https).<br>This requires that the web server is configured with an SSL certificate.","","needs_translation","Direct en_US vs ms_MY gap"
"lang\ms_MY\install.lang","ChoosedMigrateScript","Choose migration script","","needs_translation","Direct en_US vs ms_MY gap"
"lang\ms_MY\install.lang","ChooseYourSetupMode","Choose your setup mode and click ""Start""...","","needs_translation","Direct en_US vs ms_MY gap"
"lang\ms_MY\install.lang","ClickHereToGoToApp","Click here to go to your application","","needs_translation","Direct en_US vs ms_MY gap"
"lang\ms_MY\install.lang","ClickOnLinkOrCreateUnlockFileManualy","If an upgrade is in progress, please wait... If not, you must remove the file install.lock (or create a file upgrade.unlock for upgrade) into the Dolibarr documents directory.","","needs_translation","Direct en_US vs ms_MY gap"
"lang\ms_MY\install.lang","ClickOnLinkOrRemoveManualy","If an upgrade is in progress, please wait. If not, click on the following link. If you always see this same page, you must remove/rename the file install.lock in the documents directory.","","needs_translation","Direct en_US vs ms_MY gap"
"lang\ms_MY\install.lang","ConfFileCouldBeCreated","Configuration file <b>%s</b> could be created.","","needs_translation","Direct en_US vs ms_MY gap"
"lang\ms_MY\install.lang","ConfFileDoesNotExistsAndCouldNotBeCreated","Configuration file <b>%s</b> does not exist and could not be created!","","needs_translation","Direct en_US vs ms_MY gap"
"lang\ms_MY\install.lang","ConfFileExists","Configuration file <b>%s</b> exists.","","needs_translation","Direct en_US vs ms_MY gap"
"lang\ms_MY\install.lang","ConfFileIsNotWritable","Configuration file <b>%s</b> is not writable. Check permissions. For first install, your web server must be able to write into this file during configuration process (""chmod 666"" for example on a Unix like OS).","","needs_translation","Direct en_US vs ms_MY gap"
"lang\ms_MY\install.lang","ConfFileIsWritable","Configuration file <b>%s</b> is writable.","","needs_translation","Direct en_US vs ms_MY gap"
"lang\ms_MY\install.lang","ConfFileMustBeAFileNotADir","Configuration file <b>%s</b> must be a file, not a directory.","","needs_translation","Direct en_US vs ms_MY gap"
"lang\ms_MY\install.lang","ConfFileReload","Reloading parameters from configuration file.","","needs_translation","Direct en_US vs ms_MY gap"
"lang\ms_MY\install.lang","ConfigurationFile","Configuration file","","needs_translation","Direct en_US vs ms_MY gap"
"lang\ms_MY\install.lang","CorrectProblemAndReloadPage","Please fix the problem and press F5 to reload the page.","","needs_translation","Direct en_US vs ms_MY gap"
"lang\ms_MY\install.lang","CreateDatabase","Create database","","needs_translation","Direct en_US vs ms_MY gap"
"lang\ms_MY\install.lang","CreateDatabaseObjects","Database objects creation","","needs_translation","Direct en_US vs ms_MY gap"
"lang\ms_MY\install.lang","CreateOtherKeysForTable","Create foreign keys and indexes for table %s","","needs_translation","Direct en_US vs ms_MY gap"
"lang\ms_MY\install.lang","CreateTableAndPrimaryKey","Create table %s","","needs_translation","Direct en_US vs ms_MY gap"
"lang\ms_MY\install.lang","CreateUser","Create user account or grant user account permission on the Dolibarr database","","needs_translation","Direct en_US vs ms_MY gap"
"lang\ms_MY\install.lang","CreationOfUser","Creation of the user","","needs_translation","Direct en_US vs ms_MY gap"
"lang\ms_MY\install.lang","DatabaseCreation","Database creation","","needs_translation","Direct en_US vs ms_MY gap"
"lang\ms_MY\install.lang","DatabaseMigration","Database migration (structure + some data)","","needs_translation","Direct en_US vs ms_MY gap"
"lang\ms_MY\install.lang","DatabaseName","Database name","","needs_translation","Direct en_US vs ms_MY gap"
"lang\ms_MY\install.lang","DatabasePrefix","Database table prefix","","needs_translation","Direct en_US vs ms_MY gap"
"lang\ms_MY\install.lang","DatabasePrefixDescription","Database table prefix. If empty, defaults to llx_.","","needs_translation","Direct en_US vs ms_MY gap"
"lang\ms_MY\install.lang","DatabaseRootLoginDescription","Superuser account name (to create new databases or new users), mandatory if the database or its owner does not already exist.","","needs_translation","Direct en_US vs ms_MY gap"
"lang\ms_MY\install.lang","DatabaseServer","Database server","","needs_translation","Direct en_US vs ms_MY gap"
"lang\ms_MY\install.lang","DatabaseSuperUserAccess","Database server - Superuser access","","needs_translation","Direct en_US vs ms_MY gap"
"lang\ms_MY\install.lang","DatabaseType","Database type","","needs_translation","Direct en_US vs ms_MY gap"
"lang\ms_MY\install.lang","DatabaseVersion","Database version","","needs_translation","Direct en_US vs ms_MY gap"
"lang\ms_MY\install.lang","DataMigration","Database migration (data)","","needs_translation","Direct en_US vs ms_MY gap"
"lang\ms_MY\install.lang","DBSortingCollation","Character sorting order","","needs_translation","Direct en_US vs ms_MY gap"
"lang\ms_MY\install.lang","DirectoryRecommendation","<span class=""warning"">IMPORTANT</span>: You must use a directory that is outside of the web pages (so do not use a subdirectory of previous parameter).","","needs_translation","Direct en_US vs ms_MY gap"
"lang\ms_MY\install.lang","DocumentsDirectory","Directory to store uploaded and generated documents","","needs_translation","Direct en_US vs ms_MY gap"
"lang\ms_MY\install.lang","DolibarrAdminLogin","Dolibarr admin login","","needs_translation","Direct en_US vs ms_MY gap"
"lang\ms_MY\install.lang","DolibarrDatabase","Dolibarr Database","","needs_translation","Direct en_US vs ms_MY gap"
"lang\ms_MY\install.lang","ErrorConnectedButDatabaseNotFound","Connection to server successful but database '%s' not found.","","needs_translation","Direct en_US vs ms_MY gap"
"lang\ms_MY\install.lang","ErrorConnection","Server ""<b>%s</b>"", database name ""<b>%s</b>"", login ""<b>%s</b>"", or database password may be wrong or the PHP client version may be too old compared to the database version.","","needs_translation","Direct en_US vs ms_MY gap"
"lang\ms_MY\install.lang","ErrorDatabaseAlreadyExists","Database '%s' already exists.","","needs_translation","Direct en_US vs ms_MY gap"
"lang\ms_MY\install.lang","ErrorDatabaseVersionForbiddenForMigration","Your database version is %s. It has a critical bug, making data loss possible if you make structural changes in your database, such as is required by the migration process. For his reason, migration will not be allowed until you upgrade your database to a layer (patched) version (list of known buggy versions: %s)","","needs_translation","Direct en_US vs ms_MY gap"
"lang\ms_MY\install.lang","ErrorDatabaseVersionTooLow","Database version (%s) too old. Version %s or higher is required.","","needs_translation","Direct en_US vs ms_MY gap"
"lang\ms_MY\install.lang","ErrorDirDoesNotExists","Directory %s does not exist.","","needs_translation","Direct en_US vs ms_MY gap"
"lang\ms_MY\install.lang","ErrorFailedToConnectToDatabase","Failed to connect to database '%s'.","","needs_translation","Direct en_US vs ms_MY gap"
"lang\ms_MY\install.lang","ErrorFailedToCreateDatabase","Failed to create database '%s'.","","needs_translation","Direct en_US vs ms_MY gap"
"lang\ms_MY\install.lang","ErrorFoundDuringMigration","Error(s) were reported during the migration process so next step is not available. To ignore errors, you can <a href=""%s"">click here</a>, but the application or some features may not work correctly until the errors are resolved.","","needs_translation","Direct en_US vs ms_MY gap"
"lang\ms_MY\install.lang","ErrorGoBackAndCorrectParameters","Go back and check/correct the parameters.","","needs_translation","Direct en_US vs ms_MY gap"
"lang\ms_MY\install.lang","ErrorNoMigrationFilesFoundForParameters","No migration file found for the selected versions","","needs_translation","Direct en_US vs ms_MY gap"
"lang\ms_MY\install.lang","ErrorPHPDoesNotSupportSessions","Your PHP installation does not support sessions. This feature is required to allow Dolibarr to work. Check your PHP setup and permissions of the sessions directory.","","needs_translation","Direct en_US vs ms_MY gap"
"lang\ms_MY\install.lang","ErrorPHPVersionTooHigh","PHP version too high. Version %s or lower is required.","","needs_translation","Direct en_US vs ms_MY gap"
"lang\ms_MY\install.lang","ErrorPHPVersionTooLow","PHP version too old. Version %s or higher is required.","","needs_translation","Direct en_US vs ms_MY gap"
"lang\ms_MY\install.lang","ErrorWrongValueForParameter","You may have typed a wrong value for parameter '%s'.","","needs_translation","Direct en_US vs ms_MY gap"
"lang\ms_MY\install.lang","FailedToCreateAdminLogin","Failed to create Dolibarr administrator account.","","needs_translation","Direct en_US vs ms_MY gap"
"lang\ms_MY\install.lang","FieldRenamed","Field renamed","","needs_translation","Direct en_US vs ms_MY gap"
"lang\ms_MY\install.lang","ForceHttps","Force secure connections (https)","","needs_translation","Direct en_US vs ms_MY gap"
"lang\ms_MY\install.lang","FreshInstall","Fresh install","","needs_translation","Direct en_US vs ms_MY gap"
"lang\ms_MY\install.lang","FreshInstallDesc","Use this mode if this is your first install. If not, this mode can repair a incomplete previous install. If you want to upgrade your version, choose ""Upgrade"" mode.","","needs_translation","Direct en_US vs ms_MY gap"
"lang\ms_MY\install.lang","FunctionNotAvailableInThisPHP","Not available in this PHP","","needs_translation","Direct en_US vs ms_MY gap"
"lang\ms_MY\install.lang","FunctionsCreation","Functions creation","","needs_translation","Direct en_US vs ms_MY gap"
"lang\ms_MY\install.lang","FunctionTest","Function test","","needs_translation","Direct en_US vs ms_MY gap"
"lang\ms_MY\install.lang","GoToDolibarr","Go to Dolibarr","","needs_translation","Direct en_US vs ms_MY gap"
"lang\ms_MY\install.lang","GoToSetupArea","Go to Dolibarr (setup area)","","needs_translation","Direct en_US vs ms_MY gap"
"lang\ms_MY\install.lang","GoToUpgradePage","Go to upgrade page again","","needs_translation","Direct en_US vs ms_MY gap"
"lang\ms_MY\install.lang","HideNotAvailableOptions","Hide unavailable or not recommended options","","needs_translation","Direct en_US vs ms_MY gap"
"lang\ms_MY\install.lang","IfAlreadyExistsCheckOption","If this name is correct and that database does not exist yet, you must check option ""Create database"".","","needs_translation","Direct en_US vs ms_MY gap"
"lang\ms_MY\install.lang","IfDatabaseExistsGoBackAndCheckCreate","If database already exists, go back and uncheck ""Create database"" option.","","needs_translation","Direct en_US vs ms_MY gap"
"lang\ms_MY\install.lang","IfDatabaseNotExistsGoBackAndUncheckCreate","If the database does not exist, go back and check option ""Create database"".","","needs_translation","Direct en_US vs ms_MY gap"
"lang\ms_MY\install.lang","IfLoginDoesNotExistsCheckCreateUser","If the user does not exist yet, you must check option ""Create user""","","needs_translation","Direct en_US vs ms_MY gap"
"lang\ms_MY\install.lang","InitAHMACKeyForBlockedLog","Initialization of the BLOCKEDLOG_HMAC_KEY constant for the new HMAC encryption of Unalterable Log module","","needs_translation","Direct en_US vs ms_MY gap"
"lang\ms_MY\install.lang","InstallChoiceRecommanded","Recommended choice to install version <b>%s</b> from your current version <b>%s</b>","","needs_translation","Direct en_US vs ms_MY gap"
"lang\ms_MY\install.lang","InstallChoiceSuggested","<b>Install choice suggested by installer</b>.","","needs_translation","Direct en_US vs ms_MY gap"
"lang\ms_MY\install.lang","InstallEasy","Just follow the instructions step by step.","","needs_translation","Direct en_US vs ms_MY gap"
"lang\ms_MY\install.lang","InstallNotAllowed","Setup not allowed by <b>conf.php</b> permissions","","needs_translation","Direct en_US vs ms_MY gap"
"lang\ms_MY\install.lang","InvoiceExportModelsMigration","Migrate invoice export models","","needs_translation","Direct en_US vs ms_MY gap"
"lang\ms_MY\install.lang","KeepDefaultValuesDeb","You used the Dolibarr setup wizard from a Linux package (Ubuntu, Debian, Fedora...), so the values proposed here are already optimized. Only the password of the database owner to create must be entered. Change other parameters only if you know what you are doing.","","needs_translation","Direct en_US vs ms_MY gap"
"lang\ms_MY\install.lang","KeepDefaultValuesMamp","You used the Dolibarr setup wizard from DoliMamp, so the values proposed here are already optimized. Change them only if you know what you are doing.","","needs_translation","Direct en_US vs ms_MY gap"
"lang\ms_MY\install.lang","KeepDefaultValuesProxmox","You used the Dolibarr setup wizard from a Proxmox virtual appliance, so the values proposed here are already optimized. Change them only if you know what you are doing.","","needs_translation","Direct en_US vs ms_MY gap"
"lang\ms_MY\install.lang","KeepDefaultValuesWamp","You used the Dolibarr setup wizard from DoliWamp, so values proposed here are already optimized. Change them only if you know what you are doing.","","needs_translation","Direct en_US vs ms_MY gap"
"lang\ms_MY\install.lang","KeepEmptyIfNoPassword","Leave empty if superuser has no password (NOT recommended)","","needs_translation","Direct en_US vs ms_MY gap"
"lang\ms_MY\install.lang","LastStepDesc","<strong>Last step</strong>: Define here the login and password you wish to use to connect to Dolibarr. <b>Do not lose this as it is the main account to administer all other/additional user accounts.</b>","","needs_translation","Direct en_US vs ms_MY gap"
"lang\ms_MY\install.lang","License","Using license","","needs_translation","Direct en_US vs ms_MY gap"
"lang\ms_MY\install.lang","Loaded","Loaded","","needs_translation","Direct en_US vs ms_MY gap"
"lang\ms_MY\install.lang","LoginAlreadyExists","Already exists","","needs_translation","Direct en_US vs ms_MY gap"
"lang\ms_MY\install.lang","MigratedTokens","%s token(s) migrated","","needs_translation","Direct en_US vs ms_MY gap"
"lang\ms_MY\install.lang","MigrateIsDoneStepByStep","The targeted version (%s) has a gap of several versions. The install wizard will come back to suggest a further migration once this one is complete.","","needs_translation","Direct en_US vs ms_MY gap"
"lang\ms_MY\install.lang","MigrationAccountancyBookkeeping","Migrate accountancy bookkeeping to use a ref","","needs_translation","Direct en_US vs ms_MY gap"
"lang\ms_MY\install.lang","MigrationActioncommElement","Update data on actions","","needs_translation","Direct en_US vs ms_MY gap"
"lang\ms_MY\install.lang","MigrationAlreadyDone","This migration appears to have already been completed.","","needs_translation","Direct en_US vs ms_MY gap"
"lang\ms_MY\install.lang","MigrationApiRestTokens","Migrate user's API keys to llx_oauth_token","","needs_translation","Direct en_US vs ms_MY gap"
"lang\ms_MY\install.lang","MigrationBankTransfertsNothingToUpdate","All links are up to date","","needs_translation","Direct en_US vs ms_MY gap"
"lang\ms_MY\install.lang","MigrationBankTransfertsUpdate","Update links between bank entry and a bank transfer","","needs_translation","Direct en_US vs ms_MY gap"
"lang\ms_MY\install.lang","MigrationCategorieAssociation","Migration of categories","","needs_translation","Direct en_US vs ms_MY gap"
"lang\ms_MY\install.lang","MigrationContract","Data migration for contracts","","needs_translation","Direct en_US vs ms_MY gap"
"lang\ms_MY\install.lang","MigrationContractLineRank","Migrate Contract Line to use Rank (and enable Reorder)","","needs_translation","Direct en_US vs ms_MY gap"
"lang\ms_MY\install.lang","MigrationContractsEmptyCreationDatesNothingToUpdate","No contract creation date to correct","","needs_translation","Direct en_US vs ms_MY gap"
"lang\ms_MY\install.lang","MigrationContractsEmptyDatesNothingToUpdate","No contract empty date to correct","","needs_translation","Direct en_US vs ms_MY gap"
"lang\ms_MY\install.lang","MigrationContractsEmptyDatesUpdate","Contract empty date correction","","needs_translation","Direct en_US vs ms_MY gap"
"lang\ms_MY\install.lang","MigrationContractsEmptyDatesUpdateSuccess","Contract empty date correction done successfully","","needs_translation","Direct en_US vs ms_MY gap"
"lang\ms_MY\install.lang","MigrationContractsFieldDontExist","Field fk_facture does not exist anymore. Nothing to do.","","needs_translation","Direct en_US vs ms_MY gap"
"lang\ms_MY\install.lang","MigrationContractsIncoherentCreationDateNothingToUpdate","No bad value for contract creation date to correct","","needs_translation","Direct en_US vs ms_MY gap"
"lang\ms_MY\install.lang","MigrationContractsIncoherentCreationDateUpdate","Bad value contract creation date correction","","needs_translation","Direct en_US vs ms_MY gap"
"lang\ms_MY\install.lang","MigrationContractsIncoherentCreationDateUpdateSuccess","Bad value contract creation date correction done successfully","","needs_translation","Direct en_US vs ms_MY gap"
"lang\ms_MY\install.lang","MigrationContractsInvalidDateFix","Correct contract %s (Contract date=%s, Starting service date min=%s)","","needs_translation","Direct en_US vs ms_MY gap"
"lang\ms_MY\install.lang","MigrationContractsInvalidDatesNothingToUpdate","No date with bad value to correct","","needs_translation","Direct en_US vs ms_MY gap"
"lang\ms_MY\install.lang","MigrationContractsInvalidDatesNumber","%s contracts modified","","needs_translation","Direct en_US vs ms_MY gap"
"lang\ms_MY\install.lang","MigrationContractsInvalidDatesUpdate","Bad value date contract correction","","needs_translation","Direct en_US vs ms_MY gap"
"lang\ms_MY\install.lang","MigrationContractsLineCreation","Create contract line for contract ref %s","","needs_translation","Direct en_US vs ms_MY gap"
"lang\ms_MY\install.lang","MigrationContractsNothingToUpdate","No more things to do","","needs_translation","Direct en_US vs ms_MY gap"
"lang\ms_MY\install.lang","MigrationContractsNumberToUpdate","%s contract(s) to update","","needs_translation","Direct en_US vs ms_MY gap"
"lang\ms_MY\install.lang","MigrationContractsUpdate","Contract data correction","","needs_translation","Direct en_US vs ms_MY gap"
"lang\ms_MY\install.lang","MigrationCustomerOrderShipping","Migrate shipping for sales orders storage","","needs_translation","Direct en_US vs ms_MY gap"
"lang\ms_MY\install.lang","MigrationDeliveryAddress","Update delivery address in shipments","","needs_translation","Direct en_US vs ms_MY gap"
"lang\ms_MY\install.lang","MigrationDeliveryDetail","Delivery update","","needs_translation","Direct en_US vs ms_MY gap"
"lang\ms_MY\install.lang","MigrationDeliveryOrderMatching","Delivery receipt update","","needs_translation","Direct en_US vs ms_MY gap"
"lang\ms_MY\install.lang","MigrationEvents","Migration of events to add event owner into assignment table","","needs_translation","Direct en_US vs ms_MY gap"
"lang\ms_MY\install.lang","MigrationEventsContact","Migration of events to add event contact into assignment table","","needs_translation","Direct en_US vs ms_MY gap"
"lang\ms_MY\install.lang","MigrationFieldsSocialNetworks","Migration of users fields social networks (%s)","","needs_translation","Direct en_US vs ms_MY gap"
"lang\ms_MY\install.lang","MigrationFinished","Migration finished","","needs_translation","Direct en_US vs ms_MY gap"
"lang\ms_MY\install.lang","MigrationFixData","Fix for denormalized data","","needs_translation","Direct en_US vs ms_MY gap"
"lang\ms_MY\install.lang","MigrationHolidayPath","Migration of file paths for holidays","","needs_translation","Direct en_US vs ms_MY gap"
"lang\ms_MY\install.lang","MigrationImportOrExportProfiles","Migration of import or export profiles (%s)","","needs_translation","Direct en_US vs ms_MY gap"
"lang\ms_MY\install.lang","MigrationInvoice","Data migration for customer's invoices","","needs_translation","Direct en_US vs ms_MY gap"
"lang\ms_MY\install.lang","MigrationMenusDetail","Update dynamic menus tables","","needs_translation","Direct en_US vs ms_MY gap"
"lang\ms_MY\install.lang","MigrationNotFinished","The database version is not completely up to date: run the upgrade process again.","","needs_translation","Direct en_US vs ms_MY gap"
"lang\ms_MY\install.lang","MigrationOrder","Data migration for customer's orders","","needs_translation","Direct en_US vs ms_MY gap"
"lang\ms_MY\install.lang","MigrationPaymentMode","Data migration for payment type","","needs_translation","Direct en_US vs ms_MY gap"
"lang\ms_MY\install.lang","MigrationPaymentsNothingToUpdate","No more things to do","","needs_translation","Direct en_US vs ms_MY gap"
"lang\ms_MY\install.lang","MigrationPaymentsNothingUpdatable","No more payments that can be corrected","","needs_translation","Direct en_US vs ms_MY gap"
"lang\ms_MY\install.lang","MigrationPaymentsNumberToUpdate","%s payment(s) to update","","needs_translation","Direct en_US vs ms_MY gap"
"lang\ms_MY\install.lang","MigrationPaymentsUpdate","Payment data correction","","needs_translation","Direct en_US vs ms_MY gap"
"lang\ms_MY\install.lang","MigrationProcessPaymentUpdate","Update payment(s) %s","","needs_translation","Direct en_US vs ms_MY gap"
"lang\ms_MY\install.lang","MigrationProductLotPath","Migrate Product Batch files path","","needs_translation","Direct en_US vs ms_MY gap"
"lang\ms_MY\install.lang","MigrationProjectTaskActors","Data migration for table llx_projet_task_actors","","needs_translation","Direct en_US vs ms_MY gap"
"lang\ms_MY\install.lang","MigrationProjectTaskTime","Update time spent in seconds","","needs_translation","Direct en_US vs ms_MY gap"
"lang\ms_MY\install.lang","MigrationProjectUserResp","Data migration field fk_user_resp of llx_projet to llx_element_contact","","needs_translation","Direct en_US vs ms_MY gap"
"lang\ms_MY\install.lang","MigrationProposal","Data migration for commercial proposals","","needs_translation","Direct en_US vs ms_MY gap"
"lang\ms_MY\install.lang","MigrationRelationshipTables","Data migration for relationship tables (%s)","","needs_translation","Direct en_US vs ms_MY gap"
"lang\ms_MY\install.lang","MigrationReloadModule","Reload module %s","","needs_translation","Direct en_US vs ms_MY gap"
"lang\ms_MY\install.lang","MigrationRemiseEntity","Update entity field value of llx_societe_remise","","needs_translation","Direct en_US vs ms_MY gap"
"lang\ms_MY\install.lang","MigrationRemiseExceptEntity","Update entity field value of llx_societe_remise_except","","needs_translation","Direct en_US vs ms_MY gap"
"lang\ms_MY\install.lang","MigrationReopenedContractsNumber","%s contracts modified","","needs_translation","Direct en_US vs ms_MY gap"
"lang\ms_MY\install.lang","MigrationReopeningContracts","Open contract closed by error","","needs_translation","Direct en_US vs ms_MY gap"
"lang\ms_MY\install.lang","MigrationReopeningContractsNothingToUpdate","No closed contract to open","","needs_translation","Direct en_US vs ms_MY gap"
"lang\ms_MY\install.lang","MigrationReopenThisContract","Reopen contract %s","","needs_translation","Direct en_US vs ms_MY gap"
"lang\ms_MY\install.lang","MigrationResetBlockedLog","Reset module BlockedLog for v7 algorithm","","needs_translation","Direct en_US vs ms_MY gap"
"lang\ms_MY\install.lang","MigrationShipmentOrderMatching","Sendings receipt update","","needs_translation","Direct en_US vs ms_MY gap"
"lang\ms_MY\install.lang","MigrationShippingDelivery","Upgrade storage of shipping","","needs_translation","Direct en_US vs ms_MY gap"
"lang\ms_MY\install.lang","MigrationShippingDelivery2","Upgrade storage of shipping 2","","needs_translation","Direct en_US vs ms_MY gap"
"lang\ms_MY\install.lang","MigrationStockDetail","Update stock value of products","","needs_translation","Direct en_US vs ms_MY gap"
"lang\ms_MY\install.lang","MigrationSuccessfullUpdate","Upgrade successful","","needs_translation","Direct en_US vs ms_MY gap"
"lang\ms_MY\install.lang","MigrationSupplierOrder","Data migration for vendor's orders","","needs_translation","Direct en_US vs ms_MY gap"
"lang\ms_MY\install.lang","MigrationUpdateFailed","Failed upgrade process","","needs_translation","Direct en_US vs ms_MY gap"
"lang\ms_MY\install.lang","MigrationUserGroupRightsEntity","Update entity field value of llx_usergroup_rights","","needs_translation","Direct en_US vs ms_MY gap"
"lang\ms_MY\install.lang","MigrationUserPhotoPath","Migration of photo paths for users","","needs_translation","Direct en_US vs ms_MY gap"
"lang\ms_MY\install.lang","MigrationUserRightsEntity","Update entity field value of llx_user_rights","","needs_translation","Direct en_US vs ms_MY gap"
"lang\ms_MY\install.lang","MiscellaneousChecks","Prerequisites check","","needs_translation","Direct en_US vs ms_MY gap"
"lang\ms_MY\install.lang","NextStepMightLastALongTime","The current step may take several minutes. Please wait until the next screen is shown completely before continuing.","","needs_translation","Direct en_US vs ms_MY gap"
"lang\ms_MY\install.lang","NodoUpgradeAfterDB","No action requested by external modules after upgrade of database","","needs_translation","Direct en_US vs ms_MY gap"
"lang\ms_MY\install.lang","NodoUpgradeAfterFiles","No action requested by external modules after upgrade of files or directories","","needs_translation","Direct en_US vs ms_MY gap"
"lang\ms_MY\install.lang","NoReadableConfFileSoStartInstall","The configuration file <b>conf/conf.php</b> does not exists or is not readable. We will run the installation process to try to initialize it.","","needs_translation","Direct en_US vs ms_MY gap"
"lang\ms_MY\install.lang","NothingToDelete","Nothing to clean/delete","","needs_translation","Direct en_US vs ms_MY gap"
"lang\ms_MY\install.lang","NothingToDo","Nothing to do","","needs_translation","Direct en_US vs ms_MY gap"
"lang\ms_MY\install.lang","OpenBaseDir","PHP openbasedir parameter","","needs_translation","Direct en_US vs ms_MY gap"
"lang\ms_MY\install.lang","OrphelinsPaymentsDetectedByMethod","Orphans payment detected by method %s","","needs_translation","Direct en_US vs ms_MY gap"
"lang\ms_MY\install.lang","OtherKeysCreation","Foreign keys and indexes creation","","needs_translation","Direct en_US vs ms_MY gap"
"lang\ms_MY\install.lang","PasswordsMismatch","Passwords differs, please try again!","","needs_translation","Direct en_US vs ms_MY gap"
"lang\ms_MY\install.lang","PHPMemoryOK","Your PHP max session memory is set to <b>%s</b>. This should be enough.","","needs_translation","Direct en_US vs ms_MY gap"
"lang\ms_MY\install.lang","PHPMemoryTooLow","Your PHP max session memory is set to <b>%s</b> bytes. This is too low. Change your <b>php.ini</b> to set <b>memory_limit</b> parameter to at least <b>%s</b> bytes.","","needs_translation","Direct en_US vs ms_MY gap"
"lang\ms_MY\install.lang","PHPSupport","This PHP supports %s functions.","","needs_translation","Direct en_US vs ms_MY gap"
"lang\ms_MY\install.lang","PHPSupportPOSTGETKo","It's possible your PHP setup does not support variables POST and/or GET. Check the parameter <b>variables_order</b> in php.ini.","","needs_translation","Direct en_US vs ms_MY gap"
"lang\ms_MY\install.lang","PHPSupportPOSTGETOk","This PHP supports variables POST and GET.","","needs_translation","Direct en_US vs ms_MY gap"
"lang\ms_MY\install.lang","PHPSupportSessions","This PHP supports sessions.","","needs_translation","Direct en_US vs ms_MY gap"
"lang\ms_MY\install.lang","PHPVersion","PHP Version","","needs_translation","Direct en_US vs ms_MY gap"
"lang\ms_MY\install.lang","PleaseTypeALogin","Please type a login!","","needs_translation","Direct en_US vs ms_MY gap"
"lang\ms_MY\install.lang","PleaseTypePassword","Please type a password, empty passwords are not allowed!","","needs_translation","Direct en_US vs ms_MY gap"
"lang\ms_MY\install.lang","ProcessMigrateScript","Script processing","","needs_translation","Direct en_US vs ms_MY gap"
"lang\ms_MY\install.lang","Recheck","Click here for a more detailed test","","needs_translation","Direct en_US vs ms_MY gap"
"lang\ms_MY\install.lang","ReferenceDataLoading","Reference data loading","","needs_translation","Direct en_US vs ms_MY gap"
"lang\ms_MY\install.lang","RemoveItManuallyAndPressF5ToContinue","Remove it manually and press F5 to continue.","","needs_translation","Direct en_US vs ms_MY gap"
"lang\ms_MY\install.lang","SaveConfigurationFile","Saving parameters to","","needs_translation","Direct en_US vs ms_MY gap"
"lang\ms_MY\install.lang","Server","Server","","needs_translation","Direct en_US vs ms_MY gap"
"lang\ms_MY\install.lang","ServerAddressDescription","Name or ip address for the database server. Usually 'localhost' when the database server is hosted on the same server as the web server.","","needs_translation","Direct en_US vs ms_MY gap"
"lang\ms_MY\install.lang","ServerConnection","Server connection","","needs_translation","Direct en_US vs ms_MY gap"
"lang\ms_MY\install.lang","ServerPortDescription","Database server port. Keep empty if unknown.","","needs_translation","Direct en_US vs ms_MY gap"
"lang\ms_MY\install.lang","ServerVersion","Database server version","","needs_translation","Direct en_US vs ms_MY gap"
"lang\ms_MY\install.lang","SetAtLeastOneOptionAsUrlParameter","Set at least one option as a parameter in URL with value 'test' or 'confirmed'. For example:  '...repair.php?standard=confirmed'","","needs_translation","Direct en_US vs ms_MY gap"
"lang\ms_MY\install.lang","SetupEnd","End of setup","","needs_translation","Direct en_US vs ms_MY gap"
"lang\ms_MY\install.lang","ShowEditTechnicalParameters","Click here to show/edit advanced parameters (expert mode)","","needs_translation","Direct en_US vs ms_MY gap"
"lang\ms_MY\install.lang","ShowNotAvailableOptions","Show unavailable or not recommended options","","needs_translation","Direct en_US vs ms_MY gap"
"lang\ms_MY\install.lang","Start","Start","","needs_translation","Direct en_US vs ms_MY gap"
"lang\ms_MY\install.lang","SystemIsInstalled","This installation is complete.","","needs_translation","Direct en_US vs ms_MY gap"
"lang\ms_MY\install.lang","SystemIsUpgraded","Dolibarr has been upgraded successfully.","","needs_translation","Direct en_US vs ms_MY gap"
"lang\ms_MY\install.lang","TablesAndPrimaryKeysCreation","Tables and Primary keys creation","","needs_translation","Direct en_US vs ms_MY gap"
"lang\ms_MY\install.lang","Upgrade","Upgrade","","needs_translation","Direct en_US vs ms_MY gap"
"lang\ms_MY\install.lang","UpgradeDesc","Use this mode if you have replaced old Dolibarr files with files from a newer version. This will upgrade your database and data.","","needs_translation","Direct en_US vs ms_MY gap"
"lang\ms_MY\install.lang","UpgradeExternalModule","Run dedicated upgrade process of external module","","needs_translation","Direct en_US vs ms_MY gap"
"lang\ms_MY\install.lang","URLRoot","URL Root","","needs_translation","Direct en_US vs ms_MY gap"
"lang\ms_MY\install.lang","WarningBrowserTooOld","Version of browser is too old. Upgrading your browser to a recent version of Firefox, Chrome or Opera is highly recommended.","","needs_translation","Direct en_US vs ms_MY gap"
"lang\ms_MY\install.lang","WarningRemoveInstallDir","Warning, for security reasons, once the installation process is complete, you must add a file called <b>install.lock</b> into the Dolibarr document directory in order to prevent the accidental/malicious use of the install tools again.","","needs_translation","Direct en_US vs ms_MY gap"
"lang\ms_MY\install.lang","WarningUpgrade","Warning:\nDid you run a database backup first?\nThis is highly recommended. Loss of data (due to for example bugs in mysql version 5.5.40/41/42/43) may be possible during this process, so it is essential to take a complete dump of your database before starting any migration.\n\nClick OK to start migration process...","","needs_translation","Direct en_US vs ms_MY gap"
"lang\ms_MY\install.lang","WebPagesDirectory","Directory where web pages are stored","","needs_translation","Direct en_US vs ms_MY gap"
"lang\ms_MY\install.lang","WithNoSlashAtTheEnd","Without the slash ""/"" at the end","","needs_translation","Direct en_US vs ms_MY gap"
"lang\ms_MY\install.lang","YouAskDatabaseCreationSoDolibarrNeedToConnect","You selected create database <b>%s</b>, but for this, Dolibarr needs to connect to server <b>%s</b> with super user <b>%s</b> permissions.","","needs_translation","Direct en_US vs ms_MY gap"
"lang\ms_MY\install.lang","YouAskLoginCreationSoDolibarrNeedToConnect","You selected create database user <b>%s</b>, but for this, Dolibarr needs to connect to server <b>%s</b> with super user <b>%s</b> permissions.","","needs_translation","Direct en_US vs ms_MY gap"
"lang\ms_MY\install.lang","YouAskToCreateDatabaseSoRootRequired","You checked the box ""Create database"". For this, you need to provide the login/password of superuser (bottom of form).","","needs_translation","Direct en_US vs ms_MY gap"
"lang\ms_MY\install.lang","YouAskToCreateDatabaseUserSoRootRequired","You checked the box ""Create database owner"". For this, you need to provide the login/password of superuser (bottom of form).","","needs_translation","Direct en_US vs ms_MY gap"
"lang\ms_MY\install.lang","YouMustCreateItAndAllowServerToWrite","You must create this directory and allow for the web server to write into it.","","needs_translation","Direct en_US vs ms_MY gap"
"lang\ms_MY\install.lang","YouMustCreateWithPermission","You must create file %s and set write permissions on it for the web server during install process.","","needs_translation","Direct en_US vs ms_MY gap"
"lang\ms_MY\install.lang","YouNeedToPersonalizeSetup","You need to configure Dolibarr to suit your needs (appearance, features, ...). To do this, please follow the link below:","","needs_translation","Direct en_US vs ms_MY gap"
"lang\ms_MY\install.lang","YouTryInstallDisabledByDirLock","The install/upgrade pages have been disabled for security (directory renamed with .lock suffix).<br>","","needs_translation","Direct en_US vs ms_MY gap"
"lang\ms_MY\install.lang","YouTryInstallDisabledByFileLock","The install/upgrade pages have been disabled for security (by the existence of a lock file <strong>install.lock</strong> in the dolibarr documents directory).<br>","","needs_translation","Direct en_US vs ms_MY gap"
"lang\ms_MY\install.lang","YouTryUpgradeDisabledByMissingFileUnLock","The application tried to self-upgrade, but the upgrade process is currently not allowed.<br>","","needs_translation","Direct en_US vs ms_MY gap"
"lang\ms_MY\interventions.lang","ActionsOnFicheInter","Actions on intervention","","needs_translation","Direct en_US vs ms_MY gap"
"lang\ms_MY\interventions.lang","AddIntervention","Create intervention","","needs_translation","Direct en_US vs ms_MY gap"
"lang\ms_MY\interventions.lang","AllInterventions","All interventions","","needs_translation","Direct en_US vs ms_MY gap"
"lang\ms_MY\interventions.lang","AmountOfInteventionNotIncludedByDefault","Amount of intervention is not included by default into profit (in most cases, timesheets are used to count time spent). You can use PROJECT_ELEMENTS_FOR_ADD_MARGIN and PROJECT_ELEMENTS_FOR_MINUS_MARGIN option into home-setup-other to complete list of element included into profit.","","needs_translation","Direct en_US vs ms_MY gap"
"lang\ms_MY\interventions.lang","ChangeIntoRepeatableIntervention","Change to repeatable intervention","","needs_translation","Direct en_US vs ms_MY gap"
"lang\ms_MY\interventions.lang","CloseIntervention","Close intervention","","needs_translation","Direct en_US vs ms_MY gap"
"lang\ms_MY\interventions.lang","ConfirmCloneIntervention","Are you sure you want to clone this intervention?","","needs_translation","Direct en_US vs ms_MY gap"
"lang\ms_MY\interventions.lang","ConfirmCloseIntervention","Are you sure you want to close this intervention?","","needs_translation","Direct en_US vs ms_MY gap"
"lang\ms_MY\interventions.lang","ConfirmDeleteIntervention","Are you sure you want to delete this intervention?","","needs_translation","Direct en_US vs ms_MY gap"
"lang\ms_MY\interventions.lang","ConfirmDeleteInterventionLine","Are you sure you want to delete this intervention line?","","needs_translation","Direct en_US vs ms_MY gap"
"lang\ms_MY\interventions.lang","ConfirmModifyIntervention","Are you sure you want to modify this intervention?","","needs_translation","Direct en_US vs ms_MY gap"
"lang\ms_MY\interventions.lang","ConfirmReopenIntervention","Are you sure you want to open back the intervention <b>%s</b>?","","needs_translation","Direct en_US vs ms_MY gap"
"lang\ms_MY\interventions.lang","ConfirmSignIntervention","Are you sure you want to set this intervention as signed ?","","needs_translation","Direct en_US vs ms_MY gap"
"lang\ms_MY\interventions.lang","ConfirmUnsignIntervention","Are you sure you want to set this intervention as unsigned ?","","needs_translation","Direct en_US vs ms_MY gap"
"lang\ms_MY\interventions.lang","ConfirmValidateIntervention","Are you sure you want to validate this intervention under name <b>%s</b>?","","needs_translation","Direct en_US vs ms_MY gap"
"lang\ms_MY\interventions.lang","CreateDraftIntervention","Create draft","","needs_translation","Direct en_US vs ms_MY gap"
"lang\ms_MY\interventions.lang","CreateRepeatableIntervention","Create recurring intervention","","needs_translation","Direct en_US vs ms_MY gap"
"lang\ms_MY\interventions.lang","DeleteIntervention","Delete intervention","","needs_translation","Direct en_US vs ms_MY gap"
"lang\ms_MY\interventions.lang","DeleteInterventionLine","Delete intervention line","","needs_translation","Direct en_US vs ms_MY gap"
"lang\ms_MY\interventions.lang","DocumentModelStandard","Standard document model for interventions","","needs_translation","Direct en_US vs ms_MY gap"
"lang\ms_MY\interventions.lang","DraftFichinter","Draft interventions","","needs_translation","Direct en_US vs ms_MY gap"
"lang\ms_MY\interventions.lang","ErrorFicheinterCompanyDoesNotExist","Company does not exist. Intervention has not been created.","","needs_translation","Direct en_US vs ms_MY gap"
"lang\ms_MY\interventions.lang","FichinterNoContractLinked","Intervention %s has been created without a linked contract.","","needs_translation","Direct en_US vs ms_MY gap"
"lang\ms_MY\interventions.lang","FichinterToProcess","Interventions to process","","needs_translation","Direct en_US vs ms_MY gap"
"lang\ms_MY\interventions.lang","GenerateInter","Generate intervention","","needs_translation","Direct en_US vs ms_MY gap"
"lang\ms_MY\interventions.lang","InterDateCreation","Date creation intervention","","needs_translation","Direct en_US vs ms_MY gap"
"lang\ms_MY\interventions.lang","InterDuration","Duration intervention","","needs_translation","Direct en_US vs ms_MY gap"
"lang\ms_MY\interventions.lang","InterId","Intervention id","","needs_translation","Direct en_US vs ms_MY gap"
"lang\ms_MY\interventions.lang","InterLine","Line of intervention","","needs_translation","Direct en_US vs ms_MY gap"
"lang\ms_MY\interventions.lang","InterLineDate","Line date intervention","","needs_translation","Direct en_US vs ms_MY gap"
"lang\ms_MY\interventions.lang","InterLineDesc","Line description intervention","","needs_translation","Direct en_US vs ms_MY gap"
"lang\ms_MY\interventions.lang","InterLineDuration","Line duration intervention","","needs_translation","Direct en_US vs ms_MY gap"
"lang\ms_MY\interventions.lang","InterLineId","Line id intervention","","needs_translation","Direct en_US vs ms_MY gap"
"lang\ms_MY\interventions.lang","InterNote","Note intervention","","needs_translation","Direct en_US vs ms_MY gap"
"lang\ms_MY\interventions.lang","InterRef","Intervention ref.","","needs_translation","Direct en_US vs ms_MY gap"
"lang\ms_MY\interventions.lang","InterStatus","Status intervention","","needs_translation","Direct en_US vs ms_MY gap"
"lang\ms_MY\interventions.lang","Intervention","Intervention","","needs_translation","Direct en_US vs ms_MY gap"
"lang\ms_MY\interventions.lang","InterventionCard","Intervention card","","needs_translation","Direct en_US vs ms_MY gap"
"lang\ms_MY\interventions.lang","InterventionCardsAndInterventionLines","Interventions and lines of interventions","","needs_translation","Direct en_US vs ms_MY gap"
"lang\ms_MY\interventions.lang","InterventionClassifiedBilledInDolibarr","Intervention %s set as billed","","needs_translation","Direct en_US vs ms_MY gap"
"lang\ms_MY\interventions.lang","InterventionClassifiedUnbilledInDolibarr","Intervention %s set as unbilled","","needs_translation","Direct en_US vs ms_MY gap"
"lang\ms_MY\interventions.lang","InterventionClassifyBilled","Classify ""Billed""","","needs_translation","Direct en_US vs ms_MY gap"
"lang\ms_MY\interventions.lang","InterventionClassifyDone","Classify ""Done""","","needs_translation","Direct en_US vs ms_MY gap"
"lang\ms_MY\interventions.lang","InterventionClassifyUnBilled","Classify ""Unbilled""","","needs_translation","Direct en_US vs ms_MY gap"
"lang\ms_MY\interventions.lang","InterventionClosedInDolibarr"," Intervention %s closed","","needs_translation","Direct en_US vs ms_MY gap"
"lang\ms_MY\interventions.lang","InterventionContact","Intervention contact","","needs_translation","Direct en_US vs ms_MY gap"
"lang\ms_MY\interventions.lang","InterventionCreatedInDolibarr","Intervention %s created","","needs_translation","Direct en_US vs ms_MY gap"
"lang\ms_MY\interventions.lang","InterventionDeletedInDolibarr","Intervention %s deleted","","needs_translation","Direct en_US vs ms_MY gap"
"lang\ms_MY\interventions.lang","InterventionModifiedInDolibarr","Intervention %s modified","","needs_translation","Direct en_US vs ms_MY gap"
"lang\ms_MY\interventions.lang","Interventions","Interventions","","needs_translation","Direct en_US vs ms_MY gap"
"lang\ms_MY\interventions.lang","InterventionsArea","Interventions area","","needs_translation","Direct en_US vs ms_MY gap"
"lang\ms_MY\interventions.lang","InterventionSentByEMail","Intervention %s sent by email","","needs_translation","Direct en_US vs ms_MY gap"
"lang\ms_MY\interventions.lang","InterventionSign","Set Signed","","needs_translation","Direct en_US vs ms_MY gap"
"lang\ms_MY\interventions.lang","InterventionSignedInDolibarr","Intervention signed","","needs_translation","Direct en_US vs ms_MY gap"
"lang\ms_MY\interventions.lang","InterventionSignedOnline","Intervention signed online","","needs_translation","Direct en_US vs ms_MY gap"
"lang\ms_MY\interventions.lang","InterventionStatistics","Statistics of interventions","","needs_translation","Direct en_US vs ms_MY gap"
"lang\ms_MY\interventions.lang","InterventionUnsign","Set Unsigned","","needs_translation","Direct en_US vs ms_MY gap"
"lang\ms_MY\interventions.lang","InterventionUnsignedInDolibarr","Intervention unsigned","","needs_translation","Direct en_US vs ms_MY gap"
"lang\ms_MY\interventions.lang","InterventionValidatedInDolibarr","Intervention %s validated","","needs_translation","Direct en_US vs ms_MY gap"
"lang\ms_MY\interventions.lang","LastInterventions","Latest %s interventions","","needs_translation","Direct en_US vs ms_MY gap"
"lang\ms_MY\interventions.lang","LastModifiedInterventions","Latest %s modified interventions","","needs_translation","Direct en_US vs ms_MY gap"
"lang\ms_MY\interventions.lang","ListOfInterventions","List of interventions","","needs_translation","Direct en_US vs ms_MY gap"
"lang\ms_MY\interventions.lang","ModifyIntervention","Modify intervention","","needs_translation","Direct en_US vs ms_MY gap"
"lang\ms_MY\interventions.lang","NameAndSignatureOfExternalContact","Name and signature of customer:","","needs_translation","Direct en_US vs ms_MY gap"
"lang\ms_MY\interventions.lang","NameAndSignatureOfInternalContact","Name and signature of intervening:","","needs_translation","Direct en_US vs ms_MY gap"
"lang\ms_MY\interventions.lang","NbOfinterventions","No. of intervention cards","","needs_translation","Direct en_US vs ms_MY gap"
"lang\ms_MY\interventions.lang","NewIntervention","New intervention","","needs_translation","Direct en_US vs ms_MY gap"
"lang\ms_MY\interventions.lang","NextDateToIntervention","Date for next intervention generation","","needs_translation","Direct en_US vs ms_MY gap"
"lang\ms_MY\interventions.lang","NoIntervention","No intervention","","needs_translation","Direct en_US vs ms_MY gap"
"lang\ms_MY\interventions.lang","NotARecurringInterventionalTemplate","Not a recurring intervention template","","needs_translation","Direct en_US vs ms_MY gap"
"lang\ms_MY\interventions.lang","NumberOfInterventionsByMonth","No. of intervention cards by month (date of validation)","","needs_translation","Direct en_US vs ms_MY gap"
"lang\ms_MY\interventions.lang","PrintProductsOnFichinter","Print also lines of type ""product"" (not only services) on intervention card","","needs_translation","Direct en_US vs ms_MY gap"
"lang\ms_MY\interventions.lang","PrintProductsOnFichinterDetails","interventions generated from orders","","needs_translation","Direct en_US vs ms_MY gap"
"lang\ms_MY\interventions.lang","RepeatableIntervention","Template of intervention","","needs_translation","Direct en_US vs ms_MY gap"
"lang\ms_MY\interventions.lang","SendInterventionByMail","Send intervention by email","","needs_translation","Direct en_US vs ms_MY gap"
"lang\ms_MY\interventions.lang","SendInterventionRef","Submission of intervention %s","","needs_translation","Direct en_US vs ms_MY gap"
"lang\ms_MY\interventions.lang","ShowInterventionModel","Show intervention model","","needs_translation","Direct en_US vs ms_MY gap"
"lang\ms_MY\interventions.lang","SignIntervention","Sign intervention","","needs_translation","Direct en_US vs ms_MY gap"
"lang\ms_MY\interventions.lang","ToCreateAPredefinedIntervention","To create a predefined or recurring intervention, create a common intervention and convert it into intervention template","","needs_translation","Direct en_US vs ms_MY gap"
"lang\ms_MY\interventions.lang","TypeContact_fichinter_external_BILLING","Customer contact of intervention billing","","needs_translation","Direct en_US vs ms_MY gap"
"lang\ms_MY\interventions.lang","TypeContact_fichinter_external_CUSTOMER","Customer contact of intervention follow-up","","needs_translation","Direct en_US vs ms_MY gap"
"lang\ms_MY\interventions.lang","TypeContact_fichinter_internal_INTERREPFOLL","Responsible for intervention follow-up","","needs_translation","Direct en_US vs ms_MY gap"
"lang\ms_MY\interventions.lang","TypeContact_fichinter_internal_INTERVENING","Intervenant","","needs_translation","Direct en_US vs ms_MY gap"
"lang\ms_MY\interventions.lang","UnsignIntervention","Unsign intervention","","needs_translation","Direct en_US vs ms_MY gap"
"lang\ms_MY\interventions.lang","UseDateWithoutHourOnFichinter","Hides hours and minutes off the date field for intervention records","","needs_translation","Direct en_US vs ms_MY gap"
"lang\ms_MY\interventions.lang","UseDurationOnFichinter","Hides the duration field for intervention records","","needs_translation","Direct en_US vs ms_MY gap"
"lang\ms_MY\interventions.lang","UseServicesDurationOnFichinter","Use services duration for interventions generated from orders","","needs_translation","Direct en_US vs ms_MY gap"
"lang\ms_MY\interventions.lang","ValidateIntervention","Validate intervention","","needs_translation","Direct en_US vs ms_MY gap"
"lang\ms_MY\intracommreport.lang","AnalysisPeriod","Analysis period","","needs_translation","Direct en_US vs ms_MY gap"
"lang\ms_MY\intracommreport.lang","DEB","Goods exchange declaration (DEB)","","needs_translation","Direct en_US vs ms_MY gap"
"lang\ms_MY\intracommreport.lang","Declaration","Declaration","","needs_translation","Direct en_US vs ms_MY gap"
"lang\ms_MY\intracommreport.lang","DeleteIntraCommReport","Delete IntraComm report","","needs_translation","Direct en_US vs ms_MY gap"
"lang\ms_MY\intracommreport.lang","DES","Services exchange declaration (DES)","","needs_translation","Direct en_US vs ms_MY gap"
"lang\ms_MY\intracommreport.lang","IntraCommReport","Intracomm report","","needs_translation","Direct en_US vs ms_MY gap"
"lang\ms_MY\intracommreport.lang","INTRACOMMREPORT_CATEG_FRAISDEPORT","Catégorie de services de type ""Frais de port""","","needs_translation","Direct en_US vs ms_MY gap"
"lang\ms_MY\intracommreport.lang","INTRACOMMREPORT_NIV_OBLIGATION_EXPEDITION","Niveau d'obligation sur les expéditions","","needs_translation","Direct en_US vs ms_MY gap"
"lang\ms_MY\intracommreport.lang","INTRACOMMREPORT_NIV_OBLIGATION_INTRODUCTION","Niveau d'obligation sur les introductions","","needs_translation","Direct en_US vs ms_MY gap"
"lang\ms_MY\intracommreport.lang","INTRACOMMREPORT_NUM_AGREMENT","Numéro d'agrément (délivré par le CISD de rattachement)","","needs_translation","Direct en_US vs ms_MY gap"
"lang\ms_MY\intracommreport.lang","INTRACOMMREPORT_NUM_DECLARATION","Numéro de déclarant","","needs_translation","Direct en_US vs ms_MY gap"
"lang\ms_MY\intracommreport.lang","INTRACOMMREPORT_ROLE_ACTEUR","Rôle joué par l'acteur","","needs_translation","Direct en_US vs ms_MY gap"
"lang\ms_MY\intracommreport.lang","INTRACOMMREPORT_TYPE_ACTEUR","Type d'acteur","","needs_translation","Direct en_US vs ms_MY gap"
"lang\ms_MY\intracommreport.lang","IntracommReportAbout"," About intracommreport","","needs_translation","Direct en_US vs ms_MY gap"
"lang\ms_MY\intracommreport.lang","IntracommReportDownload","download XML file","","needs_translation","Direct en_US vs ms_MY gap"
"lang\ms_MY\intracommreport.lang","IntracommReportList","List of generated declarations","","needs_translation","Direct en_US vs ms_MY gap"
"lang\ms_MY\intracommreport.lang","IntracommReportNumber","Numero of declaration","","needs_translation","Direct en_US vs ms_MY gap"
"lang\ms_MY\intracommreport.lang","IntracommReportPeriod","Period of analysis","","needs_translation","Direct en_US vs ms_MY gap"
"lang\ms_MY\intracommreport.lang","IntraCommReports","Intracomm reports","","needs_translation","Direct en_US vs ms_MY gap"
"lang\ms_MY\intracommreport.lang","IntracommReportSetup"," Intracommreport module setup","","needs_translation","Direct en_US vs ms_MY gap"
"lang\ms_MY\intracommreport.lang","IntracommReportTitle","Preparation of an XML file in ProDouane format","","needs_translation","Direct en_US vs ms_MY gap"
"lang\ms_MY\intracommreport.lang","IntracommReportTransportMode","Transport mode","","needs_translation","Direct en_US vs ms_MY gap"
"lang\ms_MY\intracommreport.lang","IntracommReportTypeDeclaration","Type of declaration","","needs_translation","Direct en_US vs ms_MY gap"
"lang\ms_MY\intracommreport.lang","MenuIntracommReport","Intracomm report","","needs_translation","Direct en_US vs ms_MY gap"
"lang\ms_MY\intracommreport.lang","MenuIntracommReportList","List","","needs_translation","Direct en_US vs ms_MY gap"
"lang\ms_MY\intracommreport.lang","MenuIntracommReportNew","New declaration","","needs_translation","Direct en_US vs ms_MY gap"
"lang\ms_MY\intracommreport.lang","Module68000Desc"," Intracomm report management (Support for French DEB/DES format)","","needs_translation","Direct en_US vs ms_MY gap"
"lang\ms_MY\intracommreport.lang","Module68000Name"," Intracomm report","","needs_translation","Direct en_US vs ms_MY gap"
"lang\ms_MY\intracommreport.lang","NewDeclaration","New declaration","","needs_translation","Direct en_US vs ms_MY gap"
"lang\ms_MY\intracommreport.lang","TypeOfDeclaration","Type of declaration","","needs_translation","Direct en_US vs ms_MY gap"
"lang\ms_MY\knowledgemanagement.lang","BoxLastKnowledgerecord","Last articles","","needs_translation","Direct en_US vs ms_MY gap"
"lang\ms_MY\knowledgemanagement.lang","BoxLastKnowledgerecordContent","Last articles","","needs_translation","Direct en_US vs ms_MY gap"
"lang\ms_MY\knowledgemanagement.lang","BoxLastKnowledgerecordDescription","Last %s articles","","needs_translation","Direct en_US vs ms_MY gap"
"lang\ms_MY\knowledgemanagement.lang","BoxLastKnowledgerecordModifiedContent","Last modified articles","","needs_translation","Direct en_US vs ms_MY gap"
"lang\ms_MY\knowledgemanagement.lang","BoxLastModifiedKnowledgerecord","Last modified articles","","needs_translation","Direct en_US vs ms_MY gap"
"lang\ms_MY\knowledgemanagement.lang","BoxLastModifiedKnowledgerecordDescription","Last %s modified articles","","needs_translation","Direct en_US vs ms_MY gap"
"lang\ms_MY\knowledgemanagement.lang","ConfirmCloseKM","Do you confirm the closing of this article as obsolete ?","","needs_translation","Direct en_US vs ms_MY gap"
"lang\ms_MY\knowledgemanagement.lang","ConfirmReopenKM","Do you want to restore this article to status ""Validated"" ?","","needs_translation","Direct en_US vs ms_MY gap"
"lang\ms_MY\knowledgemanagement.lang","GroupOfTicket","Group of tickets","","needs_translation","Direct en_US vs ms_MY gap"
"lang\ms_MY\knowledgemanagement.lang","KnowledgeManagementAbout"," About Knowledge Management","","needs_translation","Direct en_US vs ms_MY gap"
"lang\ms_MY\knowledgemanagement.lang","KnowledgeManagementAboutPage"," Knowledge Management about page","","needs_translation","Direct en_US vs ms_MY gap"
"lang\ms_MY\knowledgemanagement.lang","KnowledgeManagementArea"," Knowledge Management","","needs_translation","Direct en_US vs ms_MY gap"
"lang\ms_MY\knowledgemanagement.lang","KnowledgeManagementSetup"," Knowledge Management System setup","","needs_translation","Direct en_US vs ms_MY gap"
"lang\ms_MY\knowledgemanagement.lang","KnowledgeManagementSetupPage"," Knowledge Management System setup page","","needs_translation","Direct en_US vs ms_MY gap"
"lang\ms_MY\knowledgemanagement.lang","KnowledgeRecord"," Article","","needs_translation","Direct en_US vs ms_MY gap"
"lang\ms_MY\knowledgemanagement.lang","KnowledgeRecordExtraFields"," Extrafields for Article","","needs_translation","Direct en_US vs ms_MY gap"
"lang\ms_MY\knowledgemanagement.lang","KnowledgeRecords"," Articles","","needs_translation","Direct en_US vs ms_MY gap"
"lang\ms_MY\knowledgemanagement.lang","ListKnowledgeRecord"," List of articles","","needs_translation","Direct en_US vs ms_MY gap"
"lang\ms_MY\knowledgemanagement.lang","MenuKnowledgeRecord"," Knowledge base","","needs_translation","Direct en_US vs ms_MY gap"
"lang\ms_MY\knowledgemanagement.lang","MenuKnowledgeRecordShort"," Knowledge base","","needs_translation","Direct en_US vs ms_MY gap"
"lang\ms_MY\knowledgemanagement.lang","ModuleKnowledgeManagementDesc","Manage a Knowledge Management (KM) or Help-Desk base","","needs_translation","Direct en_US vs ms_MY gap"
"lang\ms_MY\knowledgemanagement.lang","ModuleKnowledgeManagementName"," Knowledge Management System","","needs_translation","Direct en_US vs ms_MY gap"
"lang\ms_MY\knowledgemanagement.lang","NewKnowledgeRecord"," New article","","needs_translation","Direct en_US vs ms_MY gap"
"lang\ms_MY\knowledgemanagement.lang","SetObsolete","Set as obsolete","","needs_translation","Direct en_US vs ms_MY gap"
"lang\ms_MY\knowledgemanagement.lang","SuggestedForTicketsInGroup","Suggested on tickets creation","","needs_translation","Direct en_US vs ms_MY gap"
"lang\ms_MY\knowledgemanagement.lang","ValidateReply"," Validate solution","","needs_translation","Direct en_US vs ms_MY gap"
"lang\ms_MY\knowledgemanagement.lang","YouCanLinkArticleToATicketCategory","You can link the article to a ticket group (so the article will be highlighted on any tickets in this group)","","needs_translation","Direct en_US vs ms_MY gap"
"lang\ms_MY\languages.lang","Language_af_ZA","Afrikaans (South Africa)","","needs_translation","Direct en_US vs ms_MY gap"
"lang\ms_MY\languages.lang","Language_am_ET","Ethiopian","","needs_translation","Direct en_US vs ms_MY gap"
"lang\ms_MY\languages.lang","Language_ar_AE","Arabic (Arab Emirates)","","needs_translation","Direct en_US vs ms_MY gap"
"lang\ms_MY\languages.lang","Language_ar_AR","Arabic","","needs_translation","Direct en_US vs ms_MY gap"
"lang\ms_MY\languages.lang","Language_ar_DZ","Arabic (Algeria)","","needs_translation","Direct en_US vs ms_MY gap"
"lang\ms_MY\languages.lang","Language_ar_EG","Arabic (Egypt)","","needs_translation","Direct en_US vs ms_MY gap"
"lang\ms_MY\languages.lang","Language_ar_IQ","Arabic (Iraq)","","needs_translation","Direct en_US vs ms_MY gap"
"lang\ms_MY\languages.lang","Language_ar_JO","Arabic (Jordania)","","needs_translation","Direct en_US vs ms_MY gap"
"lang\ms_MY\languages.lang","Language_ar_LB","Arabic (Liban)","","needs_translation","Direct en_US vs ms_MY gap"
"lang\ms_MY\languages.lang","Language_ar_MA","Arabic (Moroco)","","needs_translation","Direct en_US vs ms_MY gap"
"lang\ms_MY\languages.lang","Language_ar_SA","Arabic (Saudi Arabia)","","needs_translation","Direct en_US vs ms_MY gap"
"lang\ms_MY\languages.lang","Language_ar_TN","Arabic (Tunisia)","","needs_translation","Direct en_US vs ms_MY gap"
"lang\ms_MY\languages.lang","Language_as_IN","Assamese","","needs_translation","Direct en_US vs ms_MY gap"
"lang\ms_MY\languages.lang","Language_az_AZ","Azerbaijani","","needs_translation","Direct en_US vs ms_MY gap"
"lang\ms_MY\languages.lang","Language_bg_BG","Bulgarian","","needs_translation","Direct en_US vs ms_MY gap"
"lang\ms_MY\languages.lang","Language_bh_MY","Malay","","needs_translation","Direct en_US vs ms_MY gap"
"lang\ms_MY\languages.lang","Language_bn_BD","Bengali","","needs_translation","Direct en_US vs ms_MY gap"
"lang\ms_MY\languages.lang","Language_bn_IN","Bengali (India)","","needs_translation","Direct en_US vs ms_MY gap"
"lang\ms_MY\languages.lang","Language_bo_CN","Tibetan","","needs_translation","Direct en_US vs ms_MY gap"
"lang\ms_MY\languages.lang","Language_bs_BA","Bosnian","","needs_translation","Direct en_US vs ms_MY gap"
"lang\ms_MY\languages.lang","Language_ca_ES","Catalan","","needs_translation","Direct en_US vs ms_MY gap"
"lang\ms_MY\languages.lang","Language_cs_CZ","Czech","","needs_translation","Direct en_US vs ms_MY gap"
"lang\ms_MY\languages.lang","Language_cy_GB","Welsh","","needs_translation","Direct en_US vs ms_MY gap"
"lang\ms_MY\languages.lang","Language_da_DA","Danish","","needs_translation","Direct en_US vs ms_MY gap"
"lang\ms_MY\languages.lang","Language_da_DK","Danish","","needs_translation","Direct en_US vs ms_MY gap"
"lang\ms_MY\languages.lang","Language_de_AT","German (Austria)","","needs_translation","Direct en_US vs ms_MY gap"
"lang\ms_MY\languages.lang","Language_de_CH","German (Switzerland)","","needs_translation","Direct en_US vs ms_MY gap"
"lang\ms_MY\languages.lang","Language_de_DE","German","","needs_translation","Direct en_US vs ms_MY gap"
"lang\ms_MY\languages.lang","Language_de_LU","German (Luxembourg)","","needs_translation","Direct en_US vs ms_MY gap"
"lang\ms_MY\languages.lang","Language_el_CY","Greek (Cyprus)","","needs_translation","Direct en_US vs ms_MY gap"
"lang\ms_MY\languages.lang","Language_el_GR","Greek","","needs_translation","Direct en_US vs ms_MY gap"
"lang\ms_MY\languages.lang","Language_en_AE","English (United Arab Emirates)","","needs_translation","Direct en_US vs ms_MY gap"
"lang\ms_MY\languages.lang","Language_en_AU","English (Australia)","","needs_translation","Direct en_US vs ms_MY gap"
"lang\ms_MY\languages.lang","Language_en_CA","English (Canada)","","needs_translation","Direct en_US vs ms_MY gap"
"lang\ms_MY\languages.lang","Language_en_GB","English (United Kingdom)","","needs_translation","Direct en_US vs ms_MY gap"
"lang\ms_MY\languages.lang","Language_en_IE","English (Ireland)","","needs_translation","Direct en_US vs ms_MY gap"
"lang\ms_MY\languages.lang","Language_en_IN","English (India)","","needs_translation","Direct en_US vs ms_MY gap"
"lang\ms_MY\languages.lang","Language_en_MY","English (Myanmar)","","needs_translation","Direct en_US vs ms_MY gap"
"lang\ms_MY\languages.lang","Language_en_NZ","English (New Zealand)","","needs_translation","Direct en_US vs ms_MY gap"
"lang\ms_MY\languages.lang","Language_en_PH","English (Philippines)","","needs_translation","Direct en_US vs ms_MY gap"
"lang\ms_MY\languages.lang","Language_en_SA","English (Saudi Arabia)","","needs_translation","Direct en_US vs ms_MY gap"
"lang\ms_MY\languages.lang","Language_en_SG","English (Singapore)","","needs_translation","Direct en_US vs ms_MY gap"
"lang\ms_MY\languages.lang","Language_en_US","English (United States)","","needs_translation","Direct en_US vs ms_MY gap"
"lang\ms_MY\languages.lang","Language_en_ZA","English (South Africa)","","needs_translation","Direct en_US vs ms_MY gap"
"lang\ms_MY\languages.lang","Language_en_ZW","English (Zimbabwe)","","needs_translation","Direct en_US vs ms_MY gap"
"lang\ms_MY\languages.lang","Language_es_AR","Spanish (Argentina)","","needs_translation","Direct en_US vs ms_MY gap"
"lang\ms_MY\languages.lang","Language_es_BO","Spanish (Bolivia)","","needs_translation","Direct en_US vs ms_MY gap"
"lang\ms_MY\languages.lang","Language_es_CL","Spanish (Chile)","","needs_translation","Direct en_US vs ms_MY gap"
"lang\ms_MY\languages.lang","Language_es_CO","Spanish (Colombia)","","needs_translation","Direct en_US vs ms_MY gap"
"lang\ms_MY\languages.lang","Language_es_CR","Spanish (Costa Rica)","","needs_translation","Direct en_US vs ms_MY gap"
"lang\ms_MY\languages.lang","Language_es_DO","Spanish (Dominican Republic)","","needs_translation","Direct en_US vs ms_MY gap"
"lang\ms_MY\languages.lang","Language_es_EC","Spanish (Ecuador)","","needs_translation","Direct en_US vs ms_MY gap"
"lang\ms_MY\languages.lang","Language_es_ES","Spanish","","needs_translation","Direct en_US vs ms_MY gap"
"lang\ms_MY\languages.lang","Language_es_GT","Spanish (Guatemala)","","needs_translation","Direct en_US vs ms_MY gap"
"lang\ms_MY\languages.lang","Language_es_HN","Spanish (Honduras)","","needs_translation","Direct en_US vs ms_MY gap"
"lang\ms_MY\languages.lang","Language_es_MX","Spanish (Mexico)","","needs_translation","Direct en_US vs ms_MY gap"
"lang\ms_MY\languages.lang","Language_es_PA","Spanish (Panama)","","needs_translation","Direct en_US vs ms_MY gap"
"lang\ms_MY\languages.lang","Language_es_PE","Spanish (Peru)","","needs_translation","Direct en_US vs ms_MY gap"
"lang\ms_MY\languages.lang","Language_es_PR","Spanish (Puerto Rico)","","needs_translation","Direct en_US vs ms_MY gap"
"lang\ms_MY\languages.lang","Language_es_PY","Spanish (Paraguay)","","needs_translation","Direct en_US vs ms_MY gap"
"lang\ms_MY\languages.lang","Language_es_US","Spanish (USA)","","needs_translation","Direct en_US vs ms_MY gap"
"lang\ms_MY\languages.lang","Language_es_UY","Spanish (Uruguay)","","needs_translation","Direct en_US vs ms_MY gap"
"lang\ms_MY\languages.lang","Language_es_VE","Spanish (Venezuela)","","needs_translation","Direct en_US vs ms_MY gap"
"lang\ms_MY\languages.lang","Language_et_EE","Estonian","","needs_translation","Direct en_US vs ms_MY gap"
"lang\ms_MY\languages.lang","Language_eu_ES","Basque","","needs_translation","Direct en_US vs ms_MY gap"
"lang\ms_MY\languages.lang","Language_fa_IR","Persian","","needs_translation","Direct en_US vs ms_MY gap"
"lang\ms_MY\languages.lang","Language_fi_FI","Finnish","","needs_translation","Direct en_US vs ms_MY gap"
"lang\ms_MY\languages.lang","Language_fr_BE","French (Belgium)","","needs_translation","Direct en_US vs ms_MY gap"
"lang\ms_MY\languages.lang","Language_fr_CA","French (Canada)","","needs_translation","Direct en_US vs ms_MY gap"
"lang\ms_MY\languages.lang","Language_fr_CH","French (Switzerland)","","needs_translation","Direct en_US vs ms_MY gap"
"lang\ms_MY\languages.lang","Language_fr_CI","French (Cost Ivory)","","needs_translation","Direct en_US vs ms_MY gap"
"lang\ms_MY\languages.lang","Language_fr_CM","French (Cameroun)","","needs_translation","Direct en_US vs ms_MY gap"
"lang\ms_MY\languages.lang","Language_fr_FR","French","","needs_translation","Direct en_US vs ms_MY gap"
"lang\ms_MY\languages.lang","Language_fr_GA","French (Gabon)","","needs_translation","Direct en_US vs ms_MY gap"
"lang\ms_MY\languages.lang","Language_fr_NC","French (New Caledonia)","","needs_translation","Direct en_US vs ms_MY gap"
"lang\ms_MY\languages.lang","Language_fr_SN","French (Senegal)","","needs_translation","Direct en_US vs ms_MY gap"
"lang\ms_MY\languages.lang","Language_fr_TN","French (Tunisia)","","needs_translation","Direct en_US vs ms_MY gap"
"lang\ms_MY\languages.lang","Language_fy_NL","Frisian","","needs_translation","Direct en_US vs ms_MY gap"
"lang\ms_MY\languages.lang","Language_gl_ES","Galician","","needs_translation","Direct en_US vs ms_MY gap"
"lang\ms_MY\languages.lang","Language_he_IL","Hebrew","","needs_translation","Direct en_US vs ms_MY gap"
"lang\ms_MY\languages.lang","Language_hi_IN","Hindi (India)","","needs_translation","Direct en_US vs ms_MY gap"
"lang\ms_MY\languages.lang","Language_hr_HR","Croatian","","needs_translation","Direct en_US vs ms_MY gap"
"lang\ms_MY\languages.lang","Language_hu_HU","Hungarian","","needs_translation","Direct en_US vs ms_MY gap"
"lang\ms_MY\languages.lang","Language_id_ID","Indonesian","","needs_translation","Direct en_US vs ms_MY gap"
"lang\ms_MY\languages.lang","Language_is_IS","Icelandic","","needs_translation","Direct en_US vs ms_MY gap"
"lang\ms_MY\languages.lang","Language_it_CH","Italian (Switzerland)","","needs_translation","Direct en_US vs ms_MY gap"
"lang\ms_MY\languages.lang","Language_it_IT","Italian","","needs_translation","Direct en_US vs ms_MY gap"
"lang\ms_MY\languages.lang","Language_ja_JP","Japanese","","needs_translation","Direct en_US vs ms_MY gap"
"lang\ms_MY\languages.lang","Language_ka_GE","Georgian","","needs_translation","Direct en_US vs ms_MY gap"
"lang\ms_MY\languages.lang","Language_kk_KZ","Kazakh","","needs_translation","Direct en_US vs ms_MY gap"
"lang\ms_MY\languages.lang","Language_km_KH","Khmer","","needs_translation","Direct en_US vs ms_MY gap"
"lang\ms_MY\languages.lang","Language_kn_IN","Kannada","","needs_translation","Direct en_US vs ms_MY gap"
"lang\ms_MY\languages.lang","Language_ko_KR","Korean","","needs_translation","Direct en_US vs ms_MY gap"
"lang\ms_MY\languages.lang","Language_ku_IQ","Kurdish","","needs_translation","Direct en_US vs ms_MY gap"
"lang\ms_MY\languages.lang","Language_lo_LA","Lao","","needs_translation","Direct en_US vs ms_MY gap"
"lang\ms_MY\languages.lang","Language_lt_LT","Lithuanian","","needs_translation","Direct en_US vs ms_MY gap"
"lang\ms_MY\languages.lang","Language_lv_LV","Latvian","","needs_translation","Direct en_US vs ms_MY gap"
"lang\ms_MY\languages.lang","Language_mk_MK","Macedonian","","needs_translation","Direct en_US vs ms_MY gap"
"lang\ms_MY\languages.lang","Language_mn_MN","Mongolian","","needs_translation","Direct en_US vs ms_MY gap"
"lang\ms_MY\languages.lang","Language_my_MM","Burmese","","needs_translation","Direct en_US vs ms_MY gap"
"lang\ms_MY\languages.lang","Language_nb_NO","Norwegian (Bokmål)","","needs_translation","Direct en_US vs ms_MY gap"
"lang\ms_MY\languages.lang","Language_ne_NP","Nepali","","needs_translation","Direct en_US vs ms_MY gap"
"lang\ms_MY\languages.lang","Language_nl_BE","Dutch (Belgium)","","needs_translation","Direct en_US vs ms_MY gap"
"lang\ms_MY\languages.lang","Language_nl_NL","Dutch","","needs_translation","Direct en_US vs ms_MY gap"
"lang\ms_MY\languages.lang","Language_pl_PL","Polish","","needs_translation","Direct en_US vs ms_MY gap"
"lang\ms_MY\languages.lang","Language_pt_AO","Portuguese (Angola)","","needs_translation","Direct en_US vs ms_MY gap"
"lang\ms_MY\languages.lang","Language_pt_BR","Portuguese (Brazil)","","needs_translation","Direct en_US vs ms_MY gap"
"lang\ms_MY\languages.lang","Language_pt_MZ","Portuguese (Mozambique)","","needs_translation","Direct en_US vs ms_MY gap"
"lang\ms_MY\languages.lang","Language_pt_PT","Portuguese","","needs_translation","Direct en_US vs ms_MY gap"
"lang\ms_MY\languages.lang","Language_ro_MD","Romanian (Moldavia)","","needs_translation","Direct en_US vs ms_MY gap"
"lang\ms_MY\languages.lang","Language_ro_RO","Romanian","","needs_translation","Direct en_US vs ms_MY gap"
"lang\ms_MY\languages.lang","Language_ru_RU","Russian","","needs_translation","Direct en_US vs ms_MY gap"
"lang\ms_MY\languages.lang","Language_ru_UA","Russian (Ukraine)","","needs_translation","Direct en_US vs ms_MY gap"
"lang\ms_MY\languages.lang","Language_si_LK","Sinhala","","needs_translation","Direct en_US vs ms_MY gap"
"lang\ms_MY\languages.lang","Language_sk_SK","Slovakian","","needs_translation","Direct en_US vs ms_MY gap"
"lang\ms_MY\languages.lang","Language_sl_SI","Slovenian","","needs_translation","Direct en_US vs ms_MY gap"
"lang\ms_MY\languages.lang","Language_sq_AL","Albanian","","needs_translation","Direct en_US vs ms_MY gap"
"lang\ms_MY\languages.lang","Language_sr_RS","Serbian","","needs_translation","Direct en_US vs ms_MY gap"
"lang\ms_MY\languages.lang","Language_sv_SE","Swedish","","needs_translation","Direct en_US vs ms_MY gap"
"lang\ms_MY\languages.lang","Language_sv_SV","Swedish","","needs_translation","Direct en_US vs ms_MY gap"
"lang\ms_MY\languages.lang","Language_sw_KE","Swahili","","needs_translation","Direct en_US vs ms_MY gap"
"lang\ms_MY\languages.lang","Language_sw_SW","Kiswahili","","needs_translation","Direct en_US vs ms_MY gap"
"lang\ms_MY\languages.lang","Language_ta_IN","Tamil","","needs_translation","Direct en_US vs ms_MY gap"
"lang\ms_MY\languages.lang","Language_tg_TJ","Tajik","","needs_translation","Direct en_US vs ms_MY gap"
"lang\ms_MY\languages.lang","Language_th_TH","Thai","","needs_translation","Direct en_US vs ms_MY gap"
"lang\ms_MY\languages.lang","Language_tr_TR","Turkish","","needs_translation","Direct en_US vs ms_MY gap"
"lang\ms_MY\languages.lang","Language_uk_UA","Ukrainian","","needs_translation","Direct en_US vs ms_MY gap"
"lang\ms_MY\languages.lang","Language_ur_PK","Urdu","","needs_translation","Direct en_US vs ms_MY gap"
"lang\ms_MY\languages.lang","Language_uz_UZ","Uzbek","","needs_translation","Direct en_US vs ms_MY gap"
"lang\ms_MY\languages.lang","Language_vi_VN","Vietnamese","","needs_translation","Direct en_US vs ms_MY gap"
"lang\ms_MY\languages.lang","Language_wo_SN","Wolof","","needs_translation","Direct en_US vs ms_MY gap"
"lang\ms_MY\languages.lang","Language_zh_CN","Chinese","","needs_translation","Direct en_US vs ms_MY gap"
"lang\ms_MY\languages.lang","Language_zh_HK","Chinese (Hong Kong)","","needs_translation","Direct en_US vs ms_MY gap"
"lang\ms_MY\languages.lang","Language_zh_TW","Chinese (Taiwan)","","needs_translation","Direct en_US vs ms_MY gap"
"lang\ms_MY\ldap.lang","ContactSynchronized","Contact synchronized","","needs_translation","Direct en_US vs ms_MY gap"
"lang\ms_MY\ldap.lang","ErrorFailedToReadLDAP","Failed to read LDAP database. Check LDAP module setup and database accessibility.","","needs_translation","Direct en_US vs ms_MY gap"
"lang\ms_MY\ldap.lang","ForceSynchronize","Force synchronizing Dolibarr -> LDAP","","needs_translation","Direct en_US vs ms_MY gap"
"lang\ms_MY\ldap.lang","GroupSynchronized","Group synchronized","","needs_translation","Direct en_US vs ms_MY gap"
"lang\ms_MY\ldap.lang","LDAPAttributes","LDAP attributes","","needs_translation","Direct en_US vs ms_MY gap"
"lang\ms_MY\ldap.lang","LDAPCard","LDAP card","","needs_translation","Direct en_US vs ms_MY gap"
"lang\ms_MY\ldap.lang","LDAPFieldFirstSubscriptionAmount","First subscription amount","","needs_translation","Direct en_US vs ms_MY gap"
"lang\ms_MY\ldap.lang","LDAPFieldFirstSubscriptionDate","First subscription date","","needs_translation","Direct en_US vs ms_MY gap"
"lang\ms_MY\ldap.lang","LDAPFieldLastSubscriptionAmount","Latest subscription amount","","needs_translation","Direct en_US vs ms_MY gap"
"lang\ms_MY\ldap.lang","LDAPFieldLastSubscriptionDate","Latest subscription date","","needs_translation","Direct en_US vs ms_MY gap"
"lang\ms_MY\ldap.lang","LDAPFieldSkype","Skype id","","needs_translation","Direct en_US vs ms_MY gap"
"lang\ms_MY\ldap.lang","LDAPFieldSkypeExample","Example: skypeName","","needs_translation","Direct en_US vs ms_MY gap"
"lang\ms_MY\ldap.lang","LDAPFieldStatus","Status","","needs_translation","Direct en_US vs ms_MY gap"
"lang\ms_MY\ldap.lang","LDAPInformationsForThisContact","Information in LDAP database for this contact","","needs_translation","Direct en_US vs ms_MY gap"
"lang\ms_MY\ldap.lang","LDAPInformationsForThisGroup","Information in LDAP database for this group","","needs_translation","Direct en_US vs ms_MY gap"
"lang\ms_MY\ldap.lang","LDAPInformationsForThisMember","Information in LDAP database for this member","","needs_translation","Direct en_US vs ms_MY gap"
"lang\ms_MY\ldap.lang","LDAPInformationsForThisMemberType","Information in LDAP database for this member type","","needs_translation","Direct en_US vs ms_MY gap"
"lang\ms_MY\ldap.lang","LDAPInformationsForThisUser","Information in LDAP database for this user","","needs_translation","Direct en_US vs ms_MY gap"
"lang\ms_MY\ldap.lang","LDAPPasswordHashType","Password hash type","","needs_translation","Direct en_US vs ms_MY gap"
"lang\ms_MY\ldap.lang","LDAPPasswordHashTypeExample","Type of password hash used on the server","","needs_translation","Direct en_US vs ms_MY gap"
"lang\ms_MY\ldap.lang","LDAPRecordNotFound","Record not found in LDAP database","","needs_translation","Direct en_US vs ms_MY gap"
"lang\ms_MY\ldap.lang","LDAPUserAccountControl"," userAccountControl on creation (active directory)","","needs_translation","Direct en_US vs ms_MY gap"
"lang\ms_MY\ldap.lang","LDAPUserAccountControlExample"," 512 Normal Account / 546 Normal Account + No Passwd + Disabled (see : https://fr.wikipedia.org/wiki/Active_Directory)","","needs_translation","Direct en_US vs ms_MY gap"
"lang\ms_MY\ldap.lang","LDAPUsers","Users in LDAP database","","needs_translation","Direct en_US vs ms_MY gap"
"lang\ms_MY\ldap.lang","MemberSynchronized","Member synchronized","","needs_translation","Direct en_US vs ms_MY gap"
"lang\ms_MY\ldap.lang","MemberTypeSynchronized","Member type synchronized","","needs_translation","Direct en_US vs ms_MY gap"
"lang\ms_MY\ldap.lang","PasswordOfUserInLDAP","Password of user in LDAP","","needs_translation","Direct en_US vs ms_MY gap"
"lang\ms_MY\ldap.lang","SupportedForLDAPExportScriptOnly","Only supported by an ldap export script","","needs_translation","Direct en_US vs ms_MY gap"
"lang\ms_MY\ldap.lang","SupportedForLDAPImportScriptOnly","Only supported by an ldap import script","","needs_translation","Direct en_US vs ms_MY gap"
"lang\ms_MY\ldap.lang","UserMustChangePassNextLogon","User must change password on the domain %s","","needs_translation","Direct en_US vs ms_MY gap"
"lang\ms_MY\ldap.lang","UserSynchronized","User synchronized","","needs_translation","Direct en_US vs ms_MY gap"
"lang\ms_MY\ldap.lang","YouMustChangePassNextLogon","Password for user <b>%s</b> on the domain <b>%s</b> must be changed.","","needs_translation","Direct en_US vs ms_MY gap"
"lang\ms_MY\mailmanspip.lang","AddIntoSpip","Add into SPIP","","needs_translation","Direct en_US vs ms_MY gap"
"lang\ms_MY\mailmanspip.lang","AddIntoSpipConfirmation","Are you sure you want to add this member into SPIP?","","needs_translation","Direct en_US vs ms_MY gap"
"lang\ms_MY\mailmanspip.lang","AddIntoSpipError","Failed to add the user in SPIP","","needs_translation","Direct en_US vs ms_MY gap"
"lang\ms_MY\mailmanspip.lang","DeleteIntoSpip","Remove from SPIP","","needs_translation","Direct en_US vs ms_MY gap"
"lang\ms_MY\mailmanspip.lang","DeleteIntoSpipConfirmation","Are you sure you want to remove this member from SPIP?","","needs_translation","Direct en_US vs ms_MY gap"
"lang\ms_MY\mailmanspip.lang","DeleteIntoSpipError","Failed to suppress the user from SPIP","","needs_translation","Direct en_US vs ms_MY gap"
"lang\ms_MY\mailmanspip.lang","DescADHERENT_MAILMAN_ADMIN_PASSWORD","Mailman administrator password","","needs_translation","Direct en_US vs ms_MY gap"
"lang\ms_MY\mailmanspip.lang","DescADHERENT_MAILMAN_LISTS","List(s) for automatic inscription of new members (separated by a comma)","","needs_translation","Direct en_US vs ms_MY gap"
"lang\ms_MY\mailmanspip.lang","DescADHERENT_MAILMAN_UNSUB_URL","URL for Mailman unsubscriptions","","needs_translation","Direct en_US vs ms_MY gap"
"lang\ms_MY\mailmanspip.lang","DescADHERENT_MAILMAN_URL","URL for Mailman subscriptions","","needs_translation","Direct en_US vs ms_MY gap"
"lang\ms_MY\mailmanspip.lang","DescADHERENT_SPIP_DB","SPIP database name","","needs_translation","Direct en_US vs ms_MY gap"
"lang\ms_MY\mailmanspip.lang","DescADHERENT_SPIP_PASS","SPIP database password","","needs_translation","Direct en_US vs ms_MY gap"
"lang\ms_MY\mailmanspip.lang","DescADHERENT_SPIP_SERVEUR","SPIP Server","","needs_translation","Direct en_US vs ms_MY gap"
"lang\ms_MY\mailmanspip.lang","DescADHERENT_SPIP_USER","SPIP database login","","needs_translation","Direct en_US vs ms_MY gap"
"lang\ms_MY\mailmanspip.lang","MailmanCreationSuccess","Subscription test was executed successfully","","needs_translation","Direct en_US vs ms_MY gap"
"lang\ms_MY\mailmanspip.lang","MailmanDeletionSuccess","Unsubscription test was executed successfully","","needs_translation","Direct en_US vs ms_MY gap"
"lang\ms_MY\mailmanspip.lang","MailmanSpipSetup","Mailman and SPIP module Setup","","needs_translation","Direct en_US vs ms_MY gap"
"lang\ms_MY\mailmanspip.lang","MailmanTitle","Mailman mailing list system","","needs_translation","Direct en_US vs ms_MY gap"
"lang\ms_MY\mailmanspip.lang","SPIPConnectionFailed","Failed to connect to SPIP","","needs_translation","Direct en_US vs ms_MY gap"
"lang\ms_MY\mailmanspip.lang","SPIPTitle","SPIP Content Management System","","needs_translation","Direct en_US vs ms_MY gap"
"lang\ms_MY\mailmanspip.lang","SuccessToAddToMailmanList","%s successfully added to mailman list %s or SPIP database","","needs_translation","Direct en_US vs ms_MY gap"
"lang\ms_MY\mailmanspip.lang","SuccessToRemoveToMailmanList","%s successfully removed from mailman list %s or SPIP database","","needs_translation","Direct en_US vs ms_MY gap"
"lang\ms_MY\mailmanspip.lang","SynchroMailManEnabled","A Mailman update will be performed","","needs_translation","Direct en_US vs ms_MY gap"
"lang\ms_MY\mailmanspip.lang","SynchroSpipEnabled","A Spip update will be performed","","needs_translation","Direct en_US vs ms_MY gap"
"lang\ms_MY\mailmanspip.lang","TestSubscribe","To test subscription to Mailman lists","","needs_translation","Direct en_US vs ms_MY gap"
"lang\ms_MY\mailmanspip.lang","TestUnSubscribe","To test unsubscribe from Mailman lists","","needs_translation","Direct en_US vs ms_MY gap"
"lang\ms_MY\mails.lang","ActivateCheckReadKey","Key used to encrypt URL used for ""Read Receipt"" and ""Unsubscribe"" feature","","needs_translation","Direct en_US vs ms_MY gap"
"lang\ms_MY\mails.lang","AddAll","Add all","","needs_translation","Direct en_US vs ms_MY gap"
"lang\ms_MY\mails.lang","AddNewNotification","Subscribe to a new automatic email notification (target/event)","","needs_translation","Direct en_US vs ms_MY gap"
"lang\ms_MY\mails.lang","AdvancedAlternative","Advanced alternative","","needs_translation","Direct en_US vs ms_MY gap"
"lang\ms_MY\mails.lang","AdvTgtAddContact","Add emails according to criteria","","needs_translation","Direct en_US vs ms_MY gap"
"lang\ms_MY\mails.lang","AdvTgtContactHelp","Use only if you target contact into ""Type of targeted email""","","needs_translation","Direct en_US vs ms_MY gap"
"lang\ms_MY\mails.lang","AdvTgtCreateFilter","Create filter","","needs_translation","Direct en_US vs ms_MY gap"
"lang\ms_MY\mails.lang","AdvTgtDeleteFilter","Delete filter","","needs_translation","Direct en_US vs ms_MY gap"
"lang\ms_MY\mails.lang","AdvTgtEndDt","End dt.","","needs_translation","Direct en_US vs ms_MY gap"
"lang\ms_MY\mails.lang","AdvTgtLoadFilter","Load filter","","needs_translation","Direct en_US vs ms_MY gap"
"lang\ms_MY\mails.lang","AdvTgtMaxVal","Maximum value","","needs_translation","Direct en_US vs ms_MY gap"
"lang\ms_MY\mails.lang","AdvTgtMinVal","Minimum value","","needs_translation","Direct en_US vs ms_MY gap"
"lang\ms_MY\mails.lang","AdvTgtNameTemplate","Filter name","","needs_translation","Direct en_US vs ms_MY gap"
"lang\ms_MY\mails.lang","AdvTgtOrCreateNewFilter","Name of new filter","","needs_translation","Direct en_US vs ms_MY gap"
"lang\ms_MY\mails.lang","AdvTgtSaveFilter","Update filter","","needs_translation","Direct en_US vs ms_MY gap"
"lang\ms_MY\mails.lang","AdvTgtSearchDtHelp","Use interval to select date value","","needs_translation","Direct en_US vs ms_MY gap"
"lang\ms_MY\mails.lang","AdvTgtSearchIntHelp","Use interval to select int or float value","","needs_translation","Direct en_US vs ms_MY gap"
"lang\ms_MY\mails.lang","AdvTgtSearchTextHelp","Use %% as wildcards. For example to find all item like <b>jean, joe, jim</b>, you can input <b>j%%</b>, you can also use ; as separator for value, and use ! for except this value. For example  <b>jean;joe;jim%%;!jimo;!jima%%</b> will target all jean, joe, start with jim but not jimo and not everything that starts with jima","","needs_translation","Direct en_US vs ms_MY gap"
"lang\ms_MY\mails.lang","AdvTgtStartDt","Start dt.","","needs_translation","Direct en_US vs ms_MY gap"
"lang\ms_MY\mails.lang","AdvTgtTitle","Fill input fields to preselect the third parties or contacts/addresses to target","","needs_translation","Direct en_US vs ms_MY gap"
"lang\ms_MY\mails.lang","AdvTgtTypeOfIncude","Type of targeted email","","needs_translation","Direct en_US vs ms_MY gap"
"lang\ms_MY\mails.lang","AdvTgtTypeOfIncudeHelp","Target Email of third party and email of contact of the third party, or just third-party email or just contact email","","needs_translation","Direct en_US vs ms_MY gap"
"lang\ms_MY\mails.lang","AllEMailings","All mass eMails","","needs_translation","Direct en_US vs ms_MY gap"
"lang\ms_MY\mails.lang","AllRecipientSelected","The recipients of the %s record selected (if their email is known).","","needs_translation","Direct en_US vs ms_MY gap"
"lang\ms_MY\mails.lang","ANotificationsWillBeSent","1 automatic notification will be sent by email","","needs_translation","Direct en_US vs ms_MY gap"
"lang\ms_MY\mails.lang","Answered","Answered","","needs_translation","Direct en_US vs ms_MY gap"
"lang\ms_MY\mails.lang","BadEMail","Bad value for Email","","needs_translation","Direct en_US vs ms_MY gap"
"lang\ms_MY\mails.lang","BodyNotIn","Not in Body","","needs_translation","Direct en_US vs ms_MY gap"
"lang\ms_MY\mails.lang","CloneContent","Clone message","","needs_translation","Direct en_US vs ms_MY gap"
"lang\ms_MY\mails.lang","CloneReceivers","Cloner recipients","","needs_translation","Direct en_US vs ms_MY gap"
"lang\ms_MY\mails.lang","ConfirmCloneEMailing","Are you sure you want to clone this emailing?","","needs_translation","Direct en_US vs ms_MY gap"
"lang\ms_MY\mails.lang","ConfirmDeleteMailing","Are you sure you want to delete this emailing?","","needs_translation","Direct en_US vs ms_MY gap"
"lang\ms_MY\mails.lang","ConfirmResetMailing","Warning, by re-initializing emailing <b>%s</b>, you will allow the re-sending this email in a bulk mailing. Are you sure you want to do this?","","needs_translation","Direct en_US vs ms_MY gap"
"lang\ms_MY\mails.lang","ConfirmResetMailingTargetMassaction","Confirmation of the reset of targets status in error","","needs_translation","Direct en_US vs ms_MY gap"
"lang\ms_MY\mails.lang","ConfirmResetMailingTargetMassactionQuestion","Are you sure you want to reset the status of the selected recipients (this may means that email will be resent if you use the Send email feature of the emailing) ?","","needs_translation","Direct en_US vs ms_MY gap"
"lang\ms_MY\mails.lang","ConfirmSendingEmailing","If you want to send emailing directly from this screen, please confirm you are sure you want to send emailing now from your browser ?","","needs_translation","Direct en_US vs ms_MY gap"
"lang\ms_MY\mails.lang","ConfirmUnvalidateEmailing","Are you sure you want to change email <b>%s</b> to draft status?","","needs_translation","Direct en_US vs ms_MY gap"
"lang\ms_MY\mails.lang","ConfirmValidMailing","Are you sure you want to validate this emailing?","","needs_translation","Direct en_US vs ms_MY gap"
"lang\ms_MY\mails.lang","ContactsWithThirdpartyFilter","Contacts with third-party filter","","needs_translation","Direct en_US vs ms_MY gap"
"lang\ms_MY\mails.lang","ContentOfMailHolder","Content of email goes here...","","needs_translation","Direct en_US vs ms_MY gap"
"lang\ms_MY\mails.lang","CreateMailing","Create mass Email","","needs_translation","Direct en_US vs ms_MY gap"
"lang\ms_MY\mails.lang","DateLastSend","Date of latest sending","","needs_translation","Direct en_US vs ms_MY gap"
"lang\ms_MY\mails.lang","DateSending","Date sending","","needs_translation","Direct en_US vs ms_MY gap"
"lang\ms_MY\mails.lang","DefaultBlacklistMailingStatus","Default value for field '%s' when creating a new contact","","needs_translation","Direct en_US vs ms_MY gap"
"lang\ms_MY\mails.lang","DefaultOutgoingEmailSetup","Same configuration than the global Outgoing email setup","","needs_translation","Direct en_US vs ms_MY gap"
"lang\ms_MY\mails.lang","DefaultStatusEmptyMandatory","Empty but mandatory","","needs_translation","Direct en_US vs ms_MY gap"
"lang\ms_MY\mails.lang","DeleteMailing","Delete mass Email","","needs_translation","Direct en_US vs ms_MY gap"
"lang\ms_MY\mails.lang","DeliveryReceipt","Delivery Ack.","","needs_translation","Direct en_US vs ms_MY gap"
"lang\ms_MY\mails.lang","EditMailing","Edit mass Email","","needs_translation","Direct en_US vs ms_MY gap"
"lang\ms_MY\mails.lang","EmailCollectorFilterDesc","All filters must match to have an email being collected.<br>You can use the character ""!"" before the search string value if you need a negative test","","needs_translation","Direct en_US vs ms_MY gap"
"lang\ms_MY\mails.lang","EMailing","EMailing","","needs_translation","Direct en_US vs ms_MY gap"
"lang\ms_MY\mails.lang","EMailings","Mass EMails","","needs_translation","Direct en_US vs ms_MY gap"
"lang\ms_MY\mails.lang","EMailNotDefined","Email not defined","","needs_translation","Direct en_US vs ms_MY gap"
"lang\ms_MY\mails.lang","EmailOptedOut","Email owner has requested to not contact him with this email anymore","","needs_translation","Direct en_US vs ms_MY gap"
"lang\ms_MY\mails.lang","EMailRecipient","Recipient Email","","needs_translation","Direct en_US vs ms_MY gap"
"lang\ms_MY\mails.lang","EMailSentForNElements","Email sent for %s elements.","","needs_translation","Direct en_US vs ms_MY gap"
"lang\ms_MY\mails.lang","EMailSentToNRecipients","Email sent to %s recipients.","","needs_translation","Direct en_US vs ms_MY gap"
"lang\ms_MY\mails.lang","EMailTestSubstitutionReplacedByGenericValues","When using test mode, substitutions variables are replaced by generic values","","needs_translation","Direct en_US vs ms_MY gap"
"lang\ms_MY\mails.lang","ErrorMailRecipientIsEmpty","Email recipient is empty","","needs_translation","Direct en_US vs ms_MY gap"
"lang\ms_MY\mails.lang","EvenUnsubscribe","Include opt-out emails","","needs_translation","Direct en_US vs ms_MY gap"
"lang\ms_MY\mails.lang","EvenUnsubscribeDesc","Include opt-out emails when you select emails as targets. Useful for mandatory service emails for example.","","needs_translation","Direct en_US vs ms_MY gap"
"lang\ms_MY\mails.lang","ForceEmailFrom","Default email From","","needs_translation","Direct en_US vs ms_MY gap"
"lang\ms_MY\mails.lang","GroupEmails","Group emails","","needs_translation","Direct en_US vs ms_MY gap"
"lang\ms_MY\mails.lang","IdRecord","ID record","","needs_translation","Direct en_US vs ms_MY gap"
"lang\ms_MY\mails.lang","Information","Information","","needs_translation","Direct en_US vs ms_MY gap"
"lang\ms_MY\mails.lang","InGoingEmailSetup","Incoming emails","","needs_translation","Direct en_US vs ms_MY gap"
"lang\ms_MY\mails.lang","IsAnAnswer","Is an answer of an initial email","","needs_translation","Direct en_US vs ms_MY gap"
"lang\ms_MY\mails.lang","IsNotAnAnswer","Is not answer (Is an initial email)","","needs_translation","Direct en_US vs ms_MY gap"
"lang\ms_MY\mails.lang","ItemsCount","Item(s)","","needs_translation","Direct en_US vs ms_MY gap"
"lang\ms_MY\mails.lang","LastMailings","Latest %s mass emails","","needs_translation","Direct en_US vs ms_MY gap"
"lang\ms_MY\mails.lang","LastNews","Latest News","","needs_translation","Direct en_US vs ms_MY gap"
"lang\ms_MY\mails.lang","LastSending","Last sending","","needs_translation","Direct en_US vs ms_MY gap"
"lang\ms_MY\mails.lang","LimitSendingEmailing","Note: Sending of a mass email from web interface is done in several times for security and timeout reasons, <b>%s</b> recipients at a time for each sending session.","","needs_translation","Direct en_US vs ms_MY gap"
"lang\ms_MY\mails.lang","LineInFile","Line %s in file","","needs_translation","Direct en_US vs ms_MY gap"
"lang\ms_MY\mails.lang","ListOfActiveNotifications","Active subscriptions","","needs_translation","Direct en_US vs ms_MY gap"
"lang\ms_MY\mails.lang","ListOfActiveNotificationsHelp","List of couple %s/%s subscribed for automatic email notification","","needs_translation","Direct en_US vs ms_MY gap"
"lang\ms_MY\mails.lang","ListOfEMailings","List of mass Email","","needs_translation","Direct en_US vs ms_MY gap"
"lang\ms_MY\mails.lang","ListOfNotificationsDone","Automatic email notifications sent","","needs_translation","Direct en_US vs ms_MY gap"
"lang\ms_MY\mails.lang","ListOfNotificationsDoneHelp","List of past email notifications sent","","needs_translation","Direct en_US vs ms_MY gap"
"lang\ms_MY\mails.lang","ListProducts"," List of products","","needs_translation","Direct en_US vs ms_MY gap"
"lang\ms_MY\mails.lang","MailAdvTargetRecipients","Recipients (advanced selection)","","needs_translation","Direct en_US vs ms_MY gap"
"lang\ms_MY\mails.lang","MailCard","EMailing card","","needs_translation","Direct en_US vs ms_MY gap"
"lang\ms_MY\mails.lang","MailCC","Copy to","","needs_translation","Direct en_US vs ms_MY gap"
"lang\ms_MY\mails.lang","MailCCC","Cached copy to","","needs_translation","Direct en_US vs ms_MY gap"
"lang\ms_MY\mails.lang","MailDate","Email date","","needs_translation","Direct en_US vs ms_MY gap"
"lang\ms_MY\mails.lang","MailErrorsTo","Errors to","","needs_translation","Direct en_US vs ms_MY gap"
"lang\ms_MY\mails.lang","MailFile","Attached files","","needs_translation","Direct en_US vs ms_MY gap"
"lang\ms_MY\mails.lang","MailFrom","From","","needs_translation","Direct en_US vs ms_MY gap"
"lang\ms_MY\mails.lang","Mailing","EMailing","","needs_translation","Direct en_US vs ms_MY gap"
"lang\ms_MY\mails.lang","MailingAddFile","Attach this file","","needs_translation","Direct en_US vs ms_MY gap"
"lang\ms_MY\mails.lang","MailingArea","Mass Emails","","needs_translation","Direct en_US vs ms_MY gap"
"lang\ms_MY\mails.lang","MailingModuleDescContactsByCategory","Contacts by categories","","needs_translation","Direct en_US vs ms_MY gap"
"lang\ms_MY\mails.lang","MailingModuleDescContactsByCompanyCategory","Contacts by third-party category","","needs_translation","Direct en_US vs ms_MY gap"
"lang\ms_MY\mails.lang","MailingModuleDescContactsByFunction","Contacts by position","","needs_translation","Direct en_US vs ms_MY gap"
"lang\ms_MY\mails.lang","MailingModuleDescContactsWithThirdpartyFilter","Contact with customer filters","","needs_translation","Direct en_US vs ms_MY gap"
"lang\ms_MY\mails.lang","MailingModuleDescDolibarrUsers","Users with Emails","","needs_translation","Direct en_US vs ms_MY gap"
"lang\ms_MY\mails.lang","MailingModuleDescEmailsFromFile","Emails from file","","needs_translation","Direct en_US vs ms_MY gap"
"lang\ms_MY\mails.lang","MailingModuleDescEmailsFromUser","Emails input by user","","needs_translation","Direct en_US vs ms_MY gap"
"lang\ms_MY\mails.lang","MailingModuleDescThirdPartiesByCategories","Third parties","","needs_translation","Direct en_US vs ms_MY gap"
"lang\ms_MY\mails.lang","MailingNeedCommand","Sending an emailing can be performed from command line. Ask your server administrator to launch the following command to send the emailing to all recipients:","","needs_translation","Direct en_US vs ms_MY gap"
"lang\ms_MY\mails.lang","MailingNeedCommand2","You can however send them online by adding parameter MAILING_LIMIT_SENDBYWEB with value of max number of emails you want to send by session. For this, go on Home - Setup - Other.","","needs_translation","Direct en_US vs ms_MY gap"
"lang\ms_MY\mails.lang","MailingNumberOfEmailsPerBatch","Number of emails per batch","","needs_translation","Direct en_US vs ms_MY gap"
"lang\ms_MY\mails.lang","MailingNumberOfEmailsPerBatchHelp","Define the number of emails you want to send for each manual sending action. Warning: An important number of emails can lead to your server being blacklisted.","","needs_translation","Direct en_US vs ms_MY gap"
"lang\ms_MY\mails.lang","MailingOf","EMailing of %s","","needs_translation","Direct en_US vs ms_MY gap"
"lang\ms_MY\mails.lang","MailingStatusDraft","Draft","","needs_translation","Direct en_US vs ms_MY gap"
"lang\ms_MY\mails.lang","MailingStatusError","Error","","needs_translation","Direct en_US vs ms_MY gap"
"lang\ms_MY\mails.lang","MailingStatusNotContact","Don't contact anymore","","needs_translation","Direct en_US vs ms_MY gap"
"lang\ms_MY\mails.lang","MailingStatusNotSent","Not sent","","needs_translation","Direct en_US vs ms_MY gap"
"lang\ms_MY\mails.lang","MailingStatusRead","Read","","needs_translation","Direct en_US vs ms_MY gap"
"lang\ms_MY\mails.lang","MailingStatusReadAndUnsubscribe","Read and unsubscribe","","needs_translation","Direct en_US vs ms_MY gap"
"lang\ms_MY\mails.lang","MailingStatusSent","Sent","","needs_translation","Direct en_US vs ms_MY gap"
"lang\ms_MY\mails.lang","MailingStatusSentCompletely","Sent completely","","needs_translation","Direct en_US vs ms_MY gap"
"lang\ms_MY\mails.lang","MailingStatusSentPartialy","Sent partially","","needs_translation","Direct en_US vs ms_MY gap"
"lang\ms_MY\mails.lang","MailingStatusValidated","Validated","","needs_translation","Direct en_US vs ms_MY gap"
"lang\ms_MY\mails.lang","MailingSuccessfullyValidated","EMailing successfully validated","","needs_translation","Direct en_US vs ms_MY gap"
"lang\ms_MY\mails.lang","MailMessage","Email body","","needs_translation","Direct en_US vs ms_MY gap"
"lang\ms_MY\mails.lang","MailNoChangePossible","Recipients for validated emailing can't be changed","","needs_translation","Direct en_US vs ms_MY gap"
"lang\ms_MY\mails.lang","MailRecipient","Recipient","","needs_translation","Direct en_US vs ms_MY gap"
"lang\ms_MY\mails.lang","MailRecipients","Recipients","","needs_translation","Direct en_US vs ms_MY gap"
"lang\ms_MY\mails.lang","MailReferences","Message IDs in References","","needs_translation","Direct en_US vs ms_MY gap"
"lang\ms_MY\mails.lang","MailReply","Reply to","","needs_translation","Direct en_US vs ms_MY gap"
"lang\ms_MY\mails.lang","MailSelectedRecipients","Selected recipients","","needs_translation","Direct en_US vs ms_MY gap"
"lang\ms_MY\mails.lang","MailSendSetupIs","Configuration of email sending has been setup to '%s'. This mode can't be used to send mass emailing.","","needs_translation","Direct en_US vs ms_MY gap"
"lang\ms_MY\mails.lang","MailSendSetupIs2","You must first go, with an admin account, into menu %sHome - Setup - EMails%s to change parameter <strong>'%s'</strong> to use mode '%s'. With this mode, you can enter setup of the SMTP server provided by your Internet Service Provider and use Mass emailing feature.","","needs_translation","Direct en_US vs ms_MY gap"
"lang\ms_MY\mails.lang","MailSendSetupIs3","If you have any questions on how to setup your SMTP server, you can ask to %s.","","needs_translation","Direct en_US vs ms_MY gap"
"lang\ms_MY\mails.lang","MailSuccessfulySent","Email (from %s to %s) successfully accepted for delivery","","needs_translation","Direct en_US vs ms_MY gap"
"lang\ms_MY\mails.lang","MailText","Message","","needs_translation","Direct en_US vs ms_MY gap"
"lang\ms_MY\mails.lang","MailTitle","Label","","needs_translation","Direct en_US vs ms_MY gap"
"lang\ms_MY\mails.lang","MailTo","To","","needs_translation","Direct en_US vs ms_MY gap"
"lang\ms_MY\mails.lang","MailToCCUsers","Copy to users(s)","","needs_translation","Direct en_US vs ms_MY gap"
"lang\ms_MY\mails.lang","MailTopic","Email subject","","needs_translation","Direct en_US vs ms_MY gap"
"lang\ms_MY\mails.lang","MailTopicShort","Subject","","needs_translation","Direct en_US vs ms_MY gap"
"lang\ms_MY\mails.lang","MailToUsers","To user(s)","","needs_translation","Direct en_US vs ms_MY gap"
"lang\ms_MY\mails.lang","MailUnsubcribe","Unsubscribe","","needs_translation","Direct en_US vs ms_MY gap"
"lang\ms_MY\mails.lang","ModelTemplate","Email template","","needs_translation","Direct en_US vs ms_MY gap"
"lang\ms_MY\mails.lang","NbIgnored","Number ignored","","needs_translation","Direct en_US vs ms_MY gap"
"lang\ms_MY\mails.lang","NbOfCompaniesContacts","Unique contacts/addresses","","needs_translation","Direct en_US vs ms_MY gap"
"lang\ms_MY\mails.lang","NbOfEMailingsReceived","Mass emails received","","needs_translation","Direct en_US vs ms_MY gap"
"lang\ms_MY\mails.lang","NbOfEMailingsSend","Mass emails sent","","needs_translation","Direct en_US vs ms_MY gap"
"lang\ms_MY\mails.lang","NbOfEMails","No. of EMails","","needs_translation","Direct en_US vs ms_MY gap"
"lang\ms_MY\mails.lang","NbOfTargetedContacts","Current number of targeted contact emails","","needs_translation","Direct en_US vs ms_MY gap"
"lang\ms_MY\mails.lang","NbOfUniqueEMails","No. of unique emails","","needs_translation","Direct en_US vs ms_MY gap"
"lang\ms_MY\mails.lang","NbOfUniquePhones","No. of unique phones","","needs_translation","Direct en_US vs ms_MY gap"
"lang\ms_MY\mails.lang","NbSelected","Number selected","","needs_translation","Direct en_US vs ms_MY gap"
"lang\ms_MY\mails.lang","NbSent","Number sent","","needs_translation","Direct en_US vs ms_MY gap"
"lang\ms_MY\mails.lang","NewMailing","New mass Email","","needs_translation","Direct en_US vs ms_MY gap"
"lang\ms_MY\mails.lang","NewSMSing","New smsing","","needs_translation","Direct en_US vs ms_MY gap"
"lang\ms_MY\mails.lang","NoAttachedFiles","No attached files","","needs_translation","Direct en_US vs ms_MY gap"
"lang\ms_MY\mails.lang","NoContactLinkedToThirdpartieWithCategoryFound","No category found linked to some thirdparties","","needs_translation","Direct en_US vs ms_MY gap"
"lang\ms_MY\mails.lang","NoContactWithCategoryFound","No category found linked to some contacts/addresses","","needs_translation","Direct en_US vs ms_MY gap"
"lang\ms_MY\mails.lang","NoEmailSentBadSenderOrRecipientEmail","No email sent. Bad sender or recipient email. Verify user profile.","","needs_translation","Direct en_US vs ms_MY gap"
"lang\ms_MY\mails.lang","NoMoreRecipientToSendTo","No more recipient to send the email to","","needs_translation","Direct en_US vs ms_MY gap"
"lang\ms_MY\mails.lang","NoNotificationsWillBeSent","No automatic email notifications are planned for this event type and company","","needs_translation","Direct en_US vs ms_MY gap"
"lang\ms_MY\mails.lang","NoRecipientEmail","No recipient email for %s","","needs_translation","Direct en_US vs ms_MY gap"
"lang\ms_MY\mails.lang","NoTargetYet","No recipients defined yet (Go on tab 'Recipients')","","needs_translation","Direct en_US vs ms_MY gap"
"lang\ms_MY\mails.lang","Notifications","Notifications","","needs_translation","Direct en_US vs ms_MY gap"
"lang\ms_MY\mails.lang","NotificationsAuto","Notifications Auto.","","needs_translation","Direct en_US vs ms_MY gap"
"lang\ms_MY\mails.lang","OneEmailPerRecipient","One email per recipient (by default, one email per record selected)","","needs_translation","Direct en_US vs ms_MY gap"
"lang\ms_MY\mails.lang","OnlyPDFattachmentSupported","If the PDF documents were already generated for the objects to send, they will be attached to email. If not, no email will be sent (also, note that only pdf documents are supported as attachments in mass sending in this version).","","needs_translation","Direct en_US vs ms_MY gap"
"lang\ms_MY\mails.lang","OutGoingEmailSetup","Outgoing emails","","needs_translation","Direct en_US vs ms_MY gap"
"lang\ms_MY\mails.lang","OutGoingEmailSetupForEmailing","Outgoing emails (%s)","","needs_translation","Direct en_US vs ms_MY gap"
"lang\ms_MY\mails.lang","PasswordReset","Password reset","","needs_translation","Direct en_US vs ms_MY gap"
"lang\ms_MY\mails.lang","PhoneFrom","From","","needs_translation","Direct en_US vs ms_MY gap"
"lang\ms_MY\mails.lang","PreviewMailing","Preview mass Email","","needs_translation","Direct en_US vs ms_MY gap"
"lang\ms_MY\mails.lang","RecipientSelectionModules","Defined requests for recipient's selection","","needs_translation","Direct en_US vs ms_MY gap"
"lang\ms_MY\mails.lang","RecordCreatedByEmailCollector","Record created by the Email Collector %s","","needs_translation","Direct en_US vs ms_MY gap"
"lang\ms_MY\mails.lang","RemoveAll","Remove all","","needs_translation","Direct en_US vs ms_MY gap"
"lang\ms_MY\mails.lang","RemoveRecipient","Remove recipient","","needs_translation","Direct en_US vs ms_MY gap"
"lang\ms_MY\mails.lang","ResetMailing","Resend mass Email","","needs_translation","Direct en_US vs ms_MY gap"
"lang\ms_MY\mails.lang","ResetMailingTargetMassaction","Reset status in error","","needs_translation","Direct en_US vs ms_MY gap"
"lang\ms_MY\mails.lang","ResultOfMailSending","Result of mass Email sending","","needs_translation","Direct en_US vs ms_MY gap"
"lang\ms_MY\mails.lang","SearchAMailing","Search a mass Email","","needs_translation","Direct en_US vs ms_MY gap"
"lang\ms_MY\mails.lang","SelectOneArticleOrEnterYourOwnContent","Select one product or service or enter your own text...","","needs_translation","Direct en_US vs ms_MY gap"
"lang\ms_MY\mails.lang","SelectSomeArticlesOrEnterYourOwnContent","Select your articles or enter your own text...","","needs_translation","Direct en_US vs ms_MY gap"
"lang\ms_MY\mails.lang","SendingFromWebInterfaceIsNotAllowed","Sending from web interface is not allowed.","","needs_translation","Direct en_US vs ms_MY gap"
"lang\ms_MY\mails.lang","SendMailing","Send mass Email","","needs_translation","Direct en_US vs ms_MY gap"
"lang\ms_MY\mails.lang","SentBy","Sent by","","needs_translation","Direct en_US vs ms_MY gap"
"lang\ms_MY\mails.lang","SentTo","Sent to <b>%s</b>","","needs_translation","Direct en_US vs ms_MY gap"
"lang\ms_MY\mails.lang","SentXXXmessages","%s message(s) sent.","","needs_translation","Direct en_US vs ms_MY gap"
"lang\ms_MY\mails.lang","ShowEMailing","Show mass Email","","needs_translation","Direct en_US vs ms_MY gap"
"lang\ms_MY\mails.lang","SMSings","SMSings","","needs_translation","Direct en_US vs ms_MY gap"
"lang\ms_MY\mails.lang","SomeNotificationsWillBeSent","%s automatic notifications will be sent by email","","needs_translation","Direct en_US vs ms_MY gap"
"lang\ms_MY\mails.lang","SubjectNotIn","Not in Subject","","needs_translation","Direct en_US vs ms_MY gap"
"lang\ms_MY\mails.lang","TagCheckMail","Invisible link to track mail opening","","needs_translation","Direct en_US vs ms_MY gap"
"lang\ms_MY\mails.lang","TagMailtoEmail","Recipient Email (including html ""mailto:"" link)","","needs_translation","Direct en_US vs ms_MY gap"
"lang\ms_MY\mails.lang","TagSignature","Signature of sending user","","needs_translation","Direct en_US vs ms_MY gap"
"lang\ms_MY\mails.lang","TagUnsubscribe","Unsubscribe link","","needs_translation","Direct en_US vs ms_MY gap"
"lang\ms_MY\mails.lang","TargetsReset","Clear list","","needs_translation","Direct en_US vs ms_MY gap"
"lang\ms_MY\mails.lang","TargetsStatistics","Targets statistics","","needs_translation","Direct en_US vs ms_MY gap"
"lang\ms_MY\mails.lang","TestMailing","Test","","needs_translation","Direct en_US vs ms_MY gap"
"lang\ms_MY\mails.lang","TitleOfMailHolder","Title of the e-mail goes here","","needs_translation","Direct en_US vs ms_MY gap"
"lang\ms_MY\mails.lang","ToAddRecipientsChooseHere","Add recipients by choosing from the lists","","needs_translation","Direct en_US vs ms_MY gap"
"lang\ms_MY\mails.lang","ToClearAllRecipientsClickHere","Click here to clear the recipient list for this emailing","","needs_translation","Direct en_US vs ms_MY gap"
"lang\ms_MY\mails.lang","TotalNbOfDistinctRecipients","Number of distinct recipients","","needs_translation","Direct en_US vs ms_MY gap"
"lang\ms_MY\mails.lang","Unanswered","Unanswered","","needs_translation","Direct en_US vs ms_MY gap"
"lang\ms_MY\mails.lang","UseFormatFileEmailToTarget","Imported file must have format <strong>email;name;firstname;other</strong>","","needs_translation","Direct en_US vs ms_MY gap"
"lang\ms_MY\mails.lang","UseFormatInputEmailToTarget","Enter a string with format <strong>email;name;firstname;other</strong>","","needs_translation","Direct en_US vs ms_MY gap"
"lang\ms_MY\mails.lang","ValidMailing","Valid mass Email","","needs_translation","Direct en_US vs ms_MY gap"
"lang\ms_MY\mails.lang","WarningIfYouCheckOneRecipientPerEmail","Warning, if you check this box, it means only one email will be sent for several different record selected, so, if your message contains substitution variables that refers to data of a record, it becomes not possible to replace them.","","needs_translation","Direct en_US vs ms_MY gap"
"lang\ms_MY\mails.lang","WarningLimitSendByDay","WARNING: The setup or contract of your instance limits your number of emails per day to <b>%s</b>. Trying to send more may result in having your instance slow down or suspended. Please contact your support if you need a higher quota.","","needs_translation","Direct en_US vs ms_MY gap"
"lang\ms_MY\mails.lang","WarningNoEMailsAdded","No new Email to add to recipient's list.","","needs_translation","Direct en_US vs ms_MY gap"
"lang\ms_MY\mails.lang","XEmailsDoneYActionsDone","%s emails pre-qualified, %s emails successfully processed (for %s operations done)","","needs_translation","Direct en_US vs ms_MY gap"
"lang\ms_MY\mails.lang","XTargetsAdded","<b>%s</b> recipients added into target list","","needs_translation","Direct en_US vs ms_MY gap"
"lang\ms_MY\mails.lang","YouCanAddYourOwnPredefindedListHere","To create your email selector module, see htdocs/core/modules/mailings/README.","","needs_translation","Direct en_US vs ms_MY gap"
"lang\ms_MY\mails.lang","YouCanAlsoUseSupervisorKeyword","You can also add the keyword <strong>__SUPERVISOREMAIL__</strong> to have email being sent to the supervisor of user (works only if an email is defined for this supervisor)","","needs_translation","Direct en_US vs ms_MY gap"
"lang\ms_MY\mails.lang","YouCanChooseAModelForYouMailContent"," You can choose one of template models or generate one with AI","","needs_translation","Direct en_US vs ms_MY gap"
"lang\ms_MY\mails.lang","YouCanMakeSomeInstructionForEmail","You can make some instructions for your Email (Example: generate image in email template...)","","needs_translation","Direct en_US vs ms_MY gap"
"lang\ms_MY\mails.lang","YouCanUseCommaSeparatorForSeveralRecipients","You can use the <b>comma</b> separator to specify several recipients.","","needs_translation","Direct en_US vs ms_MY gap"
"lang\ms_MY\mails.lang","YourMailUnsubcribeOK","The email <b>%s</b>  is correctly unsubscribe from mailing list","","needs_translation","Direct en_US vs ms_MY gap"
"lang\ms_MY\main.lang","About","About","","needs_translation","Direct en_US vs ms_MY gap"
"lang\ms_MY\main.lang","Access","Access","","needs_translation","Direct en_US vs ms_MY gap"
"lang\ms_MY\main.lang","AccountancyCode","Accounting Code","","needs_translation","Direct en_US vs ms_MY gap"
"lang\ms_MY\main.lang","Action","Event","","needs_translation","Direct en_US vs ms_MY gap"
"lang\ms_MY\main.lang","ActionsToDo","Events to do","","needs_translation","Direct en_US vs ms_MY gap"
"lang\ms_MY\main.lang","Activate","Activate","","needs_translation","Direct en_US vs ms_MY gap"
"lang\ms_MY\main.lang","AddFile","Add file","","needs_translation","Direct en_US vs ms_MY gap"
"lang\ms_MY\main.lang","Administrator","System administrator","","needs_translation","Direct en_US vs ms_MY gap"
"lang\ms_MY\main.lang","AdminTools","Admin Tools","","needs_translation","Direct en_US vs ms_MY gap"
"lang\ms_MY\main.lang","Afternoon","Afternoon","","needs_translation","Direct en_US vs ms_MY gap"
"lang\ms_MY\main.lang","Alert","Alert","","needs_translation","Direct en_US vs ms_MY gap"
"lang\ms_MY\main.lang","Apply","Apply","","needs_translation","Direct en_US vs ms_MY gap"
"lang\ms_MY\main.lang","Approve","Approve","","needs_translation","Direct en_US vs ms_MY gap"
"lang\ms_MY\main.lang","ApprovedBy","Approved by","","needs_translation","Direct en_US vs ms_MY gap"
"lang\ms_MY\main.lang","Archives","Archives","","needs_translation","Direct en_US vs ms_MY gap"
"lang\ms_MY\main.lang","AssignedTo","Assigned to","","needs_translation","Direct en_US vs ms_MY gap"
"lang\ms_MY\main.lang","AttachedFiles","Attached files and documents","","needs_translation","Direct en_US vs ms_MY gap"
"lang\ms_MY\main.lang","Author","Author","","needs_translation","Direct en_US vs ms_MY gap"
"lang\ms_MY\main.lang","Available","Available","","needs_translation","Direct en_US vs ms_MY gap"
"lang\ms_MY\main.lang","BICustomReports","BI - Custom reports","","needs_translation","Direct en_US vs ms_MY gap"
"lang\ms_MY\main.lang","Calendar","Calendar","","needs_translation","Direct en_US vs ms_MY gap"
"lang\ms_MY\main.lang","Comment","Comment","","needs_translation","Direct en_US vs ms_MY gap"
"lang\ms_MY\main.lang","CommentDeleted","Comment deleted","","needs_translation","Direct en_US vs ms_MY gap"
"lang\ms_MY\main.lang","Comments","Comments","","needs_translation","Direct en_US vs ms_MY gap"
"lang\ms_MY\main.lang","Completed","Completed","","needs_translation","Direct en_US vs ms_MY gap"
"lang\ms_MY\main.lang","Copy","Copy","","needs_translation","Direct en_US vs ms_MY gap"
"lang\ms_MY\main.lang","CreditCard","Credit card","","needs_translation","Direct en_US vs ms_MY gap"
"lang\ms_MY\main.lang","DateOfBirth","Date of birth","","needs_translation","Direct en_US vs ms_MY gap"
"lang\ms_MY\main.lang","Day","Day","","needs_translation","Direct en_US vs ms_MY gap"
"lang\ms_MY\main.lang","Deadline","Deadline","","needs_translation","Direct en_US vs ms_MY gap"
"lang\ms_MY\main.lang","Default","Default","","needs_translation","Direct en_US vs ms_MY gap"
"lang\ms_MY\main.lang","DeleteLine","Delete line","","needs_translation","Direct en_US vs ms_MY gap"
"lang\ms_MY\main.lang","DisabledModules","Disabled modules","","needs_translation","Direct en_US vs ms_MY gap"
"lang\ms_MY\main.lang","Discount","Discount","","needs_translation","Direct en_US vs ms_MY gap"
"lang\ms_MY\main.lang","Done","Done","","needs_translation","Direct en_US vs ms_MY gap"
"lang\ms_MY\main.lang","DownloadDocument","Download document","","needs_translation","Direct en_US vs ms_MY gap"
"lang\ms_MY\main.lang","Drafts","Drafts","","needs_translation","Direct en_US vs ms_MY gap"
"lang\ms_MY\main.lang","Duration","Duration","","needs_translation","Direct en_US vs ms_MY gap"
"lang\ms_MY\main.lang","Efficiency","Efficiency","","needs_translation","Direct en_US vs ms_MY gap"
"lang\ms_MY\main.lang","Encrypted","Encrypted","","needs_translation","Direct en_US vs ms_MY gap"
"lang\ms_MY\main.lang","Entities","Entities","","needs_translation","Direct en_US vs ms_MY gap"
"lang\ms_MY\main.lang","Entity","Environment","","needs_translation","Direct en_US vs ms_MY gap"
"lang\ms_MY\main.lang","Errors","Errors","","needs_translation","Direct en_US vs ms_MY gap"
"lang\ms_MY\main.lang","Event","Event","","needs_translation","Direct en_US vs ms_MY gap"
"lang\ms_MY\main.lang","Events","Events","","needs_translation","Direct en_US vs ms_MY gap"
"lang\ms_MY\main.lang","ExpenseReport","Expense report","","needs_translation","Direct en_US vs ms_MY gap"
"lang\ms_MY\main.lang","ExpenseReports","Expense reports","","needs_translation","Direct en_US vs ms_MY gap"
"lang\ms_MY\main.lang","Exports","Exports","","needs_translation","Direct en_US vs ms_MY gap"
"lang\ms_MY\main.lang","FileRenamed","The file was successfully renamed","","needs_translation","Direct en_US vs ms_MY gap"
"lang\ms_MY\main.lang","FileUploaded","The file was successfully uploaded","","needs_translation","Direct en_US vs ms_MY gap"
"lang\ms_MY\main.lang","Filter","Filter","","needs_translation","Direct en_US vs ms_MY gap"
"lang\ms_MY\main.lang","Filters","Filters","","needs_translation","Direct en_US vs ms_MY gap"
"lang\ms_MY\main.lang","Gender","Gender","","needs_translation","Direct en_US vs ms_MY gap"
"lang\ms_MY\main.lang","Group","Group","","needs_translation","Direct en_US vs ms_MY gap"
"lang\ms_MY\main.lang","Hidden","Hidden","","needs_translation","Direct en_US vs ms_MY gap"
"lang\ms_MY\main.lang","HomePage","Home Page","","needs_translation","Direct en_US vs ms_MY gap"
"lang\ms_MY\main.lang","HR","HR","","needs_translation","Direct en_US vs ms_MY gap"
"lang\ms_MY\main.lang","InProgress","In progress","","needs_translation","Direct en_US vs ms_MY gap"
"lang\ms_MY\main.lang","Inventory","Inventory","","needs_translation","Direct en_US vs ms_MY gap"
"lang\ms_MY\main.lang","InvoiceSubtype","Invoice subtype","","needs_translation","Direct en_US vs ms_MY gap"
"lang\ms_MY\main.lang","Layout","Layout","","needs_translation","Direct en_US vs ms_MY gap"
"lang\ms_MY\main.lang","Lead","Lead","","needs_translation","Direct en_US vs ms_MY gap"
"lang\ms_MY\main.lang","Leads","Leads","","needs_translation","Direct en_US vs ms_MY gap"
"lang\ms_MY\main.lang","Line","Line","","needs_translation","Direct en_US vs ms_MY gap"
"lang\ms_MY\main.lang","Link","Link","","needs_translation","Direct en_US vs ms_MY gap"
"lang\ms_MY\main.lang","Links","Links","","needs_translation","Direct en_US vs ms_MY gap"
"lang\ms_MY\main.lang","Logout","Logout","","needs_translation","Direct en_US vs ms_MY gap"
"lang\ms_MY\main.lang","MenuManager","Menu manager","","needs_translation","Direct en_US vs ms_MY gap"
"lang\ms_MY\main.lang","Message","Message","","needs_translation","Direct en_US vs ms_MY gap"
"lang\ms_MY\main.lang","Method","Method","","needs_translation","Direct en_US vs ms_MY gap"
"lang\ms_MY\main.lang","Module","Module/Application","","needs_translation","Direct en_US vs ms_MY gap"
"lang\ms_MY\main.lang","ModuleBuilder","Module and Application Builder","","needs_translation","Direct en_US vs ms_MY gap"
"lang\ms_MY\main.lang","Month","Month","","needs_translation","Direct en_US vs ms_MY gap"
"lang\ms_MY\main.lang","Monthly","Monthly","","needs_translation","Direct en_US vs ms_MY gap"
"lang\ms_MY\main.lang","Morning","Morning","","needs_translation","Direct en_US vs ms_MY gap"
"lang\ms_MY\main.lang","NewObject","New %s","","needs_translation","Direct en_US vs ms_MY gap"
"lang\ms_MY\main.lang","NoFileFound","No documents uploaded","","needs_translation","Direct en_US vs ms_MY gap"
"lang\ms_MY\main.lang","NotAllowed","Not allowed","","needs_translation","Direct en_US vs ms_MY gap"
"lang\ms_MY\main.lang","NotSent","Not sent","","needs_translation","Direct en_US vs ms_MY gap"
"lang\ms_MY\main.lang","Optional","Optional","","needs_translation","Direct en_US vs ms_MY gap"
"lang\ms_MY\main.lang","Origin","Origin","","needs_translation","Direct en_US vs ms_MY gap"
"lang\ms_MY\main.lang","Other","Other","","needs_translation","Direct en_US vs ms_MY gap"
"lang\ms_MY\main.lang","OutOfDate","Out-of-date","","needs_translation","Direct en_US vs ms_MY gap"
"lang\ms_MY\main.lang","Page","Page","","needs_translation","Direct en_US vs ms_MY gap"
"lang\ms_MY\main.lang","Parameter","Parameter","","needs_translation","Direct en_US vs ms_MY gap"
"lang\ms_MY\main.lang","Parameters","Parameters","","needs_translation","Direct en_US vs ms_MY gap"
"lang\ms_MY\main.lang","Password","Password","","needs_translation","Direct en_US vs ms_MY gap"
"lang\ms_MY\main.lang","Period","Period","","needs_translation","Direct en_US vs ms_MY gap"
"lang\ms_MY\main.lang","Position","Position","","needs_translation","Direct en_US vs ms_MY gap"
"lang\ms_MY\main.lang","Preview","Preview","","needs_translation","Direct en_US vs ms_MY gap"
"lang\ms_MY\main.lang","PrintFile","Print File %s","","needs_translation","Direct en_US vs ms_MY gap"
"lang\ms_MY\main.lang","Priority","Priority","","needs_translation","Direct en_US vs ms_MY gap"
"lang\ms_MY\main.lang","Private","Private","","needs_translation","Direct en_US vs ms_MY gap"
"lang\ms_MY\main.lang","Progress","Progress","","needs_translation","Direct en_US vs ms_MY gap"
"lang\ms_MY\main.lang","Quarter","Quarter","","needs_translation","Direct en_US vs ms_MY gap"
"lang\ms_MY\main.lang","Reason","Reason","","needs_translation","Direct en_US vs ms_MY gap"
"lang\ms_MY\main.lang","Refresh","Refresh","","needs_translation","Direct en_US vs ms_MY gap"
"lang\ms_MY\main.lang","Report","Report","","needs_translation","Direct en_US vs ms_MY gap"
"lang\ms_MY\main.lang","ReportDescription","Description","","needs_translation","Direct en_US vs ms_MY gap"
"lang\ms_MY\main.lang","Reporting","Reporting","","needs_translation","Direct en_US vs ms_MY gap"
"lang\ms_MY\main.lang","ReportName","Report name","","needs_translation","Direct en_US vs ms_MY gap"
"lang\ms_MY\main.lang","Reports","Reports","","needs_translation","Direct en_US vs ms_MY gap"
"lang\ms_MY\main.lang","RequiredField","Required field","","needs_translation","Direct en_US vs ms_MY gap"
"lang\ms_MY\main.lang","Reset","Reset","","needs_translation","Direct en_US vs ms_MY gap"
"lang\ms_MY\main.lang","Resources","Resources","","needs_translation","Direct en_US vs ms_MY gap"
"lang\ms_MY\main.lang","SelectAction","Select action","","needs_translation","Direct en_US vs ms_MY gap"
"lang\ms_MY\main.lang","SendByMail","Send by email","","needs_translation","Direct en_US vs ms_MY gap"
"lang\ms_MY\main.lang","SendMail","Send email","","needs_translation","Direct en_US vs ms_MY gap"
"lang\ms_MY\main.lang","Settings","Settings","","needs_translation","Direct en_US vs ms_MY gap"
"lang\ms_MY\main.lang","Signature","Signature","","needs_translation","Direct en_US vs ms_MY gap"
"lang\ms_MY\main.lang","Source","Source","","needs_translation","Direct en_US vs ms_MY gap"
"lang\ms_MY\main.lang","Summary","Summary","","needs_translation","Direct en_US vs ms_MY gap"
"lang\ms_MY\main.lang","SystemTools","System tools","","needs_translation","Direct en_US vs ms_MY gap"
"lang\ms_MY\main.lang","Title","Title","","needs_translation","Direct en_US vs ms_MY gap"
"lang\ms_MY\main.lang","Token","Token","","needs_translation","Direct en_US vs ms_MY gap"
"lang\ms_MY\main.lang","Tomorrow","Tomorrow","","needs_translation","Direct en_US vs ms_MY gap"
"lang\ms_MY\main.lang","TotalHT","Total (excl. tax)","","needs_translation","Direct en_US vs ms_MY gap"
"lang\ms_MY\main.lang","TotalTTC","Total (inc. tax)","","needs_translation","Direct en_US vs ms_MY gap"
"lang\ms_MY\main.lang","TotalVAT","Total tax","","needs_translation","Direct en_US vs ms_MY gap"
"lang\ms_MY\main.lang","Translation","Translation","","needs_translation","Direct en_US vs ms_MY gap"
"lang\ms_MY\main.lang","Translations","Translations","","needs_translation","Direct en_US vs ms_MY gap"
"lang\ms_MY\main.lang","UnitPrice","Unit price","","needs_translation","Direct en_US vs ms_MY gap"
"lang\ms_MY\main.lang","UploadFile","Direct import of documents","","needs_translation","Direct en_US vs ms_MY gap"
"lang\ms_MY\main.lang","UpToDate","Up-to-date","","needs_translation","Direct en_US vs ms_MY gap"
"lang\ms_MY\main.lang","User","User","","needs_translation","Direct en_US vs ms_MY gap"
"lang\ms_MY\main.lang","UserGroup","User group","","needs_translation","Direct en_US vs ms_MY gap"
"lang\ms_MY\main.lang","UserGroups","User groups","","needs_translation","Direct en_US vs ms_MY gap"
"lang\ms_MY\main.lang","ValidatePayment","Validate payment","","needs_translation","Direct en_US vs ms_MY gap"
"lang\ms_MY\main.lang","ValidUntil","Valid until","","needs_translation","Direct en_US vs ms_MY gap"
"lang\ms_MY\main.lang","Value","Value","","needs_translation","Direct en_US vs ms_MY gap"
"lang\ms_MY\main.lang","VAT","Sales tax","","needs_translation","Direct en_US vs ms_MY gap"
"lang\ms_MY\main.lang","VATAmount","VAT amount","","needs_translation","Direct en_US vs ms_MY gap"
"lang\ms_MY\main.lang","VATRate","Tax Rate","","needs_translation","Direct en_US vs ms_MY gap"
"lang\ms_MY\main.lang","VATs","Sales taxes","","needs_translation","Direct en_US vs ms_MY gap"
"lang\ms_MY\main.lang","Warnings","Warnings","","needs_translation","Direct en_US vs ms_MY gap"
"lang\ms_MY\main.lang","Week","Week","","needs_translation","Direct en_US vs ms_MY gap"
"lang\ms_MY\main.lang","Year","Year","","needs_translation","Direct en_US vs ms_MY gap"
"lang\ms_MY\main.lang","Yesterday","Yesterday","","needs_translation","Direct en_US vs ms_MY gap"
"lang\ms_MY\margins.lang","AgentContactType","Commercial agent contact type","","needs_translation","Direct en_US vs ms_MY gap"
"lang\ms_MY\margins.lang","AgentContactTypeDetails","Define what contact type (linked on invoices) will be used for margin report per contact/address. Note that reading statistics on a contact is not reliable since in most cases the contact may not be defined explicitly on the invoices.","","needs_translation","Direct en_US vs ms_MY gap"
"lang\ms_MY\margins.lang","AllProducts","All products and services","","needs_translation","Direct en_US vs ms_MY gap"
"lang\ms_MY\margins.lang","Charges","Charges","","needs_translation","Direct en_US vs ms_MY gap"
"lang\ms_MY\margins.lang","CheckMargins","Margins detail","","needs_translation","Direct en_US vs ms_MY gap"
"lang\ms_MY\margins.lang","ChooseProduct/Service","Choose product or service","","needs_translation","Direct en_US vs ms_MY gap"
"lang\ms_MY\margins.lang","ContactOfInvoice","Contact of invoice","","needs_translation","Direct en_US vs ms_MY gap"
"lang\ms_MY\margins.lang","CostPrice","Cost price","","needs_translation","Direct en_US vs ms_MY gap"
"lang\ms_MY\margins.lang","CustomerMargins","Customer margins","","needs_translation","Direct en_US vs ms_MY gap"
"lang\ms_MY\margins.lang","DisplayMarginRates","Display margin rates","","needs_translation","Direct en_US vs ms_MY gap"
"lang\ms_MY\margins.lang","DisplayMarkRates","Display mark rates","","needs_translation","Direct en_US vs ms_MY gap"
"lang\ms_MY\margins.lang","ForceBuyingPriceIfNull","Force buying/cost price to selling price if not defined","","needs_translation","Direct en_US vs ms_MY gap"
"lang\ms_MY\margins.lang","ForceBuyingPriceIfNullDetails","If buying/cost price not provided when we add a new line, and this option is ""ON"", the margin will be 0%% on the new line (buying/cost price = selling price). If this option is ""OFF"" (recommended), margin will be equal to the value suggested by default (and may be 100%% if no default value can be found).","","needs_translation","Direct en_US vs ms_MY gap"
"lang\ms_MY\margins.lang","InputPrice","Input price","","needs_translation","Direct en_US vs ms_MY gap"
"lang\ms_MY\margins.lang","margesSetup","Profit margins management setup","","needs_translation","Direct en_US vs ms_MY gap"
"lang\ms_MY\margins.lang","MargeType1","Margin on Best vendor price","","needs_translation","Direct en_US vs ms_MY gap"
"lang\ms_MY\margins.lang","MargeType2","Margin on Weighted Average Price (WAP)","","needs_translation","Direct en_US vs ms_MY gap"
"lang\ms_MY\margins.lang","MargeType3","Margin on Cost Price","","needs_translation","Direct en_US vs ms_MY gap"
"lang\ms_MY\margins.lang","Margin","Margin","","needs_translation","Direct en_US vs ms_MY gap"
"lang\ms_MY\margins.lang","MARGIN_METHODE_FOR_DISCOUNT","Margin method for global discounts","","needs_translation","Direct en_US vs ms_MY gap"
"lang\ms_MY\margins.lang","MARGIN_METHODE_FOR_DISCOUNT_DETAILS","Defines if a global discount is treated as a product, a service, or only on subtotal for margin calculation.","","needs_translation","Direct en_US vs ms_MY gap"
"lang\ms_MY\margins.lang","MARGIN_TYPE","Buying/Cost price suggested by default for margin calculation","","needs_translation","Direct en_US vs ms_MY gap"
"lang\ms_MY\margins.lang","MarginDetails","Margin details","","needs_translation","Direct en_US vs ms_MY gap"
"lang\ms_MY\margins.lang","MarginOnProducts","Margin / Products","","needs_translation","Direct en_US vs ms_MY gap"
"lang\ms_MY\margins.lang","MarginOnServices","Margin / Services","","needs_translation","Direct en_US vs ms_MY gap"
"lang\ms_MY\margins.lang","MarginPerSaleRepresentativeWarning","The report of margin per user use the link between third parties and sale representatives to calculate the margin of each sale representative. Because some thirdparties may not have any dedicated sale representative and some third parties may be linked to several, some amounts may not be included into this report (if there is no sale representative) and some may appear on different lines (for each sale representative).","","needs_translation","Direct en_US vs ms_MY gap"
"lang\ms_MY\margins.lang","MarginRate","Margin rate","","needs_translation","Direct en_US vs ms_MY gap"
"lang\ms_MY\margins.lang","Margins","Margins","","needs_translation","Direct en_US vs ms_MY gap"
"lang\ms_MY\margins.lang","MarginTypeDesc","* Margin on best buying price = Selling price - Best vendor price defined on product card<br>* Margin on Weighted Average Price (WAP) = Selling price - Product Weighted Average Price (WAP) or best vendor price if WAP not yet defined<br>* Margin on Cost price = Selling price - Cost price defined on product card or WAP if cost price not defined, or best vendor price if WAP not yet defined","","needs_translation","Direct en_US vs ms_MY gap"
"lang\ms_MY\margins.lang","MarkRate","Mark rate","","needs_translation","Direct en_US vs ms_MY gap"
"lang\ms_MY\margins.lang","markRateShouldBeLesserThan100","Mark rate should be lower than 100","","needs_translation","Direct en_US vs ms_MY gap"
"lang\ms_MY\margins.lang","ModifyMarginRates","Modify margin rates","","needs_translation","Direct en_US vs ms_MY gap"
"lang\ms_MY\margins.lang","ProductMargins","Product margins","","needs_translation","Direct en_US vs ms_MY gap"
"lang\ms_MY\margins.lang","ProductService","Product or Service","","needs_translation","Direct en_US vs ms_MY gap"
"lang\ms_MY\margins.lang","rateMustBeNumeric","Rate must be a numeric value","","needs_translation","Direct en_US vs ms_MY gap"
"lang\ms_MY\margins.lang","SalesRepresentativeMargins","Sales representative margins","","needs_translation","Direct en_US vs ms_MY gap"
"lang\ms_MY\margins.lang","ShowMarginInfos","Show margin infos","","needs_translation","Direct en_US vs ms_MY gap"
"lang\ms_MY\margins.lang","TotalMargin","Total Margin","","needs_translation","Direct en_US vs ms_MY gap"
"lang\ms_MY\margins.lang","UnitCharges","Unit charges","","needs_translation","Direct en_US vs ms_MY gap"
"lang\ms_MY\margins.lang","UseDiscountAsProduct","As a product","","needs_translation","Direct en_US vs ms_MY gap"
"lang\ms_MY\margins.lang","UseDiscountAsService","As a service","","needs_translation","Direct en_US vs ms_MY gap"
"lang\ms_MY\margins.lang","UseDiscountOnTotal","On subtotal","","needs_translation","Direct en_US vs ms_MY gap"
"lang\ms_MY\margins.lang","UserMargins","User margins","","needs_translation","Direct en_US vs ms_MY gap"
"lang\ms_MY\members.lang","AddSubscription","Create contribution","","needs_translation","Direct en_US vs ms_MY gap"
"lang\ms_MY\members.lang","ADHERENT_PRODUCT_ID_FOR_SUBSCRIPTIONS","Product used for membership line into invoice: %s","","needs_translation","Direct en_US vs ms_MY gap"
"lang\ms_MY\members.lang","AmountIsLowerToMinimumNotice","The amount is lower than the minimum %s","","needs_translation","Direct en_US vs ms_MY gap"
"lang\ms_MY\members.lang","AmountOfSubscriptions","Amount collected from membership payments","","needs_translation","Direct en_US vs ms_MY gap"
"lang\ms_MY\members.lang","AnyAmountWithAdvisedAmount","Any amount of your choice, recommended %s","","needs_translation","Direct en_US vs ms_MY gap"
"lang\ms_MY\members.lang","AnyAmountWithoutAdvisedAmount","Any amount of your choice","","needs_translation","Direct en_US vs ms_MY gap"
"lang\ms_MY\members.lang","AreYouAPreferredPartner","Are you (or plan to be) a %s","","needs_translation","Direct en_US vs ms_MY gap"
"lang\ms_MY\members.lang","BlankSubscriptionForm","Public self-registration form","","needs_translation","Direct en_US vs ms_MY gap"
"lang\ms_MY\members.lang","BlankSubscriptionFormDesc","Dolibarr can provide you a public URL/website to allow external visitors to ask to subscribe to the foundation. If an online payment module is enabled, a payment form may also be automatically provided.","","needs_translation","Direct en_US vs ms_MY gap"
"lang\ms_MY\members.lang","ByProperties","By nature","","needs_translation","Direct en_US vs ms_MY gap"
"lang\ms_MY\members.lang","CanEditAmount","Membership amount can be defined by the member","","needs_translation","Direct en_US vs ms_MY gap"
"lang\ms_MY\members.lang","CanEditAmountDetail","Visitor can choose/edit amount of its contribution regardless of the member type","","needs_translation","Direct en_US vs ms_MY gap"
"lang\ms_MY\members.lang","CanEditAmountShort","Any amount","","needs_translation","Direct en_US vs ms_MY gap"
"lang\ms_MY\members.lang","CanEditAmountShortForValues","recommended, any amount","","needs_translation","Direct en_US vs ms_MY gap"
"lang\ms_MY\members.lang","CardContent","Content of your member card","","needs_translation","Direct en_US vs ms_MY gap"
"lang\ms_MY\members.lang","ConfirmCreateMember","Confirm create member","","needs_translation","Direct en_US vs ms_MY gap"
"lang\ms_MY\members.lang","ConfirmDeleteMember","Are you sure you want to delete this member (Deleting a member will delete all his contributions)?","","needs_translation","Direct en_US vs ms_MY gap"
"lang\ms_MY\members.lang","ConfirmDeleteMemberType","Are you sure you want to delete this member type?","","needs_translation","Direct en_US vs ms_MY gap"
"lang\ms_MY\members.lang","ConfirmDeleteSubscription","Are you sure you want to delete this contribution?","","needs_translation","Direct en_US vs ms_MY gap"
"lang\ms_MY\members.lang","ConfirmExcludeMember","Are you sure you want to exclude this member ?","","needs_translation","Direct en_US vs ms_MY gap"
"lang\ms_MY\members.lang","ConfirmMassSubsriptionCreation","Confirm subscription creation","","needs_translation","Direct en_US vs ms_MY gap"
"lang\ms_MY\members.lang","ConfirmMassSubsriptionCreationQuestion","Are you sure you want to create the %s selected subscription(s)?","","needs_translation","Direct en_US vs ms_MY gap"
"lang\ms_MY\members.lang","ConfirmMergeMembers","Are you sure you want to merge the chosen member with the current one ?","","needs_translation","Direct en_US vs ms_MY gap"
"lang\ms_MY\members.lang","ConfirmResiliateMember","Are you sure you want to terminate this member?","","needs_translation","Direct en_US vs ms_MY gap"
"lang\ms_MY\members.lang","ConfirmValidateMember","Are you sure you want to validate this member?","","needs_translation","Direct en_US vs ms_MY gap"
"lang\ms_MY\members.lang","CorrespondingMemberFound","Corresponding member found","","needs_translation","Direct en_US vs ms_MY gap"
"lang\ms_MY\members.lang","CorrespondingMemberFoundQuestion","A member has been found with the given information.<br>Do you want to renew your membership? (if not nothing will be recorded)","","needs_translation","Direct en_US vs ms_MY gap"
"lang\ms_MY\members.lang","CreateDolibarrLoginDesc","The creation of a user login for members allows them to connect to the application. Depending on the authorizations granted, they will be able, for example, to consult or modify their file themselves.","","needs_translation","Direct en_US vs ms_MY gap"
"lang\ms_MY\members.lang","CreateDolibarrThirdPartyDesc","A third party is the legal entity that will be used on the invoice if you decide to generate invoice for each contribution. You will be able to create it later during the process of recording the contribution.","","needs_translation","Direct en_US vs ms_MY gap"
"lang\ms_MY\members.lang","CreateSubscription","Create subscription","","needs_translation","Direct en_US vs ms_MY gap"
"lang\ms_MY\members.lang","DefaultAmount","Default amount of membership payment (used only if no amount is defined at member type level)","","needs_translation","Direct en_US vs ms_MY gap"
"lang\ms_MY\members.lang","DeleteAMemberType","Delete a member type","","needs_translation","Direct en_US vs ms_MY gap"
"lang\ms_MY\members.lang","DeleteSubscription","Delete a subscription","","needs_translation","Direct en_US vs ms_MY gap"
"lang\ms_MY\members.lang","DeleteType","Delete","","needs_translation","Direct en_US vs ms_MY gap"
"lang\ms_MY\members.lang","DescADHERENT_AUTOREGISTER_NOTIF_MAIL","Content of the notification email received in case of auto-inscription of a guest","","needs_translation","Direct en_US vs ms_MY gap"
"lang\ms_MY\members.lang","DescADHERENT_AUTOREGISTER_NOTIF_MAIL_SUBJECT","Subject of the notification email received in case of auto-inscription of a guest","","needs_translation","Direct en_US vs ms_MY gap"
"lang\ms_MY\members.lang","DescADHERENT_CARD_FOOTER_TEXT","Text printed on bottom of member cards","","needs_translation","Direct en_US vs ms_MY gap"
"lang\ms_MY\members.lang","DescADHERENT_CARD_HEADER_TEXT","Text printed on top of member cards","","needs_translation","Direct en_US vs ms_MY gap"
"lang\ms_MY\members.lang","DescADHERENT_CARD_TEXT","Text printed on member cards (align on left)","","needs_translation","Direct en_US vs ms_MY gap"
"lang\ms_MY\members.lang","DescADHERENT_CARD_TEXT_RIGHT","Text printed on member cards (align on right)","","needs_translation","Direct en_US vs ms_MY gap"
"lang\ms_MY\members.lang","DescADHERENT_CARD_TYPE","Format of cards page","","needs_translation","Direct en_US vs ms_MY gap"
"lang\ms_MY\members.lang","DescADHERENT_CC_MAIL_FROM","Send automatic email copy to","","needs_translation","Direct en_US vs ms_MY gap"
"lang\ms_MY\members.lang","DescADHERENT_EMAIL_TEMPLATE_AUTOREGISTER","Email template to use to send email to a member on member auto-registration","","needs_translation","Direct en_US vs ms_MY gap"
"lang\ms_MY\members.lang","DescADHERENT_EMAIL_TEMPLATE_CANCELATION","Email template to use to send email to a member on member cancellation","","needs_translation","Direct en_US vs ms_MY gap"
"lang\ms_MY\members.lang","DescADHERENT_EMAIL_TEMPLATE_EXCLUSION","Email template to use to send email to a member on member exclusion","","needs_translation","Direct en_US vs ms_MY gap"
"lang\ms_MY\members.lang","DescADHERENT_EMAIL_TEMPLATE_MEMBER_VALIDATION","Email template to use to send email to a member on member validation","","needs_translation","Direct en_US vs ms_MY gap"
"lang\ms_MY\members.lang","DescADHERENT_EMAIL_TEMPLATE_REMIND_EXPIRATION","Email template to use to send email reminder when contribution is about to expire","","needs_translation","Direct en_US vs ms_MY gap"
"lang\ms_MY\members.lang","DescADHERENT_EMAIL_TEMPLATE_SUBSCRIPTION","Email template to use to send email to a member on new contribution recording","","needs_translation","Direct en_US vs ms_MY gap"
"lang\ms_MY\members.lang","DescADHERENT_ETIQUETTE_TEXT","Text printed on member address sheets","","needs_translation","Direct en_US vs ms_MY gap"
"lang\ms_MY\members.lang","DescADHERENT_ETIQUETTE_TYPE","Format of labels page","","needs_translation","Direct en_US vs ms_MY gap"
"lang\ms_MY\members.lang","DescADHERENT_MAIL_FROM","Sender Email for automatic emails","","needs_translation","Direct en_US vs ms_MY gap"
"lang\ms_MY\members.lang","DocForAllMembersCards","Generate business cards for all members","","needs_translation","Direct en_US vs ms_MY gap"
"lang\ms_MY\members.lang","DocForLabels","Generate address sheets","","needs_translation","Direct en_US vs ms_MY gap"
"lang\ms_MY\members.lang","DocForOneMemberCards","Generate business cards for a particular member","","needs_translation","Direct en_US vs ms_MY gap"
"lang\ms_MY\members.lang","EmailSentToMember","Email sent to member at %s","","needs_translation","Direct en_US vs ms_MY gap"
"lang\ms_MY\members.lang","EnablePublicSubscriptionForm","Enable the public website with self-subscription form","","needs_translation","Direct en_US vs ms_MY gap"
"lang\ms_MY\members.lang","ErrorBadValueForDate","Bad value for date","","needs_translation","Direct en_US vs ms_MY gap"
"lang\ms_MY\members.lang","ErrorMemberIsAlreadyLinkedToThisThirdParty","Another member (name: <b>%s</b>, login: <b>%s</b>) is already linked to a third party <b>%s</b>. Remove this link first because a third party can't be linked to only a member (and vice versa).","","needs_translation","Direct en_US vs ms_MY gap"
"lang\ms_MY\members.lang","ErrorMembersMerge","There was an error when merging the members. Please check the log. Changes have been reverted.","","needs_translation","Direct en_US vs ms_MY gap"
"lang\ms_MY\members.lang","ErrorThisMemberIsNotPublic","This member is not public","","needs_translation","Direct en_US vs ms_MY gap"
"lang\ms_MY\members.lang","ErrorUserPermissionAllowsToLinksToItselfOnly","For security reasons, you must be granted permissions to edit all users to be able to link a member to a user that is not yours.","","needs_translation","Direct en_US vs ms_MY gap"
"lang\ms_MY\members.lang","Exclude","Exclude","","needs_translation","Direct en_US vs ms_MY gap"
"lang\ms_MY\members.lang","ExcludeMember","Exclude a member","","needs_translation","Direct en_US vs ms_MY gap"
"lang\ms_MY\members.lang","ExportDataset_member_1","Members and contributions","","needs_translation","Direct en_US vs ms_MY gap"
"lang\ms_MY\members.lang","Filehtpasswd","htpasswd file","","needs_translation","Direct en_US vs ms_MY gap"
"lang\ms_MY\members.lang","FollowingLinksArePublic","The following links are open pages not protected by any Dolibarr permission. They are not formatted pages, provided as example to show how to list members database.","","needs_translation","Direct en_US vs ms_MY gap"
"lang\ms_MY\members.lang","ForceMemberNature","Force member nature (Individual or Legal Entity)","","needs_translation","Direct en_US vs ms_MY gap"
"lang\ms_MY\members.lang","ForceMemberType","Force the member type","","needs_translation","Direct en_US vs ms_MY gap"
"lang\ms_MY\members.lang","FundationMembers","Foundation members","","needs_translation","Direct en_US vs ms_MY gap"
"lang\ms_MY\members.lang","HTPasswordExport","htpassword file generation","","needs_translation","Direct en_US vs ms_MY gap"
"lang\ms_MY\members.lang","ImportDataset_member_1","Members","","needs_translation","Direct en_US vs ms_MY gap"
"lang\ms_MY\members.lang","LastMemberDate","Latest membership date","","needs_translation","Direct en_US vs ms_MY gap"
"lang\ms_MY\members.lang","LastMembersModified","Latest %s modified members","","needs_translation","Direct en_US vs ms_MY gap"
"lang\ms_MY\members.lang","LastMemberType","Last Member type","","needs_translation","Direct en_US vs ms_MY gap"
"lang\ms_MY\members.lang","LastSubscriptionAmount","Amount of latest membership fee","","needs_translation","Direct en_US vs ms_MY gap"
"lang\ms_MY\members.lang","LastSubscriptionDate","Date of latest membership payment","","needs_translation","Direct en_US vs ms_MY gap"
"lang\ms_MY\members.lang","LastSubscriptionsModified","Latest %s modified contributions","","needs_translation","Direct en_US vs ms_MY gap"
"lang\ms_MY\members.lang","LatestSubscriptionDate","Latest membership date","","needs_translation","Direct en_US vs ms_MY gap"
"lang\ms_MY\members.lang","LinkToGeneratedPages","Generation of business cards or address sheets","","needs_translation","Direct en_US vs ms_MY gap"
"lang\ms_MY\members.lang","LinkToGeneratedPagesDesc","This screen allows you to generate PDF files with business cards for all your members or a particular member.","","needs_translation","Direct en_US vs ms_MY gap"
"lang\ms_MY\members.lang","ListOfSubscriptions","List of contributions","","needs_translation","Direct en_US vs ms_MY gap"
"lang\ms_MY\members.lang","ListOfValidatedPublicMembers","List of validated public members","","needs_translation","Direct en_US vs ms_MY gap"
"lang\ms_MY\members.lang","MEMBER_NEWFORM_PAYONLINE","After the online registration, switch automatically to the online payment page","","needs_translation","Direct en_US vs ms_MY gap"
"lang\ms_MY\members.lang","MEMBER_SEARCH_MEMBER_PUBLIC_FORM_CREATE","Suggest to just record the subscription (without creating a new member) if an existing member is found","","needs_translation","Direct en_US vs ms_MY gap"
"lang\ms_MY\members.lang","MEMBER_SEARCH_MEMBER_PUBLIC_FORM_CREATEDesc","A search is done on login, company name + email (for legal entity), or full name + email (for individual). If a member is already found, the form suggest to record a renewal of subscription.","","needs_translation","Direct en_US vs ms_MY gap"
"lang\ms_MY\members.lang","MemberCodeDesc","Member Code, unique for all members","","needs_translation","Direct en_US vs ms_MY gap"
"lang\ms_MY\members.lang","MemberCountersArePublic","Counters of valid members are public","","needs_translation","Direct en_US vs ms_MY gap"
"lang\ms_MY\members.lang","MemberFirstname","Member firstname","","needs_translation","Direct en_US vs ms_MY gap"
"lang\ms_MY\members.lang","MemberId","Member Id","","needs_translation","Direct en_US vs ms_MY gap"
"lang\ms_MY\members.lang","MemberLastname","Member lastname","","needs_translation","Direct en_US vs ms_MY gap"
"lang\ms_MY\members.lang","MemberMergeSuccess","Members have been merged","","needs_translation","Direct en_US vs ms_MY gap"
"lang\ms_MY\members.lang","MembersAndSubscriptions","Members and Contributions","","needs_translation","Direct en_US vs ms_MY gap"
"lang\ms_MY\members.lang","MembersByCountryDesc","This screen shows you the statistics of members by country.","","needs_translation","Direct en_US vs ms_MY gap"
"lang\ms_MY\members.lang","MembersByCountryDesc2","Graphs and charts depend on the availability of the Google online graph service as well as on the availability of a working internet connection.","","needs_translation","Direct en_US vs ms_MY gap"
"lang\ms_MY\members.lang","MembersByNature","This screen show you statistics of members by nature.","","needs_translation","Direct en_US vs ms_MY gap"
"lang\ms_MY\members.lang","MembersByRegion","This screen show you statistics of members by region.","","needs_translation","Direct en_US vs ms_MY gap"
"lang\ms_MY\members.lang","MembersByStateDesc","This screen show you statistics of members by state/provinces/canton.","","needs_translation","Direct en_US vs ms_MY gap"
"lang\ms_MY\members.lang","MembersByTownDesc","This screen show you statistics of members by town.","","needs_translation","Direct en_US vs ms_MY gap"
"lang\ms_MY\members.lang","MembershipPaid","Membership paid for current period (until %s)","","needs_translation","Direct en_US vs ms_MY gap"
"lang\ms_MY\members.lang","MembershipPublic","Public membership","","needs_translation","Direct en_US vs ms_MY gap"
"lang\ms_MY\members.lang","MembershipStatistics","Membership statistics","","needs_translation","Direct en_US vs ms_MY gap"
"lang\ms_MY\members.lang","MembersList","List of members","","needs_translation","Direct en_US vs ms_MY gap"
"lang\ms_MY\members.lang","MembersNature","Nature of members","","needs_translation","Direct en_US vs ms_MY gap"
"lang\ms_MY\members.lang","MembersShowMembershipTypesTable","Show a table to select its membership types before the registration form (if no, show directly the registration form)","","needs_translation","Direct en_US vs ms_MY gap"
"lang\ms_MY\members.lang","MembersShowVotesAllowed","Show whether votes are allowed, in the table of membership types","","needs_translation","Direct en_US vs ms_MY gap"
"lang\ms_MY\members.lang","MembersStatisticsDesc","Choose statistics you want to read...","","needs_translation","Direct en_US vs ms_MY gap"
"lang\ms_MY\members.lang","MemberStatusDraftShort","Draft","","needs_translation","Direct en_US vs ms_MY gap"
"lang\ms_MY\members.lang","MemberStatusExcluded","Excluded member","","needs_translation","Direct en_US vs ms_MY gap"
"lang\ms_MY\members.lang","MemberStatusExcludedShort","Excluded","","needs_translation","Direct en_US vs ms_MY gap"
"lang\ms_MY\members.lang","MemberStatusResiliated","Terminated member","","needs_translation","Direct en_US vs ms_MY gap"
"lang\ms_MY\members.lang","MemberStatusResiliatedShort","Terminated","","needs_translation","Direct en_US vs ms_MY gap"
"lang\ms_MY\members.lang","MembersTickets","Membership address sheet","","needs_translation","Direct en_US vs ms_MY gap"
"lang\ms_MY\members.lang","MemberSubscriptionStartAfter","Minimum period before the entry into force of the start date of a first membership subscription (excluding renewals)","","needs_translation","Direct en_US vs ms_MY gap"
"lang\ms_MY\members.lang","MemberSubscriptionStartAfterDesc","Example: +3m = +3 months, -5d = -5 days, +1Y = +1 year","","needs_translation","Direct en_US vs ms_MY gap"
"lang\ms_MY\members.lang","MemberSubscriptionStartAfterDesc2","This is the suggested date when creating a first membership subscription compared to the current date. For renewal, the date suggested by default will remain the end of the previous membership.","","needs_translation","Direct en_US vs ms_MY gap"
"lang\ms_MY\members.lang","MemberSubscriptionStartFirstDayOf","Force the suggested date of a membership to corresponds to the first day of a","","needs_translation","Direct en_US vs ms_MY gap"
"lang\ms_MY\members.lang","MemberTypeCanNotBeDeleted","Member type can not be deleted","","needs_translation","Direct en_US vs ms_MY gap"
"lang\ms_MY\members.lang","MemberTypeDeleted","Member type deleted","","needs_translation","Direct en_US vs ms_MY gap"
"lang\ms_MY\members.lang","MemberTypeId","Member type id","","needs_translation","Direct en_US vs ms_MY gap"
"lang\ms_MY\members.lang","MemberTypeLabel","Member type label","","needs_translation","Direct en_US vs ms_MY gap"
"lang\ms_MY\members.lang","MemberTypeModified","Member type modified","","needs_translation","Direct en_US vs ms_MY gap"
"lang\ms_MY\members.lang","MenuMembersStats","Statistics","","needs_translation","Direct en_US vs ms_MY gap"
"lang\ms_MY\members.lang","MergeMembers","Merge members","","needs_translation","Direct en_US vs ms_MY gap"
"lang\ms_MY\members.lang","MergeOriginMember","Duplicated member (the member you want to delete)","","needs_translation","Direct en_US vs ms_MY gap"
"lang\ms_MY\members.lang","MergeOriginMemberIsMAndatory"," Origin member is mandatory for merging","","needs_translation","Direct en_US vs ms_MY gap"
"lang\ms_MY\members.lang","MinimumAmount","Minimum amount of membership payment (has priority on any default amounts that is lower)","","needs_translation","Direct en_US vs ms_MY gap"
"lang\ms_MY\members.lang","Moral","Legal entity","","needs_translation","Direct en_US vs ms_MY gap"
"lang\ms_MY\members.lang","MorAndPhy","Legal entity and Individual","","needs_translation","Direct en_US vs ms_MY gap"
"lang\ms_MY\members.lang","MoreActionBankDirect","Create a direct entry on bank account","","needs_translation","Direct en_US vs ms_MY gap"
"lang\ms_MY\members.lang","MoreActionBankViaInvoice","Create an invoice, and a payment on bank account","","needs_translation","Direct en_US vs ms_MY gap"
"lang\ms_MY\members.lang","MoreActionInvoiceOnly","Create an invoice with no payment","","needs_translation","Direct en_US vs ms_MY gap"
"lang\ms_MY\members.lang","MoreActions","Complementary action on recording","","needs_translation","Direct en_US vs ms_MY gap"
"lang\ms_MY\members.lang","MoreActionsOnSubscription","Complementary action suggested by default when recording a contribution, also done automatically on online payment of a contribution","","needs_translation","Direct en_US vs ms_MY gap"
"lang\ms_MY\members.lang","Morphy","Moral or physical","","needs_translation","Direct en_US vs ms_MY gap"
"lang\ms_MY\members.lang","NameOrCompany","Name or company","","needs_translation","Direct en_US vs ms_MY gap"
"lang\ms_MY\members.lang","NbOfActiveMembers","Total number of current active members","","needs_translation","Direct en_US vs ms_MY gap"
"lang\ms_MY\members.lang","NbOfMembers","Total number of members","","needs_translation","Direct en_US vs ms_MY gap"
"lang\ms_MY\members.lang","NbOfSubscriptions","Number of memberships","","needs_translation","Direct en_US vs ms_MY gap"
"lang\ms_MY\members.lang","NewCotisation","New contribution","","needs_translation","Direct en_US vs ms_MY gap"
"lang\ms_MY\members.lang","NewMemberbyWeb","New member added. Awaiting approval","","needs_translation","Direct en_US vs ms_MY gap"
"lang\ms_MY\members.lang","NewMemberForm","New member form","","needs_translation","Direct en_US vs ms_MY gap"
"lang\ms_MY\members.lang","NewMemberType","New member type","","needs_translation","Direct en_US vs ms_MY gap"
"lang\ms_MY\members.lang","NewSubscription","New contribution","","needs_translation","Direct en_US vs ms_MY gap"
"lang\ms_MY\members.lang","NewSubscriptionDesc","This form allows you to record your subscription as a new member of the foundation. If you want to renew your subscription (if already a member), please contact foundation board instead by email %s.","","needs_translation","Direct en_US vs ms_MY gap"
"lang\ms_MY\members.lang","NoCorrection","No correction","","needs_translation","Direct en_US vs ms_MY gap"
"lang\ms_MY\members.lang","NoEmailSentToMember","No email sent to member","","needs_translation","Direct en_US vs ms_MY gap"
"lang\ms_MY\members.lang","NoRecordedMembers","No recorded members","","needs_translation","Direct en_US vs ms_MY gap"
"lang\ms_MY\members.lang","NoRecordedMembersByType","No recorded members","","needs_translation","Direct en_US vs ms_MY gap"
"lang\ms_MY\members.lang","NoThirdPartyAssociatedToMember","No third party associated with this member","","needs_translation","Direct en_US vs ms_MY gap"
"lang\ms_MY\members.lang","NoValidatedMemberYet","No validated members found","","needs_translation","Direct en_US vs ms_MY gap"
"lang\ms_MY\members.lang","NoVatOnSubscription","No VAT for membership payment","","needs_translation","Direct en_US vs ms_MY gap"
"lang\ms_MY\members.lang","Physical","Individual","","needs_translation","Direct en_US vs ms_MY gap"
"lang\ms_MY\members.lang","Public","%s can publish my membership in <a target=""_blank"" href=""%s"">the public register</a>","","needs_translation","Direct en_US vs ms_MY gap"
"lang\ms_MY\members.lang","PublicMemberCard","Public member card","","needs_translation","Direct en_US vs ms_MY gap"
"lang\ms_MY\members.lang","PublicMemberList","Public member list","","needs_translation","Direct en_US vs ms_MY gap"
"lang\ms_MY\members.lang","Reenable","Re-enable","","needs_translation","Direct en_US vs ms_MY gap"
"lang\ms_MY\members.lang","ResiliateMember","Terminate a member","","needs_translation","Direct en_US vs ms_MY gap"
"lang\ms_MY\members.lang","SelectMember","Select a member","","needs_translation","Direct en_US vs ms_MY gap"
"lang\ms_MY\members.lang","SendCardByMail","Send card by email","","needs_translation","Direct en_US vs ms_MY gap"
"lang\ms_MY\members.lang","SendingAnEMailToMember","Sending information email to member","","needs_translation","Direct en_US vs ms_MY gap"
"lang\ms_MY\members.lang","SendingEmailOnAutoSubscription","Sending email on auto registration","","needs_translation","Direct en_US vs ms_MY gap"
"lang\ms_MY\members.lang","SendingEmailOnCancelation","Sending email on cancellation","","needs_translation","Direct en_US vs ms_MY gap"
"lang\ms_MY\members.lang","SendingEmailOnMemberValidation","Sending email on new member validation","","needs_translation","Direct en_US vs ms_MY gap"
"lang\ms_MY\members.lang","SendingEmailOnNewSubscription","Sending email on new contribution","","needs_translation","Direct en_US vs ms_MY gap"
"lang\ms_MY\members.lang","SendingReminderActionComm","Sending reminder for agenda event","","needs_translation","Direct en_US vs ms_MY gap"
"lang\ms_MY\members.lang","SendingReminderForExpiredSubscription","Sending reminder for expired contributions","","needs_translation","Direct en_US vs ms_MY gap"
"lang\ms_MY\members.lang","SendReminderForExpiredSubscription","Send reminder by email to members when membership is about to expire (parameter is number of days before end of membership to send the reminder. It can be a list of days separated by a semicolon, for example '10;5;0;-5'). The template of email to send is defined in setup of membership module.","","needs_translation","Direct en_US vs ms_MY gap"
"lang\ms_MY\members.lang","SendReminderForExpiredSubscriptionTitle","Send reminder by email for expired membership","","needs_translation","Direct en_US vs ms_MY gap"
"lang\ms_MY\members.lang","SetLinkToThirdParty","Link to a Dolibarr third party","","needs_translation","Direct en_US vs ms_MY gap"
"lang\ms_MY\members.lang","SetLinkToUser","Link to a Dolibarr user","","needs_translation","Direct en_US vs ms_MY gap"
"lang\ms_MY\members.lang","ShowMember","Show member card","","needs_translation","Direct en_US vs ms_MY gap"
"lang\ms_MY\members.lang","ShowSubscription","Show contribution","","needs_translation","Direct en_US vs ms_MY gap"
"lang\ms_MY\members.lang","ShowTypeCard","Show type '%s'","","needs_translation","Direct en_US vs ms_MY gap"
"lang\ms_MY\members.lang","SubscriptionCard","Subscription card","","needs_translation","Direct en_US vs ms_MY gap"
"lang\ms_MY\members.lang","SubscriptionEndDate","Subscription's end date","","needs_translation","Direct en_US vs ms_MY gap"
"lang\ms_MY\members.lang","SubscriptionId","Contribution ID","","needs_translation","Direct en_US vs ms_MY gap"
"lang\ms_MY\members.lang","SubscriptionLinkedToConciliatedTransaction","Membership is linked to a conciliated transaction so this modification is not allowed.","","needs_translation","Direct en_US vs ms_MY gap"
"lang\ms_MY\members.lang","SubscriptionNotReceived","Contribution never received","","needs_translation","Direct en_US vs ms_MY gap"
"lang\ms_MY\members.lang","SubscriptionNotRecorded","Contribution not recorded","","needs_translation","Direct en_US vs ms_MY gap"
"lang\ms_MY\members.lang","SubscriptionRecorded","Contribution recorded","","needs_translation","Direct en_US vs ms_MY gap"
"lang\ms_MY\members.lang","SubscriptionReminderEmail","contribution reminder","","needs_translation","Direct en_US vs ms_MY gap"
"lang\ms_MY\members.lang","SubscriptionRequired","Contribution required","","needs_translation","Direct en_US vs ms_MY gap"
"lang\ms_MY\members.lang","SubscriptionRequiredDesc","If subscription is required, a subscription with a start or end date must be recorded to have the member up to date (whatever is subscription amount, even if subscription is free).","","needs_translation","Direct en_US vs ms_MY gap"
"lang\ms_MY\members.lang","ThirdpartyNotLinkedToMember","Third party not linked to a member","","needs_translation","Direct en_US vs ms_MY gap"
"lang\ms_MY\members.lang","ThisIsContentOfSubscriptionReminderEmail","We want to let you know that your subscription is about to expire or has already expired (__MEMBER_LAST_SUBSCRIPTION_DATE_END__). We hope you will renew it.<br><br>","","needs_translation","Direct en_US vs ms_MY gap"
"lang\ms_MY\members.lang","ThisIsContentOfYourCard","This is a summary of the information we have about you. Please contact us if anything is incorrect.<br><br>","","needs_translation","Direct en_US vs ms_MY gap"
"lang\ms_MY\members.lang","ThisIsContentOfYourMembershipRequestWasReceived","We want to let you know that your membership request was received.<br><br>","","needs_translation","Direct en_US vs ms_MY gap"
"lang\ms_MY\members.lang","ThisIsContentOfYourMembershipWasValidated","We want to let you know that your membership was validated with the following information:<br><br>","","needs_translation","Direct en_US vs ms_MY gap"
"lang\ms_MY\members.lang","ThisIsContentOfYourSubscriptionWasRecorded","We want to let you know that your new subscription was recorded. Please find your invoice here enclosed.<br><br>","","needs_translation","Direct en_US vs ms_MY gap"
"lang\ms_MY\members.lang","TurnoverOrBudget","Dolibarr-related revenue (for a company) or Budget (for a foundation)","","needs_translation","Direct en_US vs ms_MY gap"
"lang\ms_MY\members.lang","UserNotLinkedToMember","User not linked to a member","","needs_translation","Direct en_US vs ms_MY gap"
"lang\ms_MY\members.lang","VATToUseForSubscriptions","VAT rate to use for membership payment","","needs_translation","Direct en_US vs ms_MY gap"
"lang\ms_MY\members.lang","VoteAllowed","Vote allowed","","needs_translation","Direct en_US vs ms_MY gap"
"lang\ms_MY\members.lang","WarningNoComplementaryActionDone","No Complementary action on recording will be executed with this massaction","","needs_translation","Direct en_US vs ms_MY gap"
"lang\ms_MY\members.lang","WelcomeEMail","Welcome email","","needs_translation","Direct en_US vs ms_MY gap"
"lang\ms_MY\members.lang","XExternalUserCreated","%s external user(s) created","","needs_translation","Direct en_US vs ms_MY gap"
"lang\ms_MY\members.lang","XMembersClosed","%s member(s) closed","","needs_translation","Direct en_US vs ms_MY gap"
"lang\ms_MY\members.lang","XSubsriptionCreated","%s subscription(s) created","","needs_translation","Direct en_US vs ms_MY gap"
"lang\ms_MY\members.lang","XSubsriptionErrors","%s subscription(s) where in error","","needs_translation","Direct en_US vs ms_MY gap"
"lang\ms_MY\members.lang","YouMayFindYourInvoiceInThisEmail","You may find your invoice attached to this email","","needs_translation","Direct en_US vs ms_MY gap"
"lang\ms_MY\members.lang","YourMembershipRequestWasReceived","Your membership was received.","","needs_translation","Direct en_US vs ms_MY gap"
"lang\ms_MY\members.lang","YourMembershipWasCanceled","Your membership was canceled","","needs_translation","Direct en_US vs ms_MY gap"
"lang\ms_MY\members.lang","YourMembershipWasValidated","Your membership was validated","","needs_translation","Direct en_US vs ms_MY gap"
"lang\ms_MY\members.lang","YourSubscriptionWasRecorded","Your new contribution was recorded","","needs_translation","Direct en_US vs ms_MY gap"
"lang\ms_MY\modulebuilder.lang","AboutFile","Page ""About the module""","","needs_translation","Direct en_US vs ms_MY gap"
"lang\ms_MY\modulebuilder.lang","AddAPIsForThisObject","Add APIs for this object","","needs_translation","Direct en_US vs ms_MY gap"
"lang\ms_MY\modulebuilder.lang","AddLanguageFile","Add language file","","needs_translation","Direct en_US vs ms_MY gap"
"lang\ms_MY\modulebuilder.lang","AIPromptExtrafield","AI Prompt","","needs_translation","Direct en_US vs ms_MY gap"
"lang\ms_MY\modulebuilder.lang","AIPromptExtrafieldDesc","The constants used in this field will be replaced with the corresponding value.","","needs_translation","Direct en_US vs ms_MY gap"
"lang\ms_MY\modulebuilder.lang","AnObjectAlreadyExistWithThisNameAndDiffCase","An object already exists with this name and a different case","","needs_translation","Direct en_US vs ms_MY gap"
"lang\ms_MY\modulebuilder.lang","ApiClassFile","API file of module","","needs_translation","Direct en_US vs ms_MY gap"
"lang\ms_MY\modulebuilder.lang","ApiExplorer","API explorer","","needs_translation","Direct en_US vs ms_MY gap"
"lang\ms_MY\modulebuilder.lang","ApiObjectDeleted","API for object %s has been successfully deleted","","needs_translation","Direct en_US vs ms_MY gap"
"lang\ms_MY\modulebuilder.lang","ArrayOfKeyValues","Array of key-val","","needs_translation","Direct en_US vs ms_MY gap"
"lang\ms_MY\modulebuilder.lang","ArrayOfKeyValuesDesc","Array of keys and values if field is a combo list with fixed values","","needs_translation","Direct en_US vs ms_MY gap"
"lang\ms_MY\modulebuilder.lang","AsciiToHtmlConverter","Ascii to HTML converter","","needs_translation","Direct en_US vs ms_MY gap"
"lang\ms_MY\modulebuilder.lang","AsciiToPdfConverter","Ascii to PDF converter","","needs_translation","Direct en_US vs ms_MY gap"
"lang\ms_MY\modulebuilder.lang","BadValueForType","Bad value for type %s","","needs_translation","Direct en_US vs ms_MY gap"
"lang\ms_MY\modulebuilder.lang","BuildDocumentation","Build documentation","","needs_translation","Direct en_US vs ms_MY gap"
"lang\ms_MY\modulebuilder.lang","BuildPackage","Build package","","needs_translation","Direct en_US vs ms_MY gap"
"lang\ms_MY\modulebuilder.lang","BuildPackageDesc","You can generate a zip package of your application so your are ready to distribute it on any Dolibarr. You can also distribute it or sell it on marketplace like <a href=""https://www.dolistore.com"">DoliStore.com</a>.","","needs_translation","Direct en_US vs ms_MY gap"
"lang\ms_MY\modulebuilder.lang","ChangeLog","ChangeLog file","","needs_translation","Direct en_US vs ms_MY gap"
"lang\ms_MY\modulebuilder.lang","ClassFile","File for PHP DAO CRUD class","","needs_translation","Direct en_US vs ms_MY gap"
"lang\ms_MY\modulebuilder.lang","CLIDesc","You can generate here some command line scripts you want to provide with your module.","","needs_translation","Direct en_US vs ms_MY gap"
"lang\ms_MY\modulebuilder.lang","CLIFile","CLI File","","needs_translation","Direct en_US vs ms_MY gap"
"lang\ms_MY\modulebuilder.lang","ConfirmDeleteProperty","Are you sure you want to delete the property <strong>%s</strong>? This will change code in PHP class but also remove column from table definition of object.","","needs_translation","Direct en_US vs ms_MY gap"
"lang\ms_MY\modulebuilder.lang","ContentCantBeEmpty","Content of file can't be empty","","needs_translation","Direct en_US vs ms_MY gap"
"lang\ms_MY\modulebuilder.lang","ContentOfREADMECustomized","Note: The content of the README.md file has been replaced with the specific value defined into setup of ModuleBuilder.","","needs_translation","Direct en_US vs ms_MY gap"
"lang\ms_MY\modulebuilder.lang","CRUDCreateWrite","Create or Update","","needs_translation","Direct en_US vs ms_MY gap"
"lang\ms_MY\modulebuilder.lang","CRUDRead","Read","","needs_translation","Direct en_US vs ms_MY gap"
"lang\ms_MY\modulebuilder.lang","CSSClass","CSS for edit/create form","","needs_translation","Direct en_US vs ms_MY gap"
"lang\ms_MY\modulebuilder.lang","CSSDesc","You can generate and edit here a file with personalized CSS embedded with your module.","","needs_translation","Direct en_US vs ms_MY gap"
"lang\ms_MY\modulebuilder.lang","CSSFile","CSS file","","needs_translation","Direct en_US vs ms_MY gap"
"lang\ms_MY\modulebuilder.lang","CSSListClass","CSS for list","","needs_translation","Direct en_US vs ms_MY gap"
"lang\ms_MY\modulebuilder.lang","CSSViewClass","CSS for read form","","needs_translation","Direct en_US vs ms_MY gap"
"lang\ms_MY\modulebuilder.lang","DangerZone","Danger zone","","needs_translation","Direct en_US vs ms_MY gap"
"lang\ms_MY\modulebuilder.lang","DatabaseIndex","Database index","","needs_translation","Direct en_US vs ms_MY gap"
"lang\ms_MY\modulebuilder.lang","DefinePropertiesFromExistingTable","Define the fields/properties from an existing table","","needs_translation","Direct en_US vs ms_MY gap"
"lang\ms_MY\modulebuilder.lang","DefinePropertiesFromExistingTableDesc","If a table in the database (for the object to create) already exists, you can use it to define the properties of the object.","","needs_translation","Direct en_US vs ms_MY gap"
"lang\ms_MY\modulebuilder.lang","DefinePropertiesFromExistingTableDesc2","Keep empty if the table does not exist yet. The code generator will use different kinds of fields to build an example of table that you can edit later.","","needs_translation","Direct en_US vs ms_MY gap"
"lang\ms_MY\modulebuilder.lang","DescriptionLong","Long description","","needs_translation","Direct en_US vs ms_MY gap"
"lang\ms_MY\modulebuilder.lang","DescriptorFile","Descriptor file of module","","needs_translation","Direct en_US vs ms_MY gap"
"lang\ms_MY\modulebuilder.lang","DicKey","Dictionary key","","needs_translation","Direct en_US vs ms_MY gap"
"lang\ms_MY\modulebuilder.lang","DictionariesCreated","Dictionary <b>%s</b> created successfully","","needs_translation","Direct en_US vs ms_MY gap"
"lang\ms_MY\modulebuilder.lang","DictionariesDefDesc","Define here the dictionaries provided by your module","","needs_translation","Direct en_US vs ms_MY gap"
"lang\ms_MY\modulebuilder.lang","DictionariesDefDescTooltip","The dictionaries provided by your module/application are defined into the array <strong>$this->dictionaries</strong> into the module descriptor file. You can edit manually this file or use the embedded editor.<br><br>Note: Once defined (and module re-activated), dictionaries are also visible into the setup area to administrator users on %s.","","needs_translation","Direct en_US vs ms_MY gap"
"lang\ms_MY\modulebuilder.lang","DictionaryDeleted","Dictionary <b>%s</b> removed successfully","","needs_translation","Direct en_US vs ms_MY gap"
"lang\ms_MY\modulebuilder.lang","DirScanned","Directory scanned","","needs_translation","Direct en_US vs ms_MY gap"
"lang\ms_MY\modulebuilder.lang","DisplayOnPdf","On PDF","","needs_translation","Direct en_US vs ms_MY gap"
"lang\ms_MY\modulebuilder.lang","DisplayOnPdfDesc","Display this field on compatible PDF documents, you can manage position with ""Position"" field.<br><strong>For document :</strong><br>0 = not displayed <br>1 = display<br>2 = display only if not empty<br><br><strong>For document lines :</strong><br>0 = not displayed <br>1 = displayed in a column<br>3 = display in line description column after the description<br>4 = display in description column after the description only if not empty","","needs_translation","Direct en_US vs ms_MY gap"
"lang\ms_MY\modulebuilder.lang","DropTableIfEmpty","(Destroy table if empty)","","needs_translation","Direct en_US vs ms_MY gap"
"lang\ms_MY\modulebuilder.lang","EditorName","Name of editor","","needs_translation","Direct en_US vs ms_MY gap"
"lang\ms_MY\modulebuilder.lang","EditorUrl","URL of editor","","needs_translation","Direct en_US vs ms_MY gap"
"lang\ms_MY\modulebuilder.lang","EmailingSelectorDesc","You can generate and edit here the class files to provide new email target selectors for the mass emailing module","","needs_translation","Direct en_US vs ms_MY gap"
"lang\ms_MY\modulebuilder.lang","EmailingSelectorFile","Emails selector file","","needs_translation","Direct en_US vs ms_MY gap"
"lang\ms_MY\modulebuilder.lang","EmailingSelectors","Emails selectors","","needs_translation","Direct en_US vs ms_MY gap"
"lang\ms_MY\modulebuilder.lang","EnabledDesc","Condition to have this field active.<br><br>Examples:<br>1<br>isModEnabled('anothermodule')<br>getDolGlobalString('MYMODULE_OPTION')==2","","needs_translation","Direct en_US vs ms_MY gap"
"lang\ms_MY\modulebuilder.lang","EnterNameOfDictionaryDesc","Enter the name of the dictionary to create with no spaces. Use uppercase to separate words (For example: MyDico...). The class file, but also the SQL file will be generated.","","needs_translation","Direct en_US vs ms_MY gap"
"lang\ms_MY\modulebuilder.lang","EnterNameOfModuleDesc","Enter the name of the module/application to create with no spaces. Use uppercase to separate words (For example: MyModule, EcommerceForShop, SyncWithMySystem...)","","needs_translation","Direct en_US vs ms_MY gap"
"lang\ms_MY\modulebuilder.lang","EnterNameOfModuleToDeleteDesc","You can delete your module. WARNING: All coding files of module (generated or created manually) AND structured data and documentation will be deleted!","","needs_translation","Direct en_US vs ms_MY gap"
"lang\ms_MY\modulebuilder.lang","EnterNameOfObjectDesc","Enter the name of the object to create with no spaces. Use uppercase to separate words (For example: MyObject, Student, Teacher...). The CRUD class file, the pages to list/add/edit/delete the object and the SQL files will be generated.","","needs_translation","Direct en_US vs ms_MY gap"
"lang\ms_MY\modulebuilder.lang","EnterNameOfObjectToDeleteDesc","You can delete an object. WARNING: All coding files (generated or created manually) related to the object will be deleted!","","needs_translation","Direct en_US vs ms_MY gap"
"lang\ms_MY\modulebuilder.lang","FailedToAddCodeIntoDescriptor","Failed to add code into descriptor. Check that the string comment ""%s"" is still present into the file.","","needs_translation","Direct en_US vs ms_MY gap"
"lang\ms_MY\modulebuilder.lang","FieldsEdit","Fields edit","","needs_translation","Direct en_US vs ms_MY gap"
"lang\ms_MY\modulebuilder.lang","FieldsInsert","Fields insert","","needs_translation","Direct en_US vs ms_MY gap"
"lang\ms_MY\modulebuilder.lang","FieldsView","Fields view","","needs_translation","Direct en_US vs ms_MY gap"
"lang\ms_MY\modulebuilder.lang","FileAlreadyExists","File %s already exists","","needs_translation","Direct en_US vs ms_MY gap"
"lang\ms_MY\modulebuilder.lang","FileNotYetGenerated","File not yet generated","","needs_translation","Direct en_US vs ms_MY gap"
"lang\ms_MY\modulebuilder.lang","FilesForObjectInitialized","Files for new object '%s' initialized","","needs_translation","Direct en_US vs ms_MY gap"
"lang\ms_MY\modulebuilder.lang","FilesForObjectUpdated","Files for object '%s' updated (.sql files and .class.php file)","","needs_translation","Direct en_US vs ms_MY gap"
"lang\ms_MY\modulebuilder.lang","ForeignKey","Foreign key","","needs_translation","Direct en_US vs ms_MY gap"
"lang\ms_MY\modulebuilder.lang","ForeignKeyDesc","If the value of this field must be guaranteed to exist into another table. Enter here a value matching syntax: tablename.parentfieldtocheck","","needs_translation","Direct en_US vs ms_MY gap"
"lang\ms_MY\modulebuilder.lang","GeneratePermissions","I want to manage permissions on this object","","needs_translation","Direct en_US vs ms_MY gap"
"lang\ms_MY\modulebuilder.lang","GeneratePermissionsHelp","If you check this, some code will be added to manage permissions to read, write and delete record of the objects","","needs_translation","Direct en_US vs ms_MY gap"
"lang\ms_MY\modulebuilder.lang","HooksDefDesc","Define in the property <b>module_parts['hooks']</b>, in the module descriptor file, the list of contexts when your hook must be executed (the list of possible contexts can be found by a search on '<b>initHooks(</b>' in core code).<br>Then edit the file with hooks code with the code of your hooked functions (the list of hookable functions can be found by a search on '<b>executeHooks</b>' in core code).","","needs_translation","Direct en_US vs ms_MY gap"
"lang\ms_MY\modulebuilder.lang","HooksFile","File for hooks code","","needs_translation","Direct en_US vs ms_MY gap"
"lang\ms_MY\modulebuilder.lang","IdModule"," Module id","","needs_translation","Direct en_US vs ms_MY gap"
"lang\ms_MY\modulebuilder.lang","ImportExportProfiles","Import and export profiles","","needs_translation","Direct en_US vs ms_MY gap"
"lang\ms_MY\modulebuilder.lang","IncludeDocGeneration","I want the feature to generate some documents (PDF, ODT) from templates for this object","","needs_translation","Direct en_US vs ms_MY gap"
"lang\ms_MY\modulebuilder.lang","IncludeDocGenerationHelp","If you check this, some code will be generated to add a ""Generate document"" box on the record.","","needs_translation","Direct en_US vs ms_MY gap"
"lang\ms_MY\modulebuilder.lang","IncludeRefGeneration","The reference of this object must be generated automatically by custom numbering rules","","needs_translation","Direct en_US vs ms_MY gap"
"lang\ms_MY\modulebuilder.lang","IncludeRefGenerationHelp","Check this if you want to include code to manage the generation of the reference automatically using custom numbering rules","","needs_translation","Direct en_US vs ms_MY gap"
"lang\ms_MY\modulebuilder.lang","InfoForApiFile","* When you generate file for the first time then all methods will be created <strong>for each object.</strong><br>* When you click in <strong>remove</strong> you just remove all methods for the <strong>selected object</strong>.","","needs_translation","Direct en_US vs ms_MY gap"
"lang\ms_MY\modulebuilder.lang","InitStructureFromExistingTable","Build the structure array string of an existing table","","needs_translation","Direct en_US vs ms_MY gap"
"lang\ms_MY\modulebuilder.lang","IsAMeasure","Is a measure","","needs_translation","Direct en_US vs ms_MY gap"
"lang\ms_MY\modulebuilder.lang","IsAMeasureDesc","Can the value of field be cumulated to get a total into list? (Examples: 1 or 0)","","needs_translation","Direct en_US vs ms_MY gap"
"lang\ms_MY\modulebuilder.lang","IsExtraFieldManaged","Does this object support extrafields?","","needs_translation","Direct en_US vs ms_MY gap"
"lang\ms_MY\modulebuilder.lang","IsMultiEntityManaged","Does this object support multicompany?","","needs_translation","Direct en_US vs ms_MY gap"
"lang\ms_MY\modulebuilder.lang","ItCanBeAnExpression","It can be an expression. Example:<br>preg_match('/public/', $_SERVER['PHP_SELF'])?0:1<br>$user->hasRight('holiday', 'define_holiday')?1:5","","needs_translation","Direct en_US vs ms_MY gap"
"lang\ms_MY\modulebuilder.lang","JSDesc","You can generate and edit here a file with personalized JavaScript embedded with your module.","","needs_translation","Direct en_US vs ms_MY gap"
"lang\ms_MY\modulebuilder.lang","JSFile","JavaScript file","","needs_translation","Direct en_US vs ms_MY gap"
"lang\ms_MY\modulebuilder.lang","KeyForTooltip","Key for tooltip","","needs_translation","Direct en_US vs ms_MY gap"
"lang\ms_MY\modulebuilder.lang","LanguageDefDesc","Enter in this files, all the key and the translation for each language file.","","needs_translation","Direct en_US vs ms_MY gap"
"lang\ms_MY\modulebuilder.lang","LanguageFile","File for language","","needs_translation","Direct en_US vs ms_MY gap"
"lang\ms_MY\modulebuilder.lang","LinkToParentMenu","Parent menu (fk_xxxxmenu)","","needs_translation","Direct en_US vs ms_MY gap"
"lang\ms_MY\modulebuilder.lang","ListOfDictionariesEntries","List of dictionaries entries","","needs_translation","Direct en_US vs ms_MY gap"
"lang\ms_MY\modulebuilder.lang","ListOfMenusEntries","List of menu entries","","needs_translation","Direct en_US vs ms_MY gap"
"lang\ms_MY\modulebuilder.lang","ListOfPermissionsDefined","List of defined permissions","","needs_translation","Direct en_US vs ms_MY gap"
"lang\ms_MY\modulebuilder.lang","ListOfTabsEntries","List of tab entries","","needs_translation","Direct en_US vs ms_MY gap"
"lang\ms_MY\modulebuilder.lang","MenuAddedSuccessfuly","Menu has been successfully added","","needs_translation","Direct en_US vs ms_MY gap"
"lang\ms_MY\modulebuilder.lang","MenuDeletedSuccessfuly","Menu has been successfully deleted","","needs_translation","Direct en_US vs ms_MY gap"
"lang\ms_MY\modulebuilder.lang","MenusDefDesc","Define here the menus provided by your module","","needs_translation","Direct en_US vs ms_MY gap"
"lang\ms_MY\modulebuilder.lang","MenusDefDescTooltip","The menus provided by your module/application are defined into the array <strong>$this->menus</strong> into the module descriptor file. You can edit manually this file or use the embedded editor.<br><br>Note: Once defined (and the module re-activated), the menus are also visible into the menu editor available to administrator users on %s.","","needs_translation","Direct en_US vs ms_MY gap"
"lang\ms_MY\modulebuilder.lang","MenuUpdatedSuccessfuly","Menu has been successfully updated","","needs_translation","Direct en_US vs ms_MY gap"
"lang\ms_MY\modulebuilder.lang","ModuleBuilderDesc","This tool must be used only by experienced users or developers. It provides utilities to build or edit your own module. Documentation for alternative <a href=""%s"" target=""_blank"" rel=""noopener noreferrer"">manual development is here</a>.","","needs_translation","Direct en_US vs ms_MY gap"
"lang\ms_MY\modulebuilder.lang","ModuleBuilderDesc2","Path where modules are generated/edited (first directory for external modules defined into %s): <strong>%s</strong>","","needs_translation","Direct en_US vs ms_MY gap"
"lang\ms_MY\modulebuilder.lang","ModuleBuilderDesc3","Generated/editable modules found: <strong>%s</strong>","","needs_translation","Direct en_US vs ms_MY gap"
"lang\ms_MY\modulebuilder.lang","ModuleBuilderDesc4","A module is detected as a 'module for Module Builer' when the file <strong>%s</strong> exists in the root of the module directory","","needs_translation","Direct en_US vs ms_MY gap"
"lang\ms_MY\modulebuilder.lang","ModuleBuilderDescbuildpackage","You can generate here a ""ready to distribute"" package file (a normalized .zip file) of your module and a ""ready to distribute"" documentation file. Just click on button to build the package or documentation file.","","needs_translation","Direct en_US vs ms_MY gap"
"lang\ms_MY\modulebuilder.lang","ModuleBuilderDescdescription","Enter here all general information that describe your module.","","needs_translation","Direct en_US vs ms_MY gap"
"lang\ms_MY\modulebuilder.lang","ModuleBuilderDeschooks","This tab is dedicated to hooks.","","needs_translation","Direct en_US vs ms_MY gap"
"lang\ms_MY\modulebuilder.lang","ModuleBuilderDescmenus","This tab is dedicated to define menu entries provided by your module.","","needs_translation","Direct en_US vs ms_MY gap"
"lang\ms_MY\modulebuilder.lang","ModuleBuilderDescobjects","Define here the objects you want to manage with your module. A CRUD DAO class, SQL files, page to list record of objects, to create/edit/view a record and an API will be generated.","","needs_translation","Direct en_US vs ms_MY gap"
"lang\ms_MY\modulebuilder.lang","ModuleBuilderDescpermissions","This tab is dedicated to define the new permissions you want to provide with your module.","","needs_translation","Direct en_US vs ms_MY gap"
"lang\ms_MY\modulebuilder.lang","ModuleBuilderDescspecifications","You can enter here a detailed description of the specifications of your module that is not already structured into other tabs. So you have within easy reach all the rules to develop. Also this text content will be included into the generated documentation (see last tab). You can use Markdown format, but it is recommended to use Asciidoc format (comparison between .md and .asciidoc: http://asciidoctor.org/docs/user-manual/#compared-to-markdown).","","needs_translation","Direct en_US vs ms_MY gap"
"lang\ms_MY\modulebuilder.lang","ModuleBuilderDesctriggers","This is the view of triggers provided by your module. To include code executed when a triggered business event is launched, just edit this file.","","needs_translation","Direct en_US vs ms_MY gap"
"lang\ms_MY\modulebuilder.lang","ModuleBuilderDescwidgets","This tab is dedicated to manage/build widgets.","","needs_translation","Direct en_US vs ms_MY gap"
"lang\ms_MY\modulebuilder.lang","ModuleBuilderNotAllowed","The module builder is available but not allowed to your user.","","needs_translation","Direct en_US vs ms_MY gap"
"lang\ms_MY\modulebuilder.lang","ModuleInitialized","Module files initialized into directory <b>%s</b>","","needs_translation","Direct en_US vs ms_MY gap"
"lang\ms_MY\modulebuilder.lang","ModuleIsLive","This module has been activated. Any change may break a current live feature.","","needs_translation","Direct en_US vs ms_MY gap"
"lang\ms_MY\modulebuilder.lang","ModuleIsNotActive","This module is not activated yet. Go to %s to make it live or click here","","needs_translation","Direct en_US vs ms_MY gap"
"lang\ms_MY\modulebuilder.lang","ModuleKey","Module key","","needs_translation","Direct en_US vs ms_MY gap"
"lang\ms_MY\modulebuilder.lang","ModuleName","Module name","","needs_translation","Direct en_US vs ms_MY gap"
"lang\ms_MY\modulebuilder.lang","ModuleTranslatedIntoLangForKeyInto","Translated into a .lang file for key %s into ""%s""","","needs_translation","Direct en_US vs ms_MY gap"
"lang\ms_MY\modulebuilder.lang","NewDictionary","New dictionary","","needs_translation","Direct en_US vs ms_MY gap"
"lang\ms_MY\modulebuilder.lang","NewObjectInModulebuilder","New object","","needs_translation","Direct en_US vs ms_MY gap"
"lang\ms_MY\modulebuilder.lang","NoCLIFile","No CLI files","","needs_translation","Direct en_US vs ms_MY gap"
"lang\ms_MY\modulebuilder.lang","NoEmailingSelector","No emails selector file","","needs_translation","Direct en_US vs ms_MY gap"
"lang\ms_MY\modulebuilder.lang","NotEditable","Not editable","","needs_translation","Direct en_US vs ms_MY gap"
"lang\ms_MY\modulebuilder.lang","NotNull","Not NULL","","needs_translation","Direct en_US vs ms_MY gap"
"lang\ms_MY\modulebuilder.lang","NotNullDesc","1=Set database to NOT NULL, 0=Allow null values, -1=Allow null values by forcing value to NULL if empty ('' or 0)","","needs_translation","Direct en_US vs ms_MY gap"
"lang\ms_MY\modulebuilder.lang","NoTrigger","No trigger","","needs_translation","Direct en_US vs ms_MY gap"
"lang\ms_MY\modulebuilder.lang","NoWidget","No widget","","needs_translation","Direct en_US vs ms_MY gap"
"lang\ms_MY\modulebuilder.lang","ObjectKey","Object key","","needs_translation","Direct en_US vs ms_MY gap"
"lang\ms_MY\modulebuilder.lang","ObjectProperties","Object Properties","","needs_translation","Direct en_US vs ms_MY gap"
"lang\ms_MY\modulebuilder.lang","PageForAgendaTab","PHP page for event tab","","needs_translation","Direct en_US vs ms_MY gap"
"lang\ms_MY\modulebuilder.lang","PageForContactTab","PHP page for contact tab","","needs_translation","Direct en_US vs ms_MY gap"
"lang\ms_MY\modulebuilder.lang","PageForCreateEditView","PHP page to create/edit/view a record","","needs_translation","Direct en_US vs ms_MY gap"
"lang\ms_MY\modulebuilder.lang","PageForDocumentTab","PHP page for document tab","","needs_translation","Direct en_US vs ms_MY gap"
"lang\ms_MY\modulebuilder.lang","PageForLib","File for the common PHP library","","needs_translation","Direct en_US vs ms_MY gap"
"lang\ms_MY\modulebuilder.lang","PageForList","PHP page for list of record","","needs_translation","Direct en_US vs ms_MY gap"
"lang\ms_MY\modulebuilder.lang","PageForNoteTab","PHP page for note tab","","needs_translation","Direct en_US vs ms_MY gap"
"lang\ms_MY\modulebuilder.lang","PageForObjLib","File for the PHP library dedicated to object","","needs_translation","Direct en_US vs ms_MY gap"
"lang\ms_MY\modulebuilder.lang","PageLinkedByAMenuEntry","Page linked by at least one menu entry","","needs_translation","Direct en_US vs ms_MY gap"
"lang\ms_MY\modulebuilder.lang","PathToModuleDocumentation","Path to file of module/application documentation (%s)","","needs_translation","Direct en_US vs ms_MY gap"
"lang\ms_MY\modulebuilder.lang","PathToModulePackage","Path to zip of module/application package","","needs_translation","Direct en_US vs ms_MY gap"
"lang\ms_MY\modulebuilder.lang","PermissionAddedSuccesfuly","Permission has been successfully added","","needs_translation","Direct en_US vs ms_MY gap"
"lang\ms_MY\modulebuilder.lang","PermissionDeletedSuccesfuly","Permission has been successfully removed","","needs_translation","Direct en_US vs ms_MY gap"
"lang\ms_MY\modulebuilder.lang","PermissionsDefDesc","Define here the new permissions provided by your module","","needs_translation","Direct en_US vs ms_MY gap"
"lang\ms_MY\modulebuilder.lang","PermissionsDefDescTooltip","The permissions provided by your module/application are defined into the array <strong>$this->rights</strong> into the module descriptor file. You can edit manually this file or use the embedded editor.<br><br>Note: Once defined (and module re-activated), permissions are visible into the default permissions setup %s.","","needs_translation","Direct en_US vs ms_MY gap"
"lang\ms_MY\modulebuilder.lang","PermissionUpdatedSuccesfuly","Permission has been successfully updated","","needs_translation","Direct en_US vs ms_MY gap"
"lang\ms_MY\modulebuilder.lang","PropertyDesc","A property is an attribute that characterizes an object. This attribute has a code, a label and a type with several options.","","needs_translation","Direct en_US vs ms_MY gap"
"lang\ms_MY\modulebuilder.lang","PropertyModuleUpdated","Property <b>%s</b> has been update successfully","","needs_translation","Direct en_US vs ms_MY gap"
"lang\ms_MY\modulebuilder.lang","ReadmeFile","Readme file","","needs_translation","Direct en_US vs ms_MY gap"
"lang\ms_MY\modulebuilder.lang","RealPathOfModule","Real path of module","","needs_translation","Direct en_US vs ms_MY gap"
"lang\ms_MY\modulebuilder.lang","RegenerateClassAndSql","Force update of .class and .sql files","","needs_translation","Direct en_US vs ms_MY gap"
"lang\ms_MY\modulebuilder.lang","RegenerateMissingFiles","Generate missing files","","needs_translation","Direct en_US vs ms_MY gap"
"lang\ms_MY\modulebuilder.lang","SearchAll","Used for 'search all'","","needs_translation","Direct en_US vs ms_MY gap"
"lang\ms_MY\modulebuilder.lang","SearchAllDesc","Is the field used to make a search from the quick search tool? (Examples: 1 or 0)","","needs_translation","Direct en_US vs ms_MY gap"
"lang\ms_MY\modulebuilder.lang","SeeExamples","See examples here","","needs_translation","Direct en_US vs ms_MY gap"
"lang\ms_MY\modulebuilder.lang","SeeIDsInUse","See IDs in use in your installation","","needs_translation","Direct en_US vs ms_MY gap"
"lang\ms_MY\modulebuilder.lang","SeeReservedIDsRangeHere","See range of reserved IDs","","needs_translation","Direct en_US vs ms_MY gap"
"lang\ms_MY\modulebuilder.lang","SeeTopRightMenu","See <span class=""fa fa-bug""></span> on the top right menu","","needs_translation","Direct en_US vs ms_MY gap"
"lang\ms_MY\modulebuilder.lang","SetupFile","Page for module setup","","needs_translation","Direct en_US vs ms_MY gap"
"lang\ms_MY\modulebuilder.lang","ShowOnCombobox","Show value into combo boxes","","needs_translation","Direct en_US vs ms_MY gap"
"lang\ms_MY\modulebuilder.lang","SpaceOrSpecialCharAreNotAllowed","Spaces or special characters are not allowed.","","needs_translation","Direct en_US vs ms_MY gap"
"lang\ms_MY\modulebuilder.lang","SpecDefDesc","Enter here all documentation you want to provide with your module that is not already defined by other tabs. You can use .md or better, the rich .asciidoc syntax.","","needs_translation","Direct en_US vs ms_MY gap"
"lang\ms_MY\modulebuilder.lang","SpecificationFile","File of documentation","","needs_translation","Direct en_US vs ms_MY gap"
"lang\ms_MY\modulebuilder.lang","SqlFile","Sql file","","needs_translation","Direct en_US vs ms_MY gap"
"lang\ms_MY\modulebuilder.lang","SqlFileExtraFields","Sql file for complementary attributes","","needs_translation","Direct en_US vs ms_MY gap"
"lang\ms_MY\modulebuilder.lang","SqlFileKey","Sql file for keys","","needs_translation","Direct en_US vs ms_MY gap"
"lang\ms_MY\modulebuilder.lang","SqlFileKeyExtraFields","Sql file for keys of complementary attributes","","needs_translation","Direct en_US vs ms_MY gap"
"lang\ms_MY\modulebuilder.lang","TableDoesNotExists","The table %s does not exists","","needs_translation","Direct en_US vs ms_MY gap"
"lang\ms_MY\modulebuilder.lang","TableDropped","Table %s deleted","","needs_translation","Direct en_US vs ms_MY gap"
"lang\ms_MY\modulebuilder.lang","TableNotEmptyDropCanceled","Table not empty. Drop has been canceled.","","needs_translation","Direct en_US vs ms_MY gap"
"lang\ms_MY\modulebuilder.lang","Tabs","Tabs","","needs_translation","Direct en_US vs ms_MY gap"
"lang\ms_MY\modulebuilder.lang","TabsDefDesc","Define here the tabs provided by your module","","needs_translation","Direct en_US vs ms_MY gap"
"lang\ms_MY\modulebuilder.lang","TabsDefDescTooltip","The tabs provided by your module/application are defined into the array <strong>$this->tabs</strong> into the module descriptor file. You can edit manually this file or use the embedded editor.","","needs_translation","Direct en_US vs ms_MY gap"
"lang\ms_MY\modulebuilder.lang","TestClassFile","File for PHP Unit Test class","","needs_translation","Direct en_US vs ms_MY gap"
"lang\ms_MY\modulebuilder.lang","ToolkitForDevelopers","Toolkit for Dolibarr developers","","needs_translation","Direct en_US vs ms_MY gap"
"lang\ms_MY\modulebuilder.lang","TriggerDefDesc","Define in the trigger file the code that you want to execute when a business event external to your module is executed (events triggered by other modules).","","needs_translation","Direct en_US vs ms_MY gap"
"lang\ms_MY\modulebuilder.lang","TriggersFile","File for triggers code","","needs_translation","Direct en_US vs ms_MY gap"
"lang\ms_MY\modulebuilder.lang","TryToUseTheModuleBuilder","If you have knowledge of SQL and PHP, you may use the native module builder wizard.<br>Enable the module <strong>%s</strong> and use the wizard by clicking the <span class=""fa fa-bug""></span> on the top right menu.<br>Warning: This is an advanced developer feature, do <b>not</b> experiment on your production site!","","needs_translation","Direct en_US vs ms_MY gap"
"lang\ms_MY\modulebuilder.lang","TypeOfFieldsHelp","Example:<br>varchar(99)<br>email<br>phone<br>ip<br>url<br>password<br>double(24,8)<br>real<br>text<br>html<br>date<br>datetime<br>timestamp<br>stars(NumberOfStars) NumberOfStars must be between 1 and 10.<br>integer<br>integer:ClassName:relativepath/to/classfile.class.php[:1[:filter]]<br><br>'1' means we add a + button after the combo to create the record<br>'filter' is an Universal Filter syntax condition, example: '((status:=:1) AND (fk_user:=:__USER_ID__) AND (entity:IN:(__SHARED_ENTITIES__))'","","needs_translation","Direct en_US vs ms_MY gap"
"lang\ms_MY\modulebuilder.lang","TypeOfFieldsHelpIntro","This is the type of the field/attribute.","","needs_translation","Direct en_US vs ms_MY gap"
"lang\ms_MY\modulebuilder.lang","UseAboutPage","Do not generate the About page","","needs_translation","Direct en_US vs ms_MY gap"
"lang\ms_MY\modulebuilder.lang","UseAsciiDocFormat","You can use Markdown format, but it is recommended to use Asciidoc format (omparison between .md and .asciidoc: http://asciidoctor.org/docs/user-manual/#compared-to-markdown)","","needs_translation","Direct en_US vs ms_MY gap"
"lang\ms_MY\modulebuilder.lang","UseDocFolder","Disable the documentation folder","","needs_translation","Direct en_US vs ms_MY gap"
"lang\ms_MY\modulebuilder.lang","UseSpecificAuthor"," Use a specific author","","needs_translation","Direct en_US vs ms_MY gap"
"lang\ms_MY\modulebuilder.lang","UseSpecificEditorName"," Use a specific editor name","","needs_translation","Direct en_US vs ms_MY gap"
"lang\ms_MY\modulebuilder.lang","UseSpecificEditorURL"," Use a specific editor URL","","needs_translation","Direct en_US vs ms_MY gap"
"lang\ms_MY\modulebuilder.lang","UseSpecificFamily"," Use a specific family","","needs_translation","Direct en_US vs ms_MY gap"
"lang\ms_MY\modulebuilder.lang","UseSpecificReadme","Use a specific ReadMe","","needs_translation","Direct en_US vs ms_MY gap"
"lang\ms_MY\modulebuilder.lang","UseSpecificVersion"," Use a specific initial version","","needs_translation","Direct en_US vs ms_MY gap"
"lang\ms_MY\modulebuilder.lang","ValidateModBuilderDesc","Set this to 1 if you want to have the method $this->validateField() of object being called to validate the content of the field during insert or update. Set 0 if there is no validation required.","","needs_translation","Direct en_US vs ms_MY gap"
"lang\ms_MY\modulebuilder.lang","VisibleDesc","Is the field visible ? (Examples: 0=Never visible, 1=Visible on list and create/update/view forms, 2=Visible on list only, 3=Visible on create/update/view form only (not on lists), 4=Visible on lists and update/view form only (not create), 5=Visible on list and view form only (not create, not update).<br><br>Using a negative value means field is not shown by default on list but can be selected for viewing).","","needs_translation","Direct en_US vs ms_MY gap"
"lang\ms_MY\modulebuilder.lang","WarningDatabaseIsNotUpdated","Warning: The database is not updated automatically, you must destroy tables and disable-enable the module to have tables recreated","","needs_translation","Direct en_US vs ms_MY gap"
"lang\ms_MY\modulebuilder.lang","WidgetDesc","You can generate and edit here the widgets that will be embedded with your module.","","needs_translation","Direct en_US vs ms_MY gap"
"lang\ms_MY\modulebuilder.lang","WidgetFile","Widget file","","needs_translation","Direct en_US vs ms_MY gap"
"lang\ms_MY\modulebuilder.lang","YouCanUseTranslationKey","You can use here a key that is the translation key found into language file (see tab ""Languages"")","","needs_translation","Direct en_US vs ms_MY gap"
"lang\ms_MY\mrp.lang","AddNewConsumeLines","Add new line to consume","","needs_translation","Direct en_US vs ms_MY gap"
"lang\ms_MY\mrp.lang","AddNewProduceLines","Add new line to produce","","needs_translation","Direct en_US vs ms_MY gap"
"lang\ms_MY\mrp.lang","AutoCloseMO","Close automatically the Manufacturing Order if quantities to consume and to produce are reached","","needs_translation","Direct en_US vs ms_MY gap"
"lang\ms_MY\mrp.lang","BadValueForquantityToConsume","Quantity to consume for a material cannot be 0 or negative","","needs_translation","Direct en_US vs ms_MY gap"
"lang\ms_MY\mrp.lang","BillOfMaterialsLines","Bill of Materials lines","","needs_translation","Direct en_US vs ms_MY gap"
"lang\ms_MY\mrp.lang","BOM_SUB_BOM","Use sub-boms","","needs_translation","Direct en_US vs ms_MY gap"
"lang\ms_MY\mrp.lang","BomAndBomLines","Bills Of Material and lines","","needs_translation","Direct en_US vs ms_MY gap"
"lang\ms_MY\mrp.lang","BomCantAddChildBom","The nomenclature %s is already present in the tree leading to the nomenclature %s","","needs_translation","Direct en_US vs ms_MY gap"
"lang\ms_MY\mrp.lang","BOMNetNeeds"," BOM Net Needs","","needs_translation","Direct en_US vs ms_MY gap"
"lang\ms_MY\mrp.lang","BOMofRef","BOM of %s","","needs_translation","Direct en_US vs ms_MY gap"
"lang\ms_MY\mrp.lang","BOMProductsList","BOM's products","","needs_translation","Direct en_US vs ms_MY gap"
"lang\ms_MY\mrp.lang","BOMServicesList","BOM's services","","needs_translation","Direct en_US vs ms_MY gap"
"lang\ms_MY\mrp.lang","BOMsModelModule","BOM document templates","","needs_translation","Direct en_US vs ms_MY gap"
"lang\ms_MY\mrp.lang","BOMsNumberingModules","BOM numbering templates","","needs_translation","Direct en_US vs ms_MY gap"
"lang\ms_MY\mrp.lang","BOMsSetup","Setup of module BOM","","needs_translation","Direct en_US vs ms_MY gap"
"lang\ms_MY\mrp.lang","BOMTotalCost","The cost to produce this BOM based on cost of each quantity and product to consume (use Cost price if defined, else Average Weighted Price if defined, else the Best purchase price)","","needs_translation","Direct en_US vs ms_MY gap"
"lang\ms_MY\mrp.lang","BOMTotalCostService","If the ""Workstation"" module is activated and a workstation is defined by default on the line, then the calculation is ""quantity (converted into hours) x workstation ahr"", otherwise ""quantity x cost price of the service""","","needs_translation","Direct en_US vs ms_MY gap"
"lang\ms_MY\mrp.lang","CancelMo","Cancel Manufacturing Order","","needs_translation","Direct en_US vs ms_MY gap"
"lang\ms_MY\mrp.lang","CancelMoValidated"," Manufacturing order %s canceled","","needs_translation","Direct en_US vs ms_MY gap"
"lang\ms_MY\mrp.lang","CancelProductionForRef","Cancellation of product stock decrementation for product %s","","needs_translation","Direct en_US vs ms_MY gap"
"lang\ms_MY\mrp.lang","CloneDefBomProduct","Clone the default BOM to use to manufacture the product","","needs_translation","Direct en_US vs ms_MY gap"
"lang\ms_MY\mrp.lang","CloneOtherBomsProduct","Clone all BOMs that can be used to manufacture the product","","needs_translation","Direct en_US vs ms_MY gap"
"lang\ms_MY\mrp.lang","CollapseBOMHelp","You can define the default display of the details of the nomenclature in the configuration of the BOM module","","needs_translation","Direct en_US vs ms_MY gap"
"lang\ms_MY\mrp.lang","ConfirmCancelMo","Are you sure you want to cancel this Manufacturing Order?","","needs_translation","Direct en_US vs ms_MY gap"
"lang\ms_MY\mrp.lang","ConfirmCloneBillOfMaterials","Are you sure you want to clone the bill of materials %s ?","","needs_translation","Direct en_US vs ms_MY gap"
"lang\ms_MY\mrp.lang","ConfirmCloneMo","Are you sure you want to clone the Manufacturing Order %s ?","","needs_translation","Direct en_US vs ms_MY gap"
"lang\ms_MY\mrp.lang","ConfirmCloseBom","Are you sure you want to cancel this BOM (you won't be able to use it to build new Manufacturing Orders anymore) ?","","needs_translation","Direct en_US vs ms_MY gap"
"lang\ms_MY\mrp.lang","ConfirmDeleteBillOfMaterials","Are you sure you want to delete this Bill Of Materials?","","needs_translation","Direct en_US vs ms_MY gap"
"lang\ms_MY\mrp.lang","ConfirmDeleteMo","Are you sure you want to delete this Manufacturing Order?","","needs_translation","Direct en_US vs ms_MY gap"
"lang\ms_MY\mrp.lang","ConfirmDisableWorkstation","Are you sure you want to disable workstation <b>%s</b> ?","","needs_translation","Direct en_US vs ms_MY gap"
"lang\ms_MY\mrp.lang","ConfirmEnableWorkstation","Are you sure you want to enable workstation <b>%s</b> ?","","needs_translation","Direct en_US vs ms_MY gap"
"lang\ms_MY\mrp.lang","ConfirmMassChangeDateEnd"," Confirmation of mass modification of the planned end date","","needs_translation","Direct en_US vs ms_MY gap"
"lang\ms_MY\mrp.lang","ConfirmMassChangeDateEndQuestion"," Are you sure you want to modify the %s selected record(s)?","","needs_translation","Direct en_US vs ms_MY gap"
"lang\ms_MY\mrp.lang","ConfirmMassChangeDateStart"," Confirmation of mass modification of the planned start date","","needs_translation","Direct en_US vs ms_MY gap"
"lang\ms_MY\mrp.lang","ConfirmMassChangeDateStartQuestion"," Are you sure you want to modify the %s selected record(s)?","","needs_translation","Direct en_US vs ms_MY gap"
"lang\ms_MY\mrp.lang","ConfirmProductionDesc","By clicking on '%s', you will validate the consumption and/or production for the quantities set. This will also update the stock and record stock movements.","","needs_translation","Direct en_US vs ms_MY gap"
"lang\ms_MY\mrp.lang","ConfirmReopenBom","Are you sure you want to re-open this BOM (you will be able to use it to build new Manufacturing Orders)","","needs_translation","Direct en_US vs ms_MY gap"
"lang\ms_MY\mrp.lang","ConfirmValidateBom","Are you sure you want to validate the BOM with the reference <strong>%s</strong> (you will be able to use it to build new Manufacturing Orders)","","needs_translation","Direct en_US vs ms_MY gap"
"lang\ms_MY\mrp.lang","ConfirmValidateMo","Are you sure you want to validate this Manufacturing Order?","","needs_translation","Direct en_US vs ms_MY gap"
"lang\ms_MY\mrp.lang","ConsumeAndProduceAll","Consume and Produce All","","needs_translation","Direct en_US vs ms_MY gap"
"lang\ms_MY\mrp.lang","ConsumeOrProduce","Consume or Produce","","needs_translation","Direct en_US vs ms_MY gap"
"lang\ms_MY\mrp.lang","Consumption","Consumption","","needs_translation","Direct en_US vs ms_MY gap"
"lang\ms_MY\mrp.lang","ConsumptionAndProductionInMos","Manufacturing Orders and lines of Consumption and Production","","needs_translation","Direct en_US vs ms_MY gap"
"lang\ms_MY\mrp.lang","ConsumptionEfficiency","Consumption efficiency","","needs_translation","Direct en_US vs ms_MY gap"
"lang\ms_MY\mrp.lang","CreateMO","Create MO","","needs_translation","Direct en_US vs ms_MY gap"
"lang\ms_MY\mrp.lang","DateEndPlannedMo","Date end planned","","needs_translation","Direct en_US vs ms_MY gap"
"lang\ms_MY\mrp.lang","DateStartPlannedMo","Date start planned","","needs_translation","Direct en_US vs ms_MY gap"
"lang\ms_MY\mrp.lang","DefaultWorkstation","Default workstation","","needs_translation","Direct en_US vs ms_MY gap"
"lang\ms_MY\mrp.lang","DeleteBillOfMaterials","Delete Bill Of Materials","","needs_translation","Direct en_US vs ms_MY gap"
"lang\ms_MY\mrp.lang","DeleteMo","Delete Manufacturing Order","","needs_translation","Direct en_US vs ms_MY gap"
"lang\ms_MY\mrp.lang","DeleteMoChild"," Delete the child MOs linked to this MO %s","","needs_translation","Direct en_US vs ms_MY gap"
"lang\ms_MY\mrp.lang","DeleteWorkstation","Delete","","needs_translation","Direct en_US vs ms_MY gap"
"lang\ms_MY\mrp.lang","DisableAWorkstation","Disable a workstation","","needs_translation","Direct en_US vs ms_MY gap"
"lang\ms_MY\mrp.lang","DisableStockChange","Stock change disabled","","needs_translation","Direct en_US vs ms_MY gap"
"lang\ms_MY\mrp.lang","DisableStockChangeHelp","When this flag is set, there is no stock change on this product, whatever is the quantity consumed","","needs_translation","Direct en_US vs ms_MY gap"
"lang\ms_MY\mrp.lang","Disassemble","Disassemble","","needs_translation","Direct en_US vs ms_MY gap"
"lang\ms_MY\mrp.lang","EnableAWorkstation","Enable a workstation","","needs_translation","Direct en_US vs ms_MY gap"
"lang\ms_MY\mrp.lang","ErrorAVirtualProductCantBeUsedIntoABomOrMo","A kit can't be used into a BOM or a MO","","needs_translation","Direct en_US vs ms_MY gap"
"lang\ms_MY\mrp.lang","ErrorCancelMo","Error updating cancellation","","needs_translation","Direct en_US vs ms_MY gap"
"lang\ms_MY\mrp.lang","ErrorEmptyChangeDate"," Please define a date","","needs_translation","Direct en_US vs ms_MY gap"
"lang\ms_MY\mrp.lang","ErrorModifyMoDate","Error updating date modification","","needs_translation","Direct en_US vs ms_MY gap"
"lang\ms_MY\mrp.lang","ErrorModifyMoDateEnd"," You must choose an end date later than the start date. %s","","needs_translation","Direct en_US vs ms_MY gap"
"lang\ms_MY\mrp.lang","ErrorModifyMoDateStart"," You must choose a start date earlier than the current end date. %s","","needs_translation","Direct en_US vs ms_MY gap"
"lang\ms_MY\mrp.lang","ErrorObjectMustHaveStatusDraftToModifyDate"," The object %s must have the 'Draft' status to be modified","","needs_translation","Direct en_US vs ms_MY gap"
"lang\ms_MY\mrp.lang","ErrorObjectMustHaveStatusValidatedToBeCanceled"," The object %s must have the 'Validated' status to be canceled","","needs_translation","Direct en_US vs ms_MY gap"
"lang\ms_MY\mrp.lang","ErrorObjectMustNotBeFinishedToModifyDateEnd"," Object %s must not be finished to modify the end date.","","needs_translation","Direct en_US vs ms_MY gap"
"lang\ms_MY\mrp.lang","ErrorObjectMustNotBeFinishedToModifyDateStart"," Object %s must not be finished to modify the start date.","","needs_translation","Direct en_US vs ms_MY gap"
"lang\ms_MY\mrp.lang","ErrorProductCloneBom","Error: Failed to clone a BOM","","needs_translation","Direct en_US vs ms_MY gap"
"lang\ms_MY\mrp.lang","EstimatedDuration","Estimated duration","","needs_translation","Direct en_US vs ms_MY gap"
"lang\ms_MY\mrp.lang","EstimatedDurationDesc","Estimated duration to manufacture (or disassemble) this product using this BOM","","needs_translation","Direct en_US vs ms_MY gap"
"lang\ms_MY\mrp.lang","ForAQuantityOf","For a quantity to produce of %s","","needs_translation","Direct en_US vs ms_MY gap"
"lang\ms_MY\mrp.lang","ForAQuantityToConsumeOf","For a quantity to disassemble of %s","","needs_translation","Direct en_US vs ms_MY gap"
"lang\ms_MY\mrp.lang","FreeLegalTextOnBOMs","Free text on document of BOM","","needs_translation","Direct en_US vs ms_MY gap"
"lang\ms_MY\mrp.lang","FreeLegalTextOnMOs","Free text on document of MO","","needs_translation","Direct en_US vs ms_MY gap"
"lang\ms_MY\mrp.lang","GoOnTabProductionToProduceFirst","You must first have started the production to close a Manufacturing Order (See tab '%s'). But you can Cancel it.","","needs_translation","Direct en_US vs ms_MY gap"
"lang\ms_MY\mrp.lang","Human","Human","","needs_translation","Direct en_US vs ms_MY gap"
"lang\ms_MY\mrp.lang","HumanMachine","Human / Machine","","needs_translation","Direct en_US vs ms_MY gap"
"lang\ms_MY\mrp.lang","KeepEmptyForAsap","Empty means 'As Soon As Possible'","","needs_translation","Direct en_US vs ms_MY gap"
"lang\ms_MY\mrp.lang","LatestBOMModified","Latest %s Bills of materials modified","","needs_translation","Direct en_US vs ms_MY gap"
"lang\ms_MY\mrp.lang","LatestMOModified","Latest %s Manufacturing Orders modified","","needs_translation","Direct en_US vs ms_MY gap"
"lang\ms_MY\mrp.lang","ListOfBOMs","Bills of material - BOM","","needs_translation","Direct en_US vs ms_MY gap"
"lang\ms_MY\mrp.lang","ListOfManufacturingOrders","Manufacturing Orders","","needs_translation","Direct en_US vs ms_MY gap"
"lang\ms_MY\mrp.lang","Machine","Machine","","needs_translation","Direct en_US vs ms_MY gap"
"lang\ms_MY\mrp.lang","Machines","Machines","","needs_translation","Direct en_US vs ms_MY gap"
"lang\ms_MY\mrp.lang","Manufactured","Manufactured","","needs_translation","Direct en_US vs ms_MY gap"
"lang\ms_MY\mrp.lang","ManufacturingCost","Manufacturing cost","","needs_translation","Direct en_US vs ms_MY gap"
"lang\ms_MY\mrp.lang","ManufacturingEfficiency","Manufacturing efficiency","","needs_translation","Direct en_US vs ms_MY gap"
"lang\ms_MY\mrp.lang","ManufacturingGeneratedValue","Manufacturing value generated","","needs_translation","Direct en_US vs ms_MY gap"
"lang\ms_MY\mrp.lang","ManufacturingOrderLine","Line of Manufacturing Order (consumption/production)","","needs_translation","Direct en_US vs ms_MY gap"
"lang\ms_MY\mrp.lang","ManufacturingUnitCost","Unit manufacturing cost","","needs_translation","Direct en_US vs ms_MY gap"
"lang\ms_MY\mrp.lang","MenuBOM","Bills of material","","needs_translation","Direct en_US vs ms_MY gap"
"lang\ms_MY\mrp.lang","MenuMRP","Manufacturing Orders","","needs_translation","Direct en_US vs ms_MY gap"
"lang\ms_MY\mrp.lang","Mo","Manufacturing","","needs_translation","Direct en_US vs ms_MY gap"
"lang\ms_MY\mrp.lang","MOAndLines","Manufacturing Orders and lines","","needs_translation","Direct en_US vs ms_MY gap"
"lang\ms_MY\mrp.lang","MoCancelConsumedAndProducedLines","Cancel also all the consumed and produced lines (delete lines and rollback stocks)","","needs_translation","Direct en_US vs ms_MY gap"
"lang\ms_MY\mrp.lang","MoChangeDateEnd"," Modify end date","","needs_translation","Direct en_US vs ms_MY gap"
"lang\ms_MY\mrp.lang","MoChangeDateStart"," Modify start date","","needs_translation","Direct en_US vs ms_MY gap"
"lang\ms_MY\mrp.lang","MOChild","MO Child","","needs_translation","Direct en_US vs ms_MY gap"
"lang\ms_MY\mrp.lang","MoChildGenerate","Generate Child Mo","","needs_translation","Direct en_US vs ms_MY gap"
"lang\ms_MY\mrp.lang","MoChildsDeleted"," All child MOs have been deleted","","needs_translation","Direct en_US vs ms_MY gap"
"lang\ms_MY\mrp.lang","ModifyDateEnd"," New planned end date","","needs_translation","Direct en_US vs ms_MY gap"
"lang\ms_MY\mrp.lang","ModifyDateStart"," New planned start date","","needs_translation","Direct en_US vs ms_MY gap"
"lang\ms_MY\mrp.lang","ModifyMoDate"," Date modification validated for %s","","needs_translation","Direct en_US vs ms_MY gap"
"lang\ms_MY\mrp.lang","MOIsClosed","Manufacturing Order is closed","","needs_translation","Direct en_US vs ms_MY gap"
"lang\ms_MY\mrp.lang","MOProgress"," In progress","","needs_translation","Direct en_US vs ms_MY gap"
"lang\ms_MY\mrp.lang","MOs","Manufacturing orders","","needs_translation","Direct en_US vs ms_MY gap"
"lang\ms_MY\mrp.lang","MOsModelModule","MO document templates","","needs_translation","Direct en_US vs ms_MY gap"
"lang\ms_MY\mrp.lang","MOsNumberingModules","MO numbering templates","","needs_translation","Direct en_US vs ms_MY gap"
"lang\ms_MY\mrp.lang","MRPArea","MRP Area","","needs_translation","Direct en_US vs ms_MY gap"
"lang\ms_MY\mrp.lang","MrpSetupPage","Setup of module MRP","","needs_translation","Direct en_US vs ms_MY gap"
"lang\ms_MY\mrp.lang","NbOperatorsRequired","Number of operators required","","needs_translation","Direct en_US vs ms_MY gap"
"lang\ms_MY\mrp.lang","NewBOM","New bill of materials","","needs_translation","Direct en_US vs ms_MY gap"
"lang\ms_MY\mrp.lang","NewMO","New Manufacturing Order","","needs_translation","Direct en_US vs ms_MY gap"
"lang\ms_MY\mrp.lang","NewWorkstation","New workstation","","needs_translation","Direct en_US vs ms_MY gap"
"lang\ms_MY\mrp.lang","NoRemainQtyToDispatch","No quantity remaining to divide","","needs_translation","Direct en_US vs ms_MY gap"
"lang\ms_MY\mrp.lang","NoStockChangeOnServices","No stock change on services","","needs_translation","Direct en_US vs ms_MY gap"
"lang\ms_MY\mrp.lang","NoValidatedStatusMo"," Manufacturing order %s cannot be canceled because it is not validated","","needs_translation","Direct en_US vs ms_MY gap"
"lang\ms_MY\mrp.lang","ParentMo","MO Parent","","needs_translation","Direct en_US vs ms_MY gap"
"lang\ms_MY\mrp.lang","ProducedBy","Produced by","","needs_translation","Direct en_US vs ms_MY gap"
"lang\ms_MY\mrp.lang","ProductBOMHelp","Product to create (or disassemble) with this BOM.<br>Note: Products with the property 'Nature of product' = 'Raw material' are not visible into this list.","","needs_translation","Direct en_US vs ms_MY gap"
"lang\ms_MY\mrp.lang","ProductionForRef","Production of %s","","needs_translation","Direct en_US vs ms_MY gap"
"lang\ms_MY\mrp.lang","ProductQtyToConsumeByMO","Product quantity still to consume by open MO","","needs_translation","Direct en_US vs ms_MY gap"
"lang\ms_MY\mrp.lang","ProductQtyToProduceByMO","Product quantity still to produce by open MO","","needs_translation","Direct en_US vs ms_MY gap"
"lang\ms_MY\mrp.lang","ProductsToConsume","Products to consume","","needs_translation","Direct en_US vs ms_MY gap"
"lang\ms_MY\mrp.lang","ProductsToProduce","Products to produce","","needs_translation","Direct en_US vs ms_MY gap"
"lang\ms_MY\mrp.lang","QtyAlreadyConsumed","Qty already consumed","","needs_translation","Direct en_US vs ms_MY gap"
"lang\ms_MY\mrp.lang","QtyAlreadyConsumedShort","Qty consumed","","needs_translation","Direct en_US vs ms_MY gap"
"lang\ms_MY\mrp.lang","QtyAlreadyProduced","Qty already produced","","needs_translation","Direct en_US vs ms_MY gap"
"lang\ms_MY\mrp.lang","QtyAlreadyProducedShort","Qty produced","","needs_translation","Direct en_US vs ms_MY gap"
"lang\ms_MY\mrp.lang","QtyCantBeSplit"," Quantity cannot be split","","needs_translation","Direct en_US vs ms_MY gap"
"lang\ms_MY\mrp.lang","QtyFrozen","Frozen Qty","","needs_translation","Direct en_US vs ms_MY gap"
"lang\ms_MY\mrp.lang","QtyRequiredIfNoLoss","Qty required to produce the quantity defined into the BOM if there is no loss (if the manufacturing efficiency is 100%%)","","needs_translation","Direct en_US vs ms_MY gap"
"lang\ms_MY\mrp.lang","QtyToProduce","Qty to produce","","needs_translation","Direct en_US vs ms_MY gap"
"lang\ms_MY\mrp.lang","QtyTot","Qty Total","","needs_translation","Direct en_US vs ms_MY gap"
"lang\ms_MY\mrp.lang","QuantityConsumedInvariable","When this flag is set, the quantity consumed is always the value defined and is not relative to the quantity produced.","","needs_translation","Direct en_US vs ms_MY gap"
"lang\ms_MY\mrp.lang","QuantityFrozen","Frozen Quantity","","needs_translation","Direct en_US vs ms_MY gap"
"lang\ms_MY\mrp.lang","ReInitialize","Reinitialize","","needs_translation","Direct en_US vs ms_MY gap"
"lang\ms_MY\mrp.lang","ReInitializeHelp","Reinitialize the lines to consume and to produce (if the BOM has changed and the production has not started)","","needs_translation","Direct en_US vs ms_MY gap"
"lang\ms_MY\mrp.lang","SplitAllQuantity","Split all quantity","","needs_translation","Direct en_US vs ms_MY gap"
"lang\ms_MY\mrp.lang","StatusMOProduced","Produced","","needs_translation","Direct en_US vs ms_MY gap"
"lang\ms_MY\mrp.lang","StatusMrpProgress","In progress","","needs_translation","Direct en_US vs ms_MY gap"
"lang\ms_MY\mrp.lang","StatusMrpValidated","Validated","","needs_translation","Direct en_US vs ms_MY gap"
"lang\ms_MY\mrp.lang","TheProductXIsAlreadyTheProductToProduce","The product to add is already the product to produce.","","needs_translation","Direct en_US vs ms_MY gap"
"lang\ms_MY\mrp.lang","THMEstimatedHelp","This rate makes it possible to define a forecast cost of the item","","needs_translation","Direct en_US vs ms_MY gap"
"lang\ms_MY\mrp.lang","THMMachineEstimated","Estimated machine THM","","needs_translation","Direct en_US vs ms_MY gap"
"lang\ms_MY\mrp.lang","THMMachineEstimatedHelp","Estimated cost of machine per hour. Will be used to estimate cost of a BOM using this workstation.","","needs_translation","Direct en_US vs ms_MY gap"
"lang\ms_MY\mrp.lang","THMOperatorEstimated","Estimated operator THM","","needs_translation","Direct en_US vs ms_MY gap"
"lang\ms_MY\mrp.lang","THMOperatorEstimatedHelp","Estimated cost of operator per hour. Will be used to estimate cost of a BOM using this workstation.","","needs_translation","Direct en_US vs ms_MY gap"
"lang\ms_MY\mrp.lang","ToConsume","To consume","","needs_translation","Direct en_US vs ms_MY gap"
"lang\ms_MY\mrp.lang","ToObtain","To obtain","","needs_translation","Direct en_US vs ms_MY gap"
"lang\ms_MY\mrp.lang","TooltipDeleteAndRevertStockMovement","Delete line and revert stock movement","","needs_translation","Direct en_US vs ms_MY gap"
"lang\ms_MY\mrp.lang","ToProduce","To produce","","needs_translation","Direct en_US vs ms_MY gap"
"lang\ms_MY\mrp.lang","TotalCost","Total cost","","needs_translation","Direct en_US vs ms_MY gap"
"lang\ms_MY\mrp.lang","UnitCost","Unit cost","","needs_translation","Direct en_US vs ms_MY gap"
"lang\ms_MY\mrp.lang","UseSearchToSelectBom","Wait until a key is pressed before loading content of Boms combo list.<br>This may improve performance if you have a large number of projects, but it is less convenient.","","needs_translation","Direct en_US vs ms_MY gap"
"lang\ms_MY\mrp.lang","ValueOfMeansLoss","Value of 0.95 means an average of 5%% of loss during the manufacturing or the disassembly","","needs_translation","Direct en_US vs ms_MY gap"
"lang\ms_MY\mrp.lang","ValueOfMeansLossForProductProduced","Value of 0.95 means an average of 5%% of loss of produced product","","needs_translation","Direct en_US vs ms_MY gap"
"lang\ms_MY\mrp.lang","WarehouseForProduction","Warehouse for production","","needs_translation","Direct en_US vs ms_MY gap"
"lang\ms_MY\mrp.lang","WatermarkOnDraftBOMs","Watermark on draft BOM","","needs_translation","Direct en_US vs ms_MY gap"
"lang\ms_MY\mrp.lang","WatermarkOnDraftMOs","Watermark on draft MO","","needs_translation","Direct en_US vs ms_MY gap"
"lang\ms_MY\mrp.lang","Workstation","Workstation","","needs_translation","Direct en_US vs ms_MY gap"
"lang\ms_MY\mrp.lang","WorkstationArea","Workstation area","","needs_translation","Direct en_US vs ms_MY gap"
"lang\ms_MY\mrp.lang","WorkstationCreate","Add new workstation","","needs_translation","Direct en_US vs ms_MY gap"
"lang\ms_MY\mrp.lang","WorkstationList","Workstation list","","needs_translation","Direct en_US vs ms_MY gap"
"lang\ms_MY\mrp.lang","Workstations","Workstations","","needs_translation","Direct en_US vs ms_MY gap"
"lang\ms_MY\mrp.lang","WorkstationsDescription","Workstations management","","needs_translation","Direct en_US vs ms_MY gap"
"lang\ms_MY\mrp.lang","WorkstationSetup"," Workstations setup","","needs_translation","Direct en_US vs ms_MY gap"
"lang\ms_MY\mrp.lang","WorkstationSetupPage"," Workstations setup page","","needs_translation","Direct en_US vs ms_MY gap"
"lang\ms_MY\mrp.lang","WorkstationType","Workstation type","","needs_translation","Direct en_US vs ms_MY gap"
"lang\ms_MY\multicurrency.lang","AmountToOthercurrency","Amount To (in currency of receiving account)","","needs_translation","Direct en_US vs ms_MY gap"
"lang\ms_MY\multicurrency.lang","CancelUpdate","cancel","","needs_translation","Direct en_US vs ms_MY gap"
"lang\ms_MY\multicurrency.lang","Codemulticurrency","currency code","","needs_translation","Direct en_US vs ms_MY gap"
"lang\ms_MY\multicurrency.lang","ConfirmDeleteLineRate","Are you sure you want to remove the %s rate for currency %s on %s date?","","needs_translation","Direct en_US vs ms_MY gap"
"lang\ms_MY\multicurrency.lang","CreateRate","Create a rate","","needs_translation","Direct en_US vs ms_MY gap"
"lang\ms_MY\multicurrency.lang","CurrenciesUsed","Currencies used","","needs_translation","Direct en_US vs ms_MY gap"
"lang\ms_MY\multicurrency.lang","CurrenciesUsed_help_to_add","Add the different currencies and rates you need to use on your <b>proposals</b>, <b>orders</b> etc.","","needs_translation","Direct en_US vs ms_MY gap"
"lang\ms_MY\multicurrency.lang","CurrencyCode","Currency code","","needs_translation","Direct en_US vs ms_MY gap"
"lang\ms_MY\multicurrency.lang","CurrencyCodeId","Currency ID","","needs_translation","Direct en_US vs ms_MY gap"
"lang\ms_MY\multicurrency.lang","CurrencyLayerAccount","CurrencyLayer API","","needs_translation","Direct en_US vs ms_MY gap"
"lang\ms_MY\multicurrency.lang","CurrencyLayerAccount_help_to_synchronize","You must create an account on website %s to use this functionality.<br>Get your <b>API key</b>.<br>If you use a free account, you can't change the <b>source currency</b> (USD by default).<br>If your main currency is not USD, the application will automatically recalculate it.<br><br>You are limited to 1000 synchronizations per month.","","needs_translation","Direct en_US vs ms_MY gap"
"lang\ms_MY\multicurrency.lang","CurrencyPrice","Price in foreign currency","","needs_translation","Direct en_US vs ms_MY gap"
"lang\ms_MY\multicurrency.lang","CurrencyRateSyncSucceed","Currency rate synchronization done successfully","","needs_translation","Direct en_US vs ms_MY gap"
"lang\ms_MY\multicurrency.lang","CurrencyUnitPrice","Unit price in foreign currency","","needs_translation","Direct en_US vs ms_MY gap"
"lang\ms_MY\multicurrency.lang","DeleteLineRate","Clear rate","","needs_translation","Direct en_US vs ms_MY gap"
"lang\ms_MY\multicurrency.lang","ErrorAddCurrencyFail","Error in added currency","","needs_translation","Direct en_US vs ms_MY gap"
"lang\ms_MY\multicurrency.lang","ErrorAddRateFail","Error in added rate","","needs_translation","Direct en_US vs ms_MY gap"
"lang\ms_MY\multicurrency.lang","ErrorDeleteCurrencyFail","Error delete fail","","needs_translation","Direct en_US vs ms_MY gap"
"lang\ms_MY\multicurrency.lang","errorRateDelete","Error when deleting the rate","","needs_translation","Direct en_US vs ms_MY gap"
"lang\ms_MY\multicurrency.lang","ErrorUpdateRate","Error when changing the rate","","needs_translation","Direct en_US vs ms_MY gap"
"lang\ms_MY\multicurrency.lang","FormCreateRate","Rate creation","","needs_translation","Direct en_US vs ms_MY gap"
"lang\ms_MY\multicurrency.lang","FormUpdateRate","Rate modification","","needs_translation","Direct en_US vs ms_MY gap"
"lang\ms_MY\multicurrency.lang","ListCurrencyRate","List of exchange rates for the currency","","needs_translation","Direct en_US vs ms_MY gap"
"lang\ms_MY\multicurrency.lang","MultiCurrency","Multi currency","","needs_translation","Direct en_US vs ms_MY gap"
"lang\ms_MY\multicurrency.lang","multicurrency_alternateCurrencySource","Alternate source currency","","needs_translation","Direct en_US vs ms_MY gap"
"lang\ms_MY\multicurrency.lang","multicurrency_appCurrencySource","Source currency","","needs_translation","Direct en_US vs ms_MY gap"
"lang\ms_MY\multicurrency.lang","multicurrency_appId","API key","","needs_translation","Direct en_US vs ms_MY gap"
"lang\ms_MY\multicurrency.lang","multicurrency_syncronize_error","Synchronization error: %s","","needs_translation","Direct en_US vs ms_MY gap"
"lang\ms_MY\multicurrency.lang","MULTICURRENCY_USE_CURRENCY_ON_DOCUMENT","Use the currency of the document for online payments","","needs_translation","Direct en_US vs ms_MY gap"
"lang\ms_MY\multicurrency.lang","MULTICURRENCY_USE_RATE_ON_DOCUMENT_DATE","Use the date of the document to find the currency rate, instead of using the latest known rate","","needs_translation","Direct en_US vs ms_MY gap"
"lang\ms_MY\multicurrency.lang","multicurrency_useOriginTx","When an object is created from another, keep the original rate from the source object (otherwise use the latest known rate)","","needs_translation","Direct en_US vs ms_MY gap"
"lang\ms_MY\multicurrency.lang","multicurrency_useOriginTxHelp","This option does not apply to creation of an invoice from a recurring invoice","","needs_translation","Direct en_US vs ms_MY gap"
"lang\ms_MY\multicurrency.lang","MulticurrencyOriginalCurrency","original currency","","needs_translation","Direct en_US vs ms_MY gap"
"lang\ms_MY\multicurrency.lang","MulticurrencyReceived","Received, original currency","","needs_translation","Direct en_US vs ms_MY gap"
"lang\ms_MY\multicurrency.lang","MulticurrencyRemainderToTake","Remaining amount, original currency","","needs_translation","Direct en_US vs ms_MY gap"
"lang\ms_MY\multicurrency.lang","MutltiCurrencyAutoUpdateCurrencies","Update all currency rates","","needs_translation","Direct en_US vs ms_MY gap"
"lang\ms_MY\multicurrency.lang","NoEmptyRate","The rate field must not be empty","","needs_translation","Direct en_US vs ms_MY gap"
"lang\ms_MY\multicurrency.lang","rate","rate","","needs_translation","Direct en_US vs ms_MY gap"
"lang\ms_MY\multicurrency.lang","successRateCreate","Rate for currency %s has been added to the database","","needs_translation","Direct en_US vs ms_MY gap"
"lang\ms_MY\multicurrency.lang","successRateDelete","Rate deleted","","needs_translation","Direct en_US vs ms_MY gap"
"lang\ms_MY\multicurrency.lang","successUpdateRate","Modification made","","needs_translation","Direct en_US vs ms_MY gap"
"lang\ms_MY\multicurrency.lang","TabTitleMulticurrencyRate","Rate list","","needs_translation","Direct en_US vs ms_MY gap"
"lang\ms_MY\multicurrency.lang","UpdateRate","change the rate","","needs_translation","Direct en_US vs ms_MY gap"
"lang\ms_MY\oauth.lang","AOAuthEntryForThisProviderAndLabelAlreadyHasAKey","An OAuth entry for this provider and label already exists","","needs_translation","Direct en_US vs ms_MY gap"
"lang\ms_MY\oauth.lang","ConfigOAuth","OAuth Configuration","","needs_translation","Direct en_US vs ms_MY gap"
"lang\ms_MY\oauth.lang","DeleteAccess","Delete Token","","needs_translation","Direct en_US vs ms_MY gap"
"lang\ms_MY\oauth.lang","ExpirationDate","Expiration date","","needs_translation","Direct en_US vs ms_MY gap"
"lang\ms_MY\oauth.lang","GetAccess","Get new Token","","needs_translation","Direct en_US vs ms_MY gap"
"lang\ms_MY\oauth.lang","HasAccessToken","A token was generated and saved into local database","","needs_translation","Direct en_US vs ms_MY gap"
"lang\ms_MY\oauth.lang","IsTokenGenerated","Is token generated ?","","needs_translation","Direct en_US vs ms_MY gap"
"lang\ms_MY\oauth.lang","ListOfSupportedOauthProviders","Add your OAuth2 token providers. Then, go on your OAuth provider admin page to create/get an OAuth ID and Secret and save them here. Once done, switch on the other tab to generate your token.","","needs_translation","Direct en_US vs ms_MY gap"
"lang\ms_MY\oauth.lang","ManualTokenGeneration","Manual token generation","","needs_translation","Direct en_US vs ms_MY gap"
"lang\ms_MY\oauth.lang","NewTokenStored","Token received and saved","","needs_translation","Direct en_US vs ms_MY gap"
"lang\ms_MY\oauth.lang","NoAccessToken","No access token saved into local database","","needs_translation","Direct en_US vs ms_MY gap"
"lang\ms_MY\oauth.lang","OAUTH_GITHUB_ID","OAuth GitHub Id","","needs_translation","Direct en_US vs ms_MY gap"
"lang\ms_MY\oauth.lang","OAUTH_GITHUB_SECRET","OAuth GitHub Secret","","needs_translation","Direct en_US vs ms_MY gap"
"lang\ms_MY\oauth.lang","OAUTH_GOOGLE_ID","OAuth Google Id","","needs_translation","Direct en_US vs ms_MY gap"
"lang\ms_MY\oauth.lang","OAUTH_GOOGLE_SECRET","OAuth Google Secret","","needs_translation","Direct en_US vs ms_MY gap"
"lang\ms_MY\oauth.lang","OAUTH_ID","OAuth Client ID","","needs_translation","Direct en_US vs ms_MY gap"
"lang\ms_MY\oauth.lang","OAUTH_SECRET","OAuth Secret","","needs_translation","Direct en_US vs ms_MY gap"
"lang\ms_MY\oauth.lang","OAUTH_STRIPE_LIVE_NAME","Stripe Live","","needs_translation","Direct en_US vs ms_MY gap"
"lang\ms_MY\oauth.lang","OAUTH_STRIPE_TEST_NAME","Stripe Test","","needs_translation","Direct en_US vs ms_MY gap"
"lang\ms_MY\oauth.lang","OAUTH_TENANT","OAuth Tenant","","needs_translation","Direct en_US vs ms_MY gap"
"lang\ms_MY\oauth.lang","OAUTH_URL_FOR_CREDENTIAL","Go to <a class=""notasortlink"" href=""%s"" target=""_blank"" rel=""noopener noreferrer external"">this page<span class=""fas fa-external-link-alt paddingleft""></span></a> to create or get your OAuth ID and Secret","","needs_translation","Direct en_US vs ms_MY gap"
"lang\ms_MY\oauth.lang","OAuthErrorStateDiffers","Value for state=%s differs from value in session. Code is refused.","","needs_translation","Direct en_US vs ms_MY gap"
"lang\ms_MY\oauth.lang","OAuthIDSecret","OAuth ID and Secret","","needs_translation","Direct en_US vs ms_MY gap"
"lang\ms_MY\oauth.lang","OAuthProviderAdded","OAuth provider added","","needs_translation","Direct en_US vs ms_MY gap"
"lang\ms_MY\oauth.lang","OAuthSetupForLogin","Page to manage (generate/delete) OAuth tokens","","needs_translation","Direct en_US vs ms_MY gap"
"lang\ms_MY\oauth.lang","OldTokenWasExpiredItHasBeenRefresh","Old token was expired, it has been refreshed","","needs_translation","Direct en_US vs ms_MY gap"
"lang\ms_MY\oauth.lang","OldTokenWasNotExpiredButItHasBeenRefresh","Old token was not expired but it has been refreshed","","needs_translation","Direct en_US vs ms_MY gap"
"lang\ms_MY\oauth.lang","RedirectURL","Redirect URL","","needs_translation","Direct en_US vs ms_MY gap"
"lang\ms_MY\oauth.lang","RefreshTokenHelp","Use the Refresh Token to get a new Access Token","","needs_translation","Direct en_US vs ms_MY gap"
"lang\ms_MY\oauth.lang","RequestAccess","Click here to request/renew access and receive a new token","","needs_translation","Direct en_US vs ms_MY gap"
"lang\ms_MY\oauth.lang","ScopesDesc","Example: ""read"", ""write"" with Mastodon or ""none""","","needs_translation","Direct en_US vs ms_MY gap"
"lang\ms_MY\oauth.lang","ScopeUndefined","Permissions (Scopes) undefined (see previous tab)","","needs_translation","Direct en_US vs ms_MY gap"
"lang\ms_MY\oauth.lang","SeePreviousTab","See previous tab","","needs_translation","Direct en_US vs ms_MY gap"
"lang\ms_MY\oauth.lang","ToCheckDeleteTokenOnProvider","Click here to check/delete authorization saved by %s OAuth provider","","needs_translation","Direct en_US vs ms_MY gap"
"lang\ms_MY\oauth.lang","TOKEN_DELETE","Delete saved token","","needs_translation","Direct en_US vs ms_MY gap"
"lang\ms_MY\oauth.lang","TOKEN_EXPIRE_AT","Token expire at","","needs_translation","Direct en_US vs ms_MY gap"
"lang\ms_MY\oauth.lang","TOKEN_EXPIRED","Token expired","","needs_translation","Direct en_US vs ms_MY gap"
"lang\ms_MY\oauth.lang","TOKEN_REFRESH","Refresh Token","","needs_translation","Direct en_US vs ms_MY gap"
"lang\ms_MY\oauth.lang","TokenDeleted","Token deleted","","needs_translation","Direct en_US vs ms_MY gap"
"lang\ms_MY\oauth.lang","TokenManager","Token Manager","","needs_translation","Direct en_US vs ms_MY gap"
"lang\ms_MY\oauth.lang","TokenNotExpired","Not expired","","needs_translation","Direct en_US vs ms_MY gap"
"lang\ms_MY\oauth.lang","TokenRawValue","Full Token (object)","","needs_translation","Direct en_US vs ms_MY gap"
"lang\ms_MY\oauth.lang","URLOfOAuthServiceEndpoints","Base URL for OAuth service endpoints","","needs_translation","Direct en_US vs ms_MY gap"
"lang\ms_MY\oauth.lang","URLOfOAuthServiceEndpointsExample","https://mastodon.example.com","","needs_translation","Direct en_US vs ms_MY gap"
"lang\ms_MY\oauth.lang","URLOfServiceForAuthorization","URL provided by OAuth service for authentication","","needs_translation","Direct en_US vs ms_MY gap"
"lang\ms_MY\oauth.lang","UseTheFollowingUrlAsRedirectURI","Use the following URL as the Redirect URL when creating your credentials with your OAuth provider","","needs_translation","Direct en_US vs ms_MY gap"
"lang\ms_MY\opensurvey.lang","5MoreChoices","5 more choices","","needs_translation","Direct en_US vs ms_MY gap"
"lang\ms_MY\opensurvey.lang","AddACommentForPoll","You can add a comment into poll...","","needs_translation","Direct en_US vs ms_MY gap"
"lang\ms_MY\opensurvey.lang","AddADate","Add a date","","needs_translation","Direct en_US vs ms_MY gap"
"lang\ms_MY\opensurvey.lang","AddComment","Add comment","","needs_translation","Direct en_US vs ms_MY gap"
"lang\ms_MY\opensurvey.lang","AddEndHour","Add end hour","","needs_translation","Direct en_US vs ms_MY gap"
"lang\ms_MY\opensurvey.lang","AddNewColumn","Add new column","","needs_translation","Direct en_US vs ms_MY gap"
"lang\ms_MY\opensurvey.lang","AddStartHour","Add start hour","","needs_translation","Direct en_US vs ms_MY gap"
"lang\ms_MY\opensurvey.lang","AddTheVote","Click to add the vote","","needs_translation","Direct en_US vs ms_MY gap"
"lang\ms_MY\opensurvey.lang","Against","Against","","needs_translation","Direct en_US vs ms_MY gap"
"lang\ms_MY\opensurvey.lang","BackToCurrentMonth","Back to current month","","needs_translation","Direct en_US vs ms_MY gap"
"lang\ms_MY\opensurvey.lang","CanComment","Voters can comment in the poll","","needs_translation","Direct en_US vs ms_MY gap"
"lang\ms_MY\opensurvey.lang","CanSeeOthersVote","Voters can see other people's vote","","needs_translation","Direct en_US vs ms_MY gap"
"lang\ms_MY\opensurvey.lang","CheckBox","Simple checkbox","","needs_translation","Direct en_US vs ms_MY gap"
"lang\ms_MY\opensurvey.lang","CommentsOfVoters","Comments of voters","","needs_translation","Direct en_US vs ms_MY gap"
"lang\ms_MY\opensurvey.lang","ConfirmRemovalOfPoll","Are you sure you want to remove this poll (and all votes)","","needs_translation","Direct en_US vs ms_MY gap"
"lang\ms_MY\opensurvey.lang","CopyHoursOfFirstDay","Copy hours of first day","","needs_translation","Direct en_US vs ms_MY gap"
"lang\ms_MY\opensurvey.lang","CreatePoll","Create poll","","needs_translation","Direct en_US vs ms_MY gap"
"lang\ms_MY\opensurvey.lang","CreateSurveyDate","Create a date poll","","needs_translation","Direct en_US vs ms_MY gap"
"lang\ms_MY\opensurvey.lang","CreateSurveyStandard","Create a standard poll","","needs_translation","Direct en_US vs ms_MY gap"
"lang\ms_MY\opensurvey.lang","EmailSomeoneVoted","%s has filled a line.\nYou can find your poll at the link: \n%s","","needs_translation","Direct en_US vs ms_MY gap"
"lang\ms_MY\opensurvey.lang","ErrorInsertingComment","There was an error while inserting your comment","","needs_translation","Direct en_US vs ms_MY gap"
"lang\ms_MY\opensurvey.lang","ErrorOpenSurveyFillFirstSection","You haven't filled the first section of the poll creation","","needs_translation","Direct en_US vs ms_MY gap"
"lang\ms_MY\opensurvey.lang","ErrorOpenSurveyOneChoice","Enter at least one choice","","needs_translation","Direct en_US vs ms_MY gap"
"lang\ms_MY\opensurvey.lang","ExpireDate","Limit date","","needs_translation","Direct en_US vs ms_MY gap"
"lang\ms_MY\opensurvey.lang","ExportSpreadsheet","Export result spreadsheet","","needs_translation","Direct en_US vs ms_MY gap"
"lang\ms_MY\opensurvey.lang","ListOfOpenSurveys","List of open surveys","","needs_translation","Direct en_US vs ms_MY gap"
"lang\ms_MY\opensurvey.lang","MoreChoices","Enter more choices for the voters","","needs_translation","Direct en_US vs ms_MY gap"
"lang\ms_MY\opensurvey.lang","NbOfSurveys","Number of polls","","needs_translation","Direct en_US vs ms_MY gap"
"lang\ms_MY\opensurvey.lang","NbOfVoters","No. of voters","","needs_translation","Direct en_US vs ms_MY gap"
"lang\ms_MY\opensurvey.lang","NewSurvey","New poll","","needs_translation","Direct en_US vs ms_MY gap"
"lang\ms_MY\opensurvey.lang","NoCommentYet","No comments have been posted for this poll yet","","needs_translation","Direct en_US vs ms_MY gap"
"lang\ms_MY\opensurvey.lang","OpenSurveyArea","Polls area","","needs_translation","Direct en_US vs ms_MY gap"
"lang\ms_MY\opensurvey.lang","OpenSurveyHowTo","If you agree to vote in this poll, you have to give your name, choose the values that fit best for you and validate with the plus button at the end of the line.","","needs_translation","Direct en_US vs ms_MY gap"
"lang\ms_MY\opensurvey.lang","OpenSurveyStep2","Select your dates among the free days (gray). The selected days are green. You can unselect a day previously selected by clicking again on it","","needs_translation","Direct en_US vs ms_MY gap"
"lang\ms_MY\opensurvey.lang","OrganizeYourMeetingEasily","Organize your meetings and polls easily. First select the type of poll...","","needs_translation","Direct en_US vs ms_MY gap"
"lang\ms_MY\opensurvey.lang","PollAdminDesc","You are allowed to change all vote lines of this poll with button ""Edit"". You can, as well, remove a column or a line with %s. You can also add a new column with %s.","","needs_translation","Direct en_US vs ms_MY gap"
"lang\ms_MY\opensurvey.lang","PollOnChoice","You are creating a poll to make a multi-choice for a poll. First enter all possible choices for your poll:","","needs_translation","Direct en_US vs ms_MY gap"
"lang\ms_MY\opensurvey.lang","PollTitle","Poll title","","needs_translation","Direct en_US vs ms_MY gap"
"lang\ms_MY\opensurvey.lang","PourContreList","List (empty/for/against)","","needs_translation","Direct en_US vs ms_MY gap"
"lang\ms_MY\opensurvey.lang","RemoveAllDays","Remove all days","","needs_translation","Direct en_US vs ms_MY gap"
"lang\ms_MY\opensurvey.lang","RemoveAllHours","Remove all hours","","needs_translation","Direct en_US vs ms_MY gap"
"lang\ms_MY\opensurvey.lang","RemovePoll","Remove poll","","needs_translation","Direct en_US vs ms_MY gap"
"lang\ms_MY\opensurvey.lang","SelectDayDesc","For each selected day, you can choose, or not, meeting hours in the following format:<br>- empty,<br>- ""8h"", ""8H"" or ""8:00"" to give a meeting's start hour,<br>- ""8-11"", ""8h-11h"", ""8H-11H"" or ""8:00-11:00"" to give a meeting's start and end hour,<br>- ""8h15-11h15"", ""8H15-11H15"" or ""8:15-11:15"" for the same thing but with minutes.","","needs_translation","Direct en_US vs ms_MY gap"
"lang\ms_MY\opensurvey.lang","SelectedDays","Selected days","","needs_translation","Direct en_US vs ms_MY gap"
"lang\ms_MY\opensurvey.lang","ShowSurvey","Show survey","","needs_translation","Direct en_US vs ms_MY gap"
"lang\ms_MY\opensurvey.lang","Survey","Poll","","needs_translation","Direct en_US vs ms_MY gap"
"lang\ms_MY\opensurvey.lang","SurveyExpiredInfo","The poll has been closed or voting delay has expired.","","needs_translation","Direct en_US vs ms_MY gap"
"lang\ms_MY\opensurvey.lang","SurveyResults","Results","","needs_translation","Direct en_US vs ms_MY gap"
"lang\ms_MY\opensurvey.lang","Surveys","Polls","","needs_translation","Direct en_US vs ms_MY gap"
"lang\ms_MY\opensurvey.lang","TheBestChoice","The best choice currently is","","needs_translation","Direct en_US vs ms_MY gap"
"lang\ms_MY\opensurvey.lang","TheBestChoices","The best choices currently are","","needs_translation","Direct en_US vs ms_MY gap"
"lang\ms_MY\opensurvey.lang","TitleChoice","Choice label","","needs_translation","Direct en_US vs ms_MY gap"
"lang\ms_MY\opensurvey.lang","ToReceiveEMailForEachVote","Receive an email for each vote","","needs_translation","Direct en_US vs ms_MY gap"
"lang\ms_MY\opensurvey.lang","TypeClassic","Type standard","","needs_translation","Direct en_US vs ms_MY gap"
"lang\ms_MY\opensurvey.lang","TypeDate","Type date","","needs_translation","Direct en_US vs ms_MY gap"
"lang\ms_MY\opensurvey.lang","UrlForSurvey","URL to communicate to get a direct access to poll","","needs_translation","Direct en_US vs ms_MY gap"
"lang\ms_MY\opensurvey.lang","UserMustBeSameThanUserUsedToVote","You must have voted and use the same user name that the one used to vote, to post a comment","","needs_translation","Direct en_US vs ms_MY gap"
"lang\ms_MY\opensurvey.lang","VoteNameAlreadyExists","This name was already used for this poll","","needs_translation","Direct en_US vs ms_MY gap"
"lang\ms_MY\opensurvey.lang","votes","vote(s)","","needs_translation","Direct en_US vs ms_MY gap"
"lang\ms_MY\opensurvey.lang","with","with","","needs_translation","Direct en_US vs ms_MY gap"
"lang\ms_MY\opensurvey.lang","YesNoList","List (empty/yes/no)","","needs_translation","Direct en_US vs ms_MY gap"
"lang\ms_MY\opensurvey.lang","YouAreInivitedToVote","You are invited to vote for this poll","","needs_translation","Direct en_US vs ms_MY gap"
"lang\ms_MY\opensurvey.lang","YourVoteIsPrivate","This poll is private, nobody can see your vote.","","needs_translation","Direct en_US vs ms_MY gap"
"lang\ms_MY\opensurvey.lang","YourVoteIsPublic","This poll is public, anybody with the link can see your vote.","","needs_translation","Direct en_US vs ms_MY gap"
"lang\ms_MY\orders.lang","ActionsOnOrder","Events on order","","needs_translation","Direct en_US vs ms_MY gap"
"lang\ms_MY\orders.lang","AddPurchaseOrder","Create purchase order","","needs_translation","Direct en_US vs ms_MY gap"
"lang\ms_MY\orders.lang","AddSupplierOrderShort","Create order","","needs_translation","Direct en_US vs ms_MY gap"
"lang\ms_MY\orders.lang","AddToDraftOrders","Add to draft order","","needs_translation","Direct en_US vs ms_MY gap"
"lang\ms_MY\orders.lang","AllOrders","All orders","","needs_translation","Direct en_US vs ms_MY gap"
"lang\ms_MY\orders.lang","AmountOfOrders","Amount of orders","","needs_translation","Direct en_US vs ms_MY gap"
"lang\ms_MY\orders.lang","AmountOfOrdersByMonthHT","Amount of orders by month (excl. tax)","","needs_translation","Direct en_US vs ms_MY gap"
"lang\ms_MY\orders.lang","AmountOfOrdersHT","Amount of orders (excl. tax)","","needs_translation","Direct en_US vs ms_MY gap"
"lang\ms_MY\orders.lang","Approve2Order","Approve order (second level)","","needs_translation","Direct en_US vs ms_MY gap"
"lang\ms_MY\orders.lang","ApproveOrder","Approve order","","needs_translation","Direct en_US vs ms_MY gap"
"lang\ms_MY\orders.lang","AuthorRequest","Request author","","needs_translation","Direct en_US vs ms_MY gap"
"lang\ms_MY\orders.lang","ClassifyShipped","Classify delivered","","needs_translation","Direct en_US vs ms_MY gap"
"lang\ms_MY\orders.lang","CloseProcessedOrdersAutomatically","Classify ""Processed"" all selected orders.","","needs_translation","Direct en_US vs ms_MY gap"
"lang\ms_MY\orders.lang","CloseReceivedSupplierOrdersAutomatically","Close order to status ""%s"" automatically if all products are received.","","needs_translation","Direct en_US vs ms_MY gap"
"lang\ms_MY\orders.lang","ConfirmCancelOrder","Are you sure you want to cancel this order?","","needs_translation","Direct en_US vs ms_MY gap"
"lang\ms_MY\orders.lang","ConfirmCloneOrder","Are you sure you want to clone this order <b>%s</b>?","","needs_translation","Direct en_US vs ms_MY gap"
"lang\ms_MY\orders.lang","ConfirmCloseOrder","Are you sure you want to set this order to delivered? Once an order is delivered, it can be set to billed.","","needs_translation","Direct en_US vs ms_MY gap"
"lang\ms_MY\orders.lang","ConfirmDeleteDispatchedLines"," Revert also all stock movements already done ?","","needs_translation","Direct en_US vs ms_MY gap"
"lang\ms_MY\orders.lang","ConfirmDeleteOrder","Are you sure you want to delete this order?","","needs_translation","Direct en_US vs ms_MY gap"
"lang\ms_MY\orders.lang","ConfirmMakeOrder","Are you sure you want to confirm you made this order on <b>%s</b>?","","needs_translation","Direct en_US vs ms_MY gap"
"lang\ms_MY\orders.lang","ConfirmUnvalidateOrder","Are you sure you want to restore order <b>%s</b> to draft status?","","needs_translation","Direct en_US vs ms_MY gap"
"lang\ms_MY\orders.lang","ConfirmValidateOrder","Are you sure you want to validate this order under name <b>%s</b>?","","needs_translation","Direct en_US vs ms_MY gap"
"lang\ms_MY\orders.lang","CreateInvoiceForThisCustomer","Bill orders","","needs_translation","Direct en_US vs ms_MY gap"
"lang\ms_MY\orders.lang","CreateInvoiceForThisReceptions","Bill receptions","","needs_translation","Direct en_US vs ms_MY gap"
"lang\ms_MY\orders.lang","CreateInvoiceForThisSupplier","Bill orders","","needs_translation","Direct en_US vs ms_MY gap"
"lang\ms_MY\orders.lang","CreateOrders","Create orders","","needs_translation","Direct en_US vs ms_MY gap"
"lang\ms_MY\orders.lang","CreateRemoteOrder","Create remote order","","needs_translation","Direct en_US vs ms_MY gap"
"lang\ms_MY\orders.lang","CustomersOrders","Sales Orders","","needs_translation","Direct en_US vs ms_MY gap"
"lang\ms_MY\orders.lang","CustomersOrdersAndOrdersLines","Sales orders and order details","","needs_translation","Direct en_US vs ms_MY gap"
"lang\ms_MY\orders.lang","CustomersOrdersRunning","Current sales orders","","needs_translation","Direct en_US vs ms_MY gap"
"lang\ms_MY\orders.lang","disablelinefree","Predefined products only","","needs_translation","Direct en_US vs ms_MY gap"
"lang\ms_MY\orders.lang","DispatchSupplierOrder","Receiving purchase order %s","","needs_translation","Direct en_US vs ms_MY gap"
"lang\ms_MY\orders.lang","DraftOrders","Draft orders","","needs_translation","Direct en_US vs ms_MY gap"
"lang\ms_MY\orders.lang","DraftSuppliersOrders","Draft purchase orders","","needs_translation","Direct en_US vs ms_MY gap"
"lang\ms_MY\orders.lang","Error_COMMANDE_ADDON_NotDefined","Constant COMMANDE_ADDON not defined","","needs_translation","Direct en_US vs ms_MY gap"
"lang\ms_MY\orders.lang","Error_COMMANDE_SUPPLIER_ADDON_NotDefined","Constant COMMANDE_SUPPLIER_ADDON not defined","","needs_translation","Direct en_US vs ms_MY gap"
"lang\ms_MY\orders.lang","Error_OrderNotChecked","No orders to invoice selected","","needs_translation","Direct en_US vs ms_MY gap"
"lang\ms_MY\orders.lang","ExistingDipatchLines"," There are already lines that has generated stock movement for this order.","","needs_translation","Direct en_US vs ms_MY gap"
"lang\ms_MY\orders.lang","FirstApprovalAlreadyDone","First approval already done","","needs_translation","Direct en_US vs ms_MY gap"
"lang\ms_MY\orders.lang","GenerateBill","Generate invoice","","needs_translation","Direct en_US vs ms_MY gap"
"lang\ms_MY\orders.lang","IfValidateInvoiceIsNoOrderStayUnbilled","If invoice validation is 'No', the order will remain to status 'Unbilled' until the invoice is validated.","","needs_translation","Direct en_US vs ms_MY gap"
"lang\ms_MY\orders.lang","LastCustomerOrders","Latest %s sales orders","","needs_translation","Direct en_US vs ms_MY gap"
"lang\ms_MY\orders.lang","LastModifiedOrders","Latest %s modified orders","","needs_translation","Direct en_US vs ms_MY gap"
"lang\ms_MY\orders.lang","LastOrders","Latest %s sales orders","","needs_translation","Direct en_US vs ms_MY gap"
"lang\ms_MY\orders.lang","LastSupplierOrders","Latest %s purchase orders","","needs_translation","Direct en_US vs ms_MY gap"
"lang\ms_MY\orders.lang","LineAlreadyDispatched"," The order line is already received.","","needs_translation","Direct en_US vs ms_MY gap"
"lang\ms_MY\orders.lang","ListOfOrders","List of orders","","needs_translation","Direct en_US vs ms_MY gap"
"lang\ms_MY\orders.lang","ListOrderLigne","Lines of orders","","needs_translation","Direct en_US vs ms_MY gap"
"lang\ms_MY\orders.lang","MakeOrder","Make order","","needs_translation","Direct en_US vs ms_MY gap"
"lang\ms_MY\orders.lang","MenuOrdersToBill","Orders delivered","","needs_translation","Direct en_US vs ms_MY gap"
"lang\ms_MY\orders.lang","MenuOrdersToBill2","Billable orders","","needs_translation","Direct en_US vs ms_MY gap"
"lang\ms_MY\orders.lang","NbOfOrders","Number of orders","","needs_translation","Direct en_US vs ms_MY gap"
"lang\ms_MY\orders.lang","NeedAtLeastOneInvoice"," There has to be at least one Invoice","","needs_translation","Direct en_US vs ms_MY gap"
"lang\ms_MY\orders.lang","NewOrderSupplier","New Purchase Order","","needs_translation","Direct en_US vs ms_MY gap"
"lang\ms_MY\orders.lang","NewSupplierOrderShort","New order","","needs_translation","Direct en_US vs ms_MY gap"
"lang\ms_MY\orders.lang","NoArticleOfTypeProduct","No article of type 'product' so no shippable article for this order","","needs_translation","Direct en_US vs ms_MY gap"
"lang\ms_MY\orders.lang","NoDraftOrders","No draft orders","","needs_translation","Direct en_US vs ms_MY gap"
"lang\ms_MY\orders.lang","NoOrdersToInvoice","No orders billable","","needs_translation","Direct en_US vs ms_MY gap"
"lang\ms_MY\orders.lang","NumberOfOrders","Number of orders","","needs_translation","Direct en_US vs ms_MY gap"
"lang\ms_MY\orders.lang","NumberOfOrdersByMonth","Number of orders by month","","needs_translation","Direct en_US vs ms_MY gap"
"lang\ms_MY\orders.lang","OnProcessOrders","In process orders","","needs_translation","Direct en_US vs ms_MY gap"
"lang\ms_MY\orders.lang","OptionToSetOrderBilledNotEnabled","Option from module Workflow, to set order to 'Billed' automatically when invoice is validated, is not enabled, so you will have to set the status of orders to 'Billed' manually after the invoice has been generated.","","needs_translation","Direct en_US vs ms_MY gap"
"lang\ms_MY\orders.lang","OrderByEMail","Email","","needs_translation","Direct en_US vs ms_MY gap"
"lang\ms_MY\orders.lang","OrderByFax","Fax","","needs_translation","Direct en_US vs ms_MY gap"
"lang\ms_MY\orders.lang","OrderByMail","Mail","","needs_translation","Direct en_US vs ms_MY gap"
"lang\ms_MY\orders.lang","OrderByPhone","Phone","","needs_translation","Direct en_US vs ms_MY gap"
"lang\ms_MY\orders.lang","OrderByWWW","Online","","needs_translation","Direct en_US vs ms_MY gap"
"lang\ms_MY\orders.lang","OrderCreation","Order creation","","needs_translation","Direct en_US vs ms_MY gap"
"lang\ms_MY\orders.lang","OrderDateShort","Order date","","needs_translation","Direct en_US vs ms_MY gap"
"lang\ms_MY\orders.lang","Ordered","Ordered","","needs_translation","Direct en_US vs ms_MY gap"
"lang\ms_MY\orders.lang","OrderExists","An order was already open linked to this proposal, so no other order was created automatically","","needs_translation","Direct en_US vs ms_MY gap"
"lang\ms_MY\orders.lang","OrderFail","An error happened during your orders creation","","needs_translation","Direct en_US vs ms_MY gap"
"lang\ms_MY\orders.lang","OrderId","Order Id","","needs_translation","Direct en_US vs ms_MY gap"
"lang\ms_MY\orders.lang","OrderLine","Order line","","needs_translation","Direct en_US vs ms_MY gap"
"lang\ms_MY\orders.lang","OrderMode","Order method","","needs_translation","Direct en_US vs ms_MY gap"
"lang\ms_MY\orders.lang","OrderReopened"," Order %s re-open","","needs_translation","Direct en_US vs ms_MY gap"
"lang\ms_MY\orders.lang","OrdersArea","Customers orders area","","needs_translation","Direct en_US vs ms_MY gap"
"lang\ms_MY\orders.lang","OrdersDeliveredToBill","Sales orders delivered to bill","","needs_translation","Direct en_US vs ms_MY gap"
"lang\ms_MY\orders.lang","OrderShowDetail","Show order detail","","needs_translation","Direct en_US vs ms_MY gap"
"lang\ms_MY\orders.lang","OrdersInProcess","Sales orders in process","","needs_translation","Direct en_US vs ms_MY gap"
"lang\ms_MY\orders.lang","OrdersOpened","Orders to process","","needs_translation","Direct en_US vs ms_MY gap"
"lang\ms_MY\orders.lang","OrdersStatistics","Order's statistics","","needs_translation","Direct en_US vs ms_MY gap"
"lang\ms_MY\orders.lang","OrdersStatisticsSuppliers","Purchase order statistics","","needs_translation","Direct en_US vs ms_MY gap"
"lang\ms_MY\orders.lang","OrderStatusMakeOperationForbidden"," Order status forbidden for this operation.","","needs_translation","Direct en_US vs ms_MY gap"
"lang\ms_MY\orders.lang","OrdersToBill","Sales orders delivered","","needs_translation","Direct en_US vs ms_MY gap"
"lang\ms_MY\orders.lang","OrdersToProcess","Sales orders to process","","needs_translation","Direct en_US vs ms_MY gap"
"lang\ms_MY\orders.lang","OrderToProcess","Order to process","","needs_translation","Direct en_US vs ms_MY gap"
"lang\ms_MY\orders.lang","OtherOrders","Other orders","","needs_translation","Direct en_US vs ms_MY gap"
"lang\ms_MY\orders.lang","PassedInShippedStatus","classified delivered","","needs_translation","Direct en_US vs ms_MY gap"
"lang\ms_MY\orders.lang","PaymentOrderRef","Payment of order %s","","needs_translation","Direct en_US vs ms_MY gap"
"lang\ms_MY\orders.lang","PDFEdisonDescription","A simple order model","","needs_translation","Direct en_US vs ms_MY gap"
"lang\ms_MY\orders.lang","PDFEinsteinDescription","A complete order model (old implementation of Eratosthene template)","","needs_translation","Direct en_US vs ms_MY gap"
"lang\ms_MY\orders.lang","PDFEratostheneDescription","A complete order model","","needs_translation","Direct en_US vs ms_MY gap"
"lang\ms_MY\orders.lang","PdfOrderTitle","Order","","needs_translation","Direct en_US vs ms_MY gap"
"lang\ms_MY\orders.lang","PDFProformaDescription","A complete Proforma invoice template","","needs_translation","Direct en_US vs ms_MY gap"
"lang\ms_MY\orders.lang","productobuy","Products to buy only","","needs_translation","Direct en_US vs ms_MY gap"
"lang\ms_MY\orders.lang","productonly","Products only","","needs_translation","Direct en_US vs ms_MY gap"
"lang\ms_MY\orders.lang","ProductQtyInDraft","Product quantity into draft orders","","needs_translation","Direct en_US vs ms_MY gap"
"lang\ms_MY\orders.lang","ProductQtyInDraftOrWaitingApproved","Product quantity into draft or approved orders, not yet ordered","","needs_translation","Direct en_US vs ms_MY gap"
"lang\ms_MY\orders.lang","PurchaseOrderLines","Purchase order lines","","needs_translation","Direct en_US vs ms_MY gap"
"lang\ms_MY\orders.lang","QtyOrdered","Qty ordered","","needs_translation","Direct en_US vs ms_MY gap"
"lang\ms_MY\orders.lang","RefCustomerOrder","Ref. order for customer","","needs_translation","Direct en_US vs ms_MY gap"
"lang\ms_MY\orders.lang","RefOrder","Ref. order","","needs_translation","Direct en_US vs ms_MY gap"
"lang\ms_MY\orders.lang","RefOrderSupplier","Ref. order for vendor","","needs_translation","Direct en_US vs ms_MY gap"
"lang\ms_MY\orders.lang","RefOrderSupplierShort","Ref. order vendor","","needs_translation","Direct en_US vs ms_MY gap"
"lang\ms_MY\orders.lang","RefuseOrder","Refuse order","","needs_translation","Direct en_US vs ms_MY gap"
"lang\ms_MY\orders.lang","SaleOrderLines","Sales order lines","","needs_translation","Direct en_US vs ms_MY gap"
"lang\ms_MY\orders.lang","SecondApprovalAlreadyDone","Second approval already done","","needs_translation","Direct en_US vs ms_MY gap"
"lang\ms_MY\orders.lang","SendOrderByMail","Send order by mail","","needs_translation","Direct en_US vs ms_MY gap"
"lang\ms_MY\orders.lang","SetShippingMode","Set shipping mode","","needs_translation","Direct en_US vs ms_MY gap"
"lang\ms_MY\orders.lang","ShippingExist","A shipment exists","","needs_translation","Direct en_US vs ms_MY gap"
"lang\ms_MY\orders.lang","ShipProduct","Ship product","","needs_translation","Direct en_US vs ms_MY gap"
"lang\ms_MY\orders.lang","ShowOrder","Show order","","needs_translation","Direct en_US vs ms_MY gap"
"lang\ms_MY\orders.lang","StatusOrderApproved","Approved","","needs_translation","Direct en_US vs ms_MY gap"
"lang\ms_MY\orders.lang","StatusOrderApprovedShort","Approved","","needs_translation","Direct en_US vs ms_MY gap"
"lang\ms_MY\orders.lang","StatusOrderCanceled","Canceled","","needs_translation","Direct en_US vs ms_MY gap"
"lang\ms_MY\orders.lang","StatusOrderCanceledShort","Canceled","","needs_translation","Direct en_US vs ms_MY gap"
"lang\ms_MY\orders.lang","StatusOrderDelivered","Delivered","","needs_translation","Direct en_US vs ms_MY gap"
"lang\ms_MY\orders.lang","StatusOrderDeliveredShort","Delivered","","needs_translation","Direct en_US vs ms_MY gap"
"lang\ms_MY\orders.lang","StatusOrderDraft","Draft (needs to be validated)","","needs_translation","Direct en_US vs ms_MY gap"
"lang\ms_MY\orders.lang","StatusOrderDraftShort","Draft","","needs_translation","Direct en_US vs ms_MY gap"
"lang\ms_MY\orders.lang","StatusOrderOnProcess","Ordered - Standby reception","","needs_translation","Direct en_US vs ms_MY gap"
"lang\ms_MY\orders.lang","StatusOrderOnProcessShort","Ordered","","needs_translation","Direct en_US vs ms_MY gap"
"lang\ms_MY\orders.lang","StatusOrderOnProcessWithValidation","Ordered - Standby reception or validation","","needs_translation","Direct en_US vs ms_MY gap"
"lang\ms_MY\orders.lang","StatusOrderProcessed","Processed","","needs_translation","Direct en_US vs ms_MY gap"
"lang\ms_MY\orders.lang","StatusOrderProcessedShort","Processed","","needs_translation","Direct en_US vs ms_MY gap"
"lang\ms_MY\orders.lang","StatusOrderReceivedAll","All products received","","needs_translation","Direct en_US vs ms_MY gap"
"lang\ms_MY\orders.lang","StatusOrderReceivedAllShort","Products received","","needs_translation","Direct en_US vs ms_MY gap"
"lang\ms_MY\orders.lang","StatusOrderReceivedPartially","Partially received","","needs_translation","Direct en_US vs ms_MY gap"
"lang\ms_MY\orders.lang","StatusOrderReceivedPartiallyShort","Partially received","","needs_translation","Direct en_US vs ms_MY gap"
"lang\ms_MY\orders.lang","StatusOrderRefused","Refused","","needs_translation","Direct en_US vs ms_MY gap"
"lang\ms_MY\orders.lang","StatusOrderRefusedShort","Refused","","needs_translation","Direct en_US vs ms_MY gap"
"lang\ms_MY\orders.lang","StatusOrderSent","Shipment in process","","needs_translation","Direct en_US vs ms_MY gap"
"lang\ms_MY\orders.lang","StatusOrderSentShort","In process","","needs_translation","Direct en_US vs ms_MY gap"
"lang\ms_MY\orders.lang","StatusOrderToBill","Delivered","","needs_translation","Direct en_US vs ms_MY gap"
"lang\ms_MY\orders.lang","StatusOrderToBillShort","Delivered","","needs_translation","Direct en_US vs ms_MY gap"
"lang\ms_MY\orders.lang","StatusOrderToProcessShort","To process","","needs_translation","Direct en_US vs ms_MY gap"
"lang\ms_MY\orders.lang","StatusOrderValidated","Validated","","needs_translation","Direct en_US vs ms_MY gap"
"lang\ms_MY\orders.lang","StatusOrderValidatedShort","Validated","","needs_translation","Direct en_US vs ms_MY gap"
"lang\ms_MY\orders.lang","StatusSupplierOrderApproved","Approved","","needs_translation","Direct en_US vs ms_MY gap"
"lang\ms_MY\orders.lang","StatusSupplierOrderApprovedShort","Approved","","needs_translation","Direct en_US vs ms_MY gap"
"lang\ms_MY\orders.lang","StatusSupplierOrderCanceled","Canceled","","needs_translation","Direct en_US vs ms_MY gap"
"lang\ms_MY\orders.lang","StatusSupplierOrderCanceledShort","Canceled","","needs_translation","Direct en_US vs ms_MY gap"
"lang\ms_MY\orders.lang","StatusSupplierOrderDelivered","Delivered","","needs_translation","Direct en_US vs ms_MY gap"
"lang\ms_MY\orders.lang","StatusSupplierOrderDeliveredShort","Delivered","","needs_translation","Direct en_US vs ms_MY gap"
"lang\ms_MY\orders.lang","StatusSupplierOrderDraft","Draft (needs to be validated)","","needs_translation","Direct en_US vs ms_MY gap"
"lang\ms_MY\orders.lang","StatusSupplierOrderDraftShort","Draft","","needs_translation","Direct en_US vs ms_MY gap"
"lang\ms_MY\orders.lang","StatusSupplierOrderOnProcess","Ordered - Standby reception","","needs_translation","Direct en_US vs ms_MY gap"
"lang\ms_MY\orders.lang","StatusSupplierOrderOnProcessShort","Ordered","","needs_translation","Direct en_US vs ms_MY gap"
"lang\ms_MY\orders.lang","StatusSupplierOrderOnProcessWithValidation","Ordered - Standby reception or validation","","needs_translation","Direct en_US vs ms_MY gap"
"lang\ms_MY\orders.lang","StatusSupplierOrderProcessed","Processed","","needs_translation","Direct en_US vs ms_MY gap"
"lang\ms_MY\orders.lang","StatusSupplierOrderProcessedShort","Processed","","needs_translation","Direct en_US vs ms_MY gap"
"lang\ms_MY\orders.lang","StatusSupplierOrderReceivedAll","All products received","","needs_translation","Direct en_US vs ms_MY gap"
"lang\ms_MY\orders.lang","StatusSupplierOrderReceivedAllShort","Products received","","needs_translation","Direct en_US vs ms_MY gap"
"lang\ms_MY\orders.lang","StatusSupplierOrderReceivedPartially","Partially received","","needs_translation","Direct en_US vs ms_MY gap"
"lang\ms_MY\orders.lang","StatusSupplierOrderReceivedPartiallyShort","Partially received","","needs_translation","Direct en_US vs ms_MY gap"
"lang\ms_MY\orders.lang","StatusSupplierOrderRefused","Refused","","needs_translation","Direct en_US vs ms_MY gap"
"lang\ms_MY\orders.lang","StatusSupplierOrderRefusedShort","Refused","","needs_translation","Direct en_US vs ms_MY gap"
"lang\ms_MY\orders.lang","StatusSupplierOrderSent","Shipment in process","","needs_translation","Direct en_US vs ms_MY gap"
"lang\ms_MY\orders.lang","StatusSupplierOrderSentShort","In process","","needs_translation","Direct en_US vs ms_MY gap"
"lang\ms_MY\orders.lang","StatusSupplierOrderToBill","Delivered","","needs_translation","Direct en_US vs ms_MY gap"
"lang\ms_MY\orders.lang","StatusSupplierOrderToBillShort","Delivered","","needs_translation","Direct en_US vs ms_MY gap"
"lang\ms_MY\orders.lang","StatusSupplierOrderToProcessShort","To process","","needs_translation","Direct en_US vs ms_MY gap"
"lang\ms_MY\orders.lang","StatusSupplierOrderValidated","Validated","","needs_translation","Direct en_US vs ms_MY gap"
"lang\ms_MY\orders.lang","StatusSupplierOrderValidatedShort","Validated","","needs_translation","Direct en_US vs ms_MY gap"
"lang\ms_MY\orders.lang","SupplierOrderClassifiedBilled","Purchase Order %s set billed","","needs_translation","Direct en_US vs ms_MY gap"
"lang\ms_MY\orders.lang","SupplierOrderDeletion"," Supplier order %s Deletion","","needs_translation","Direct en_US vs ms_MY gap"
"lang\ms_MY\orders.lang","SupplierOrderReceivedInDolibarr","Purchase Order %s received %s","","needs_translation","Direct en_US vs ms_MY gap"
"lang\ms_MY\orders.lang","SupplierOrderSubmitedInDolibarr","Purchase Order %s submitted (%s)","","needs_translation","Direct en_US vs ms_MY gap"
"lang\ms_MY\orders.lang","SupplierOrderValidated","Supplier order is validated : %s","","needs_translation","Direct en_US vs ms_MY gap"
"lang\ms_MY\orders.lang","SupplierOrderValidatedAndApproved","Supplier order is validated and approved : %s","","needs_translation","Direct en_US vs ms_MY gap"
"lang\ms_MY\orders.lang","SuppliersOrdersRunning","Current purchase orders","","needs_translation","Direct en_US vs ms_MY gap"
"lang\ms_MY\orders.lang","ToBillSeveralOrderSelectCustomer","To create an invoice for several orders, click first onto customer, then choose ""%s"".","","needs_translation","Direct en_US vs ms_MY gap"
"lang\ms_MY\orders.lang","ToOrder","Make order","","needs_translation","Direct en_US vs ms_MY gap"
"lang\ms_MY\orders.lang","TypeContact_commande_external_BILLING","Customer invoice contact","","needs_translation","Direct en_US vs ms_MY gap"
"lang\ms_MY\orders.lang","TypeContact_commande_external_CUSTOMER","Customer contact following-up order","","needs_translation","Direct en_US vs ms_MY gap"
"lang\ms_MY\orders.lang","TypeContact_commande_external_SHIPPING","Customer shipping contact","","needs_translation","Direct en_US vs ms_MY gap"
"lang\ms_MY\orders.lang","TypeContact_commande_internal_SALESREPFOLL","Representative following-up sales order","","needs_translation","Direct en_US vs ms_MY gap"
"lang\ms_MY\orders.lang","TypeContact_commande_internal_SHIPPING","Representative following-up shipping","","needs_translation","Direct en_US vs ms_MY gap"
"lang\ms_MY\orders.lang","TypeContact_order_supplier_external_BILLING","Vendor invoice contact","","needs_translation","Direct en_US vs ms_MY gap"
"lang\ms_MY\orders.lang","TypeContact_order_supplier_external_CUSTOMER","Vendor contact following-up order","","needs_translation","Direct en_US vs ms_MY gap"
"lang\ms_MY\orders.lang","TypeContact_order_supplier_external_SHIPPING","Vendor shipping contact","","needs_translation","Direct en_US vs ms_MY gap"
"lang\ms_MY\orders.lang","TypeContact_order_supplier_internal_SALESREPFOLL","Representative following-up purchase order","","needs_translation","Direct en_US vs ms_MY gap"
"lang\ms_MY\orders.lang","TypeContact_order_supplier_internal_SHIPPING","Representative following-up shipping","","needs_translation","Direct en_US vs ms_MY gap"
"lang\ms_MY\orders.lang","UnvalidateOrder","Invalidate order","","needs_translation","Direct en_US vs ms_MY gap"
"lang\ms_MY\orders.lang","UserApproval","User for approval","","needs_translation","Direct en_US vs ms_MY gap"
"lang\ms_MY\orders.lang","UserApproval2","User for approval (second level)","","needs_translation","Direct en_US vs ms_MY gap"
"lang\ms_MY\orders.lang","UserWithApproveOrderGrant","Users granted with ""approve orders"" permission.","","needs_translation","Direct en_US vs ms_MY gap"
"lang\ms_MY\orders.lang","WithReceptionFinished","With reception finished","","needs_translation","Direct en_US vs ms_MY gap"
"lang\ms_MY\orders.lang","YouCantShipThis","I can't classify this. Please check user permissions","","needs_translation","Direct en_US vs ms_MY gap"
"lang\ms_MY\other.lang","AddFiles","Add Files","","needs_translation","Direct en_US vs ms_MY gap"
"lang\ms_MY\other.lang","AddFolder","Create folder","","needs_translation","Direct en_US vs ms_MY gap"
"lang\ms_MY\other.lang","AIEnhancements","AI Enhancements","","needs_translation","Direct en_US vs ms_MY gap"
"lang\ms_MY\other.lang","AIProcessingPleaseWait","AI (%s) is processing your request, please wait...","","needs_translation","Direct en_US vs ms_MY gap"
"lang\ms_MY\other.lang","AmountIn","Amount in %s","","needs_translation","Direct en_US vs ms_MY gap"
"lang\ms_MY\other.lang","AmountPayed","amount paid","","needs_translation","Direct en_US vs ms_MY gap"
"lang\ms_MY\other.lang","ApplicantIpAddress","IP address of applicant","","needs_translation","Direct en_US vs ms_MY gap"
"lang\ms_MY\other.lang","AtLeastOneMeasureIsRequired","At least 1 field for measure is required","","needs_translation","Direct en_US vs ms_MY gap"
"lang\ms_MY\other.lang","AtLeastOneXAxisIsRequired","At least 1 field for X-Axis is required","","needs_translation","Direct en_US vs ms_MY gap"
"lang\ms_MY\other.lang","AttachANewFile","Attach a new file/document","","needs_translation","Direct en_US vs ms_MY gap"
"lang\ms_MY\other.lang","AuthenticationDoesNotAllowSendNewPassword","Authentication mode is <b>%s</b>.<br>In this mode, Dolibarr can't know nor change your password.<br>Contact your system administrator if you want to change your password.","","needs_translation","Direct en_US vs ms_MY gap"
"lang\ms_MY\other.lang","Autofill"," Autofill","","needs_translation","Direct en_US vs ms_MY gap"
"lang\ms_MY\other.lang","AvailableFormats","Available formats","","needs_translation","Direct en_US vs ms_MY gap"
"lang\ms_MY\other.lang","BackToLoginPage","Back to login page","","needs_translation","Direct en_US vs ms_MY gap"
"lang\ms_MY\other.lang","BehaviourOnClick"," Behavior when a bookmark URL is selected","","needs_translation","Direct en_US vs ms_MY gap"
"lang\ms_MY\other.lang","Birthday","Birthday","","needs_translation","Direct en_US vs ms_MY gap"
"lang\ms_MY\other.lang","BirthdayAlert","Birthday alert","","needs_translation","Direct en_US vs ms_MY gap"
"lang\ms_MY\other.lang","BirthdayAlertOff","birthday alert inactive","","needs_translation","Direct en_US vs ms_MY gap"
"lang\ms_MY\other.lang","BirthdayAlertOn","birthday alert active","","needs_translation","Direct en_US vs ms_MY gap"
"lang\ms_MY\other.lang","BookmarksManagement"," Bookmarks management","","needs_translation","Direct en_US vs ms_MY gap"
"lang\ms_MY\other.lang","BookmarksMenuShortCut"," Ctrl + shift + m","","needs_translation","Direct en_US vs ms_MY gap"
"lang\ms_MY\other.lang","BookmarkTargetNewWindowShort"," New tab","","needs_translation","Direct en_US vs ms_MY gap"
"lang\ms_MY\other.lang","BookmarkTargetReplaceWindowShort"," Current tab","","needs_translation","Direct en_US vs ms_MY gap"
"lang\ms_MY\other.lang","BookmarkTitle"," Bookmark name","","needs_translation","Direct en_US vs ms_MY gap"
"lang\ms_MY\other.lang","Bottom","Bottom","","needs_translation","Direct en_US vs ms_MY gap"
"lang\ms_MY\other.lang","BugTracker","Bug tracker","","needs_translation","Direct en_US vs ms_MY gap"
"lang\ms_MY\other.lang","CalculatedVolume","Calculated volume","","needs_translation","Direct en_US vs ms_MY gap"
"lang\ms_MY\other.lang","CalculatedWeight","Calculated weight","","needs_translation","Direct en_US vs ms_MY gap"
"lang\ms_MY\other.lang","CanceledById","User id who canceled","","needs_translation","Direct en_US vs ms_MY gap"
"lang\ms_MY\other.lang","CanceledByLogin","User login who canceled","","needs_translation","Direct en_US vs ms_MY gap"
"lang\ms_MY\other.lang","CancelUpload","Cancel upload","","needs_translation","Direct en_US vs ms_MY gap"
"lang\ms_MY\other.lang","Chart","Chart","","needs_translation","Direct en_US vs ms_MY gap"
"lang\ms_MY\other.lang","ChooseAFTPEntryIntoMenu","Choose a FTP/SFTP site from the menu...","","needs_translation","Direct en_US vs ms_MY gap"
"lang\ms_MY\other.lang","ChooseIfANewWindowMustBeOpenedOnClickOnBookmark"," Choose if the linked page should open in the current tab or a new tab","","needs_translation","Direct en_US vs ms_MY gap"
"lang\ms_MY\other.lang","ChooseYourDemoProfil","Choose the demo profile that best suits your needs...","","needs_translation","Direct en_US vs ms_MY gap"
"lang\ms_MY\other.lang","ChooseYourDemoProfilMore","...or build your own profile<br>(manual module selection)","","needs_translation","Direct en_US vs ms_MY gap"
"lang\ms_MY\other.lang","ClickHereToGoTo","Click here to go to %s","","needs_translation","Direct en_US vs ms_MY gap"
"lang\ms_MY\other.lang","ClickHereToGoToDictionary","Click here to edit the dictionary setup (also available from menu %s - %s - %s)","","needs_translation","Direct en_US vs ms_MY gap"
"lang\ms_MY\other.lang","ClosedBy","Closed by %s","","needs_translation","Direct en_US vs ms_MY gap"
"lang\ms_MY\other.lang","ClosedById","User id who closed","","needs_translation","Direct en_US vs ms_MY gap"
"lang\ms_MY\other.lang","ClosedByLogin","User login who closed","","needs_translation","Direct en_US vs ms_MY gap"
"lang\ms_MY\other.lang","CloseDialog"," Close","","needs_translation","Direct en_US vs ms_MY gap"
"lang\ms_MY\other.lang","ConfirmBtnCommonContent"," Are you sure you want to ""%s"" ?","","needs_translation","Direct en_US vs ms_MY gap"
"lang\ms_MY\other.lang","ConfirmBtnCommonTitle"," Confirm your action","","needs_translation","Direct en_US vs ms_MY gap"
"lang\ms_MY\other.lang","ConfirmPasswordChange","Confirm password change","","needs_translation","Direct en_US vs ms_MY gap"
"lang\ms_MY\other.lang","ContactCreatedByEmailCollector","Contact/address created by email collector from email MSGID %s","","needs_translation","Direct en_US vs ms_MY gap"
"lang\ms_MY\other.lang","ContentOfDirectoryIsNotEmpty","Content of this directory is not empty.","","needs_translation","Direct en_US vs ms_MY gap"
"lang\ms_MY\other.lang","CreateBookmark"," Create bookmark","","needs_translation","Direct en_US vs ms_MY gap"
"lang\ms_MY\other.lang","CreatedBy","Created by %s","","needs_translation","Direct en_US vs ms_MY gap"
"lang\ms_MY\other.lang","CreatedById","User id who created","","needs_translation","Direct en_US vs ms_MY gap"
"lang\ms_MY\other.lang","CreatedByLogin","User login who created","","needs_translation","Direct en_US vs ms_MY gap"
"lang\ms_MY\other.lang","CurrentInformationOnImage","This tool was designed to help you to resize or crop an image. This is the information on the current edited image","","needs_translation","Direct en_US vs ms_MY gap"
"lang\ms_MY\other.lang","CurrentMonth","Current month","","needs_translation","Direct en_US vs ms_MY gap"
"lang\ms_MY\other.lang","DateNextInvoiceAfterGen","Date of next invoice (after generation)","","needs_translation","Direct en_US vs ms_MY gap"
"lang\ms_MY\other.lang","DateNextInvoiceBeforeGen","Date of next invoice (before generation)","","needs_translation","Direct en_US vs ms_MY gap"
"lang\ms_MY\other.lang","DefineNewAreaToPick","Define new area on image to pick (left click on image then drag until you reach the opposite corner)","","needs_translation","Direct en_US vs ms_MY gap"
"lang\ms_MY\other.lang","DeleteAlsoContentRecursively","Check to delete all content recursively","","needs_translation","Direct en_US vs ms_MY gap"
"lang\ms_MY\other.lang","DemoCompanyAll","Company with multiple activities (all main modules)","","needs_translation","Direct en_US vs ms_MY gap"
"lang\ms_MY\other.lang","DemoCompanyManufacturing","Company manufacturing products","","needs_translation","Direct en_US vs ms_MY gap"
"lang\ms_MY\other.lang","DemoCompanyProductAndStocks","Shop selling products with Point Of Sales","","needs_translation","Direct en_US vs ms_MY gap"
"lang\ms_MY\other.lang","DemoCompanyServiceOnly","Company or freelance selling service only","","needs_translation","Direct en_US vs ms_MY gap"
"lang\ms_MY\other.lang","DemoCompanyShopWithCashDesk","Manage a shop with a cash box","","needs_translation","Direct en_US vs ms_MY gap"
"lang\ms_MY\other.lang","DemoDesc","Dolibarr is a compact ERP/CRM supporting several business modules. A demo showcasing all modules makes no sense as this scenario never occurs (several hundred available). So, several demo profiles are available.","","needs_translation","Direct en_US vs ms_MY gap"
"lang\ms_MY\other.lang","DemoDesc2","This is a restricted shared demo, you may prefer to test on your own dedicated instance with a full admin access, to do so, <a href=""%s"" target=""_blank"">go here <span class=""fas fa-external-link-alt""></span></a>.","","needs_translation","Direct en_US vs ms_MY gap"
"lang\ms_MY\other.lang","DemoFundation","Manage members of a foundation","","needs_translation","Direct en_US vs ms_MY gap"
"lang\ms_MY\other.lang","DemoFundation2","Manage members and bank account of a foundation","","needs_translation","Direct en_US vs ms_MY gap"
"lang\ms_MY\other.lang","Depth","Depth","","needs_translation","Direct en_US vs ms_MY gap"
"lang\ms_MY\other.lang","DirWasRemoved","Directory %s was removed","","needs_translation","Direct en_US vs ms_MY gap"
"lang\ms_MY\other.lang","DocFileGeneratedInto","Doc file generated into <b>%s</b>.","","needs_translation","Direct en_US vs ms_MY gap"
"lang\ms_MY\other.lang","DolibarrDemo","Dolibarr ERP/CRM demo","","needs_translation","Direct en_US vs ms_MY gap"
"lang\ms_MY\other.lang","DolibarrNotification","Automatic notification","","needs_translation","Direct en_US vs ms_MY gap"
"lang\ms_MY\other.lang","EmailContent","Email content","","needs_translation","Direct en_US vs ms_MY gap"
"lang\ms_MY\other.lang","EMailTextActionAdded","The action %s has been added to the Agenda.","","needs_translation","Direct en_US vs ms_MY gap"
"lang\ms_MY\other.lang","EMailTextContractModified","The contract %s has been modified. %s","","needs_translation","Direct en_US vs ms_MY gap"
"lang\ms_MY\other.lang","EMailTextExpeditionModified","Shipping %s has been validated. %s","","needs_translation","Direct en_US vs ms_MY gap"
"lang\ms_MY\other.lang","EMailTextExpeditionValidated","Shipping %s has been validated.","","needs_translation","Direct en_US vs ms_MY gap"
"lang\ms_MY\other.lang","EMailTextExpenseReportApproved","Expense report %s has been approved.","","needs_translation","Direct en_US vs ms_MY gap"
"lang\ms_MY\other.lang","EMailTextExpenseReportValidated","Expense report %s has been validated.","","needs_translation","Direct en_US vs ms_MY gap"
"lang\ms_MY\other.lang","EMailTextHolidayApproved","Leave request %s has been approved.","","needs_translation","Direct en_US vs ms_MY gap"
"lang\ms_MY\other.lang","EMailTextHolidayValidated","Leave request %s has been validated.","","needs_translation","Direct en_US vs ms_MY gap"
"lang\ms_MY\other.lang","EMailTextInterventionAddedContact","A new intervention %s has been assigned to you.","","needs_translation","Direct en_US vs ms_MY gap"
"lang\ms_MY\other.lang","EMailTextInterventionClosed","The intervention %s has been closed.","","needs_translation","Direct en_US vs ms_MY gap"
"lang\ms_MY\other.lang","EMailTextInterventionModified","The intervention %s has been modified. %s","","needs_translation","Direct en_US vs ms_MY gap"
"lang\ms_MY\other.lang","EMailTextInterventionValidated","The intervention %s has been validated.","","needs_translation","Direct en_US vs ms_MY gap"
"lang\ms_MY\other.lang","EMailTextInvoiceCanceled","Invoice %s has been canceled.","","needs_translation","Direct en_US vs ms_MY gap"
"lang\ms_MY\other.lang","EMailTextInvoicePayed","Invoice %s has been paid.","","needs_translation","Direct en_US vs ms_MY gap"
"lang\ms_MY\other.lang","EMailTextInvoiceValidated","Invoice %s has been validated.","","needs_translation","Direct en_US vs ms_MY gap"
"lang\ms_MY\other.lang","EMailTextOrderCanceled","Order %s has been canceled.","","needs_translation","Direct en_US vs ms_MY gap"
"lang\ms_MY\other.lang","EMailTextOrderClose","Order %s has been delivered.","","needs_translation","Direct en_US vs ms_MY gap"
"lang\ms_MY\other.lang","EMailTextOrderValidated","Order %s has been validated.","","needs_translation","Direct en_US vs ms_MY gap"
"lang\ms_MY\other.lang","EMailTextProposalClosedRefused","Proposal %s has been closed refused.","","needs_translation","Direct en_US vs ms_MY gap"
"lang\ms_MY\other.lang","EMailTextProposalClosedRefusedWeb","Proposal %s has been closed refuse on portal page.","","needs_translation","Direct en_US vs ms_MY gap"
"lang\ms_MY\other.lang","EMailTextProposalClosedSigned","Proposal %s has been closed signed.","","needs_translation","Direct en_US vs ms_MY gap"
"lang\ms_MY\other.lang","EMailTextProposalClosedSignedWeb","Proposal %s has been closed signed on portal page.","","needs_translation","Direct en_US vs ms_MY gap"
"lang\ms_MY\other.lang","EMailTextProposalValidated","Proposal %s has been validated.","","needs_translation","Direct en_US vs ms_MY gap"
"lang\ms_MY\other.lang","EMailTextSupplierOrderApprovedBy","Purchase order %s has been approved by %s.","","needs_translation","Direct en_US vs ms_MY gap"
"lang\ms_MY\other.lang","EMailTextSupplierOrderCanceledBy","Purchase order %s has been canceled by %s.","","needs_translation","Direct en_US vs ms_MY gap"
"lang\ms_MY\other.lang","EMailTextSupplierOrderRefusedBy","Purchase order %s has been refused by %s.","","needs_translation","Direct en_US vs ms_MY gap"
"lang\ms_MY\other.lang","EMailTextSupplierOrderSubmittedBy","Purchase order %s has been submitted by %s.","","needs_translation","Direct en_US vs ms_MY gap"
"lang\ms_MY\other.lang","EMailTextSupplierOrderValidatedBy","Purchase order %s has been recorded by %s.","","needs_translation","Direct en_US vs ms_MY gap"
"lang\ms_MY\other.lang","EnableGDLibraryDesc","Install or enable GD library on your PHP installation to use this option.","","needs_translation","Direct en_US vs ms_MY gap"
"lang\ms_MY\other.lang","EnterNewPasswordHere","Enter your new password here","","needs_translation","Direct en_US vs ms_MY gap"
"lang\ms_MY\other.lang","ErrorFTPNodisconnect","Error to disconnect FTP/SFTP server","","needs_translation","Direct en_US vs ms_MY gap"
"lang\ms_MY\other.lang","ExampleMyMenuEntry","My menu entry","","needs_translation","Direct en_US vs ms_MY gap"
"lang\ms_MY\other.lang","Exceptions","Exceptions","","needs_translation","Direct en_US vs ms_MY gap"
"lang\ms_MY\other.lang","ExportableDatas","Exportable data","","needs_translation","Direct en_US vs ms_MY gap"
"lang\ms_MY\other.lang","ExportsArea","Exports area","","needs_translation","Direct en_US vs ms_MY gap"
"lang\ms_MY\other.lang","ExternalSiteModuleNotComplete","Module ExternalSite was not configured properly.","","needs_translation","Direct en_US vs ms_MY gap"
"lang\ms_MY\other.lang","ExternalSiteSetup","Setup link to external website","","needs_translation","Direct en_US vs ms_MY gap"
"lang\ms_MY\other.lang","ExternalSiteURL","External Site URL of HTML iframe content","","needs_translation","Direct en_US vs ms_MY gap"
"lang\ms_MY\other.lang","ExtrafieldFiller","Extrafield filler","","needs_translation","Direct en_US vs ms_MY gap"
"lang\ms_MY\other.lang","FailedToChdirOnFTPServer","Failed to change directory on the FTP server","","needs_translation","Direct en_US vs ms_MY gap"
"lang\ms_MY\other.lang","FailedToConnectToFTPServer","Failed to connect to server (server %s, port %s)","","needs_translation","Direct en_US vs ms_MY gap"
"lang\ms_MY\other.lang","FailedToConnectToFTPServerWithCredentials","Failed to login to server with defined login/password","","needs_translation","Direct en_US vs ms_MY gap"
"lang\ms_MY\other.lang","FailedToGetFile","Failed to get files %s","","needs_translation","Direct en_US vs ms_MY gap"
"lang\ms_MY\other.lang","FeatureNotAvailableOnDevicesWithoutMouse","Feature not available on devices without mouse","","needs_translation","Direct en_US vs ms_MY gap"
"lang\ms_MY\other.lang","FeatureNotYetAvailable","Feature not yet available in the current version","","needs_translation","Direct en_US vs ms_MY gap"
"lang\ms_MY\other.lang","FeaturesSupported","Supported features","","needs_translation","Direct en_US vs ms_MY gap"
"lang\ms_MY\other.lang","FileFormat","File format","","needs_translation","Direct en_US vs ms_MY gap"
"lang\ms_MY\other.lang","FileIsTooBig","Files is too big","","needs_translation","Direct en_US vs ms_MY gap"
"lang\ms_MY\other.lang","FileWasCreateFolder","Folder <b>%s</b> has been created","","needs_translation","Direct en_US vs ms_MY gap"
"lang\ms_MY\other.lang","FileWasRemoved","File %s was removed","","needs_translation","Direct en_US vs ms_MY gap"
"lang\ms_MY\other.lang","FileWasUpload","File <b>%s</b> was uploaded","","needs_translation","Direct en_US vs ms_MY gap"
"lang\ms_MY\other.lang","FillExtrafieldWithAi","Fill extrafield with AI content","","needs_translation","Direct en_US vs ms_MY gap"
"lang\ms_MY\other.lang","ForgetIfNothing","If you didn't request this change, just forget this email. Your credentials are kept safe.","","needs_translation","Direct en_US vs ms_MY gap"
"lang\ms_MY\other.lang","FTPArea","FTP/SFTP Area","","needs_translation","Direct en_US vs ms_MY gap"
"lang\ms_MY\other.lang","FTPAreaDesc","This screen shows a view of an FTP et SFTP server.","","needs_translation","Direct en_US vs ms_MY gap"
"lang\ms_MY\other.lang","FTPClientSetup","FTP or SFTP Client module setup","","needs_translation","Direct en_US vs ms_MY gap"
"lang\ms_MY\other.lang","FTPFailedToCreateFolder","Failed to create folder <b>%s</b>.","","needs_translation","Direct en_US vs ms_MY gap"
"lang\ms_MY\other.lang","FTPFailedToRemoveDir","Failed to remove directory <b>%s</b>: check permissions and that the directory is empty.","","needs_translation","Direct en_US vs ms_MY gap"
"lang\ms_MY\other.lang","FTPFailedToRemoveFile","Failed to remove file <b>%s</b>.","","needs_translation","Direct en_US vs ms_MY gap"
"lang\ms_MY\other.lang","FTPFailedToUploadFile","Failed to upload the file <b>%s</b>.","","needs_translation","Direct en_US vs ms_MY gap"
"lang\ms_MY\other.lang","FTPFeatureNotSupportedByYourPHP","Your PHP does not support FTP or SFTP functions","","needs_translation","Direct en_US vs ms_MY gap"
"lang\ms_MY\other.lang","FTPPassiveMode","Passive mode","","needs_translation","Direct en_US vs ms_MY gap"
"lang\ms_MY\other.lang","FullData","Full data","","needs_translation","Direct en_US vs ms_MY gap"
"lang\ms_MY\other.lang","GraphInBarsAreLimitedToNMeasures","Graphics are limited to %s measures in 'Bars' mode. The mode 'Lines' was automatically selected instead.","","needs_translation","Direct en_US vs ms_MY gap"
"lang\ms_MY\other.lang","Height","Height","","needs_translation","Direct en_US vs ms_MY gap"
"lang\ms_MY\other.lang","IfAmountHigherThan","If amount higher than <strong>%s</strong>","","needs_translation","Direct en_US vs ms_MY gap"
"lang\ms_MY\other.lang","ImageEditor","Image editor","","needs_translation","Direct en_US vs ms_MY gap"
"lang\ms_MY\other.lang","ImportedWithSet","Importation data set","","needs_translation","Direct en_US vs ms_MY gap"
"lang\ms_MY\other.lang","JumpToLogin","Disconnected. Go to login page...","","needs_translation","Direct en_US vs ms_MY gap"
"lang\ms_MY\other.lang","LatestBlogPosts","Latest Blog Posts","","needs_translation","Direct en_US vs ms_MY gap"
"lang\ms_MY\other.lang","Left","Left","","needs_translation","Direct en_US vs ms_MY gap"
"lang\ms_MY\other.lang","Length","Length","","needs_translation","Direct en_US vs ms_MY gap"
"lang\ms_MY\other.lang","LengthUnitcm","cm","","needs_translation","Direct en_US vs ms_MY gap"
"lang\ms_MY\other.lang","LengthUnitdm","dm","","needs_translation","Direct en_US vs ms_MY gap"
"lang\ms_MY\other.lang","LengthUnitm","m","","needs_translation","Direct en_US vs ms_MY gap"
"lang\ms_MY\other.lang","LengthUnitmm","mm","","needs_translation","Direct en_US vs ms_MY gap"
"lang\ms_MY\other.lang","LibraryUsed","Library used","","needs_translation","Direct en_US vs ms_MY gap"
"lang\ms_MY\other.lang","LibraryVersion","Library version","","needs_translation","Direct en_US vs ms_MY gap"
"lang\ms_MY\other.lang","LinesToImport","Lines to import","","needs_translation","Direct en_US vs ms_MY gap"
"lang\ms_MY\other.lang","LinkedObject","Linked object","","needs_translation","Direct en_US vs ms_MY gap"
"lang\ms_MY\other.lang","ListOfBookmarks"," List of bookmarks","","needs_translation","Direct en_US vs ms_MY gap"
"lang\ms_MY\other.lang","LoginWith","Login with %s","","needs_translation","Direct en_US vs ms_MY gap"
"lang\ms_MY\other.lang","MaxSize","Maximum size","","needs_translation","Direct en_US vs ms_MY gap"
"lang\ms_MY\other.lang","MemoryUsage","Memory usage","","needs_translation","Direct en_US vs ms_MY gap"
"lang\ms_MY\other.lang","MessageForm","Message on online payment form","","needs_translation","Direct en_US vs ms_MY gap"
"lang\ms_MY\other.lang","MessageKO","Message on the return page for a canceled payment","","needs_translation","Direct en_US vs ms_MY gap"
"lang\ms_MY\other.lang","MessageOK","Message on the return page for a validated payment","","needs_translation","Direct en_US vs ms_MY gap"
"lang\ms_MY\other.lang","MissingIds","Missing ids","","needs_translation","Direct en_US vs ms_MY gap"
"lang\ms_MY\other.lang","ModifiedBy","Modified by %s","","needs_translation","Direct en_US vs ms_MY gap"
"lang\ms_MY\other.lang","ModifiedById","User id who made latest change","","needs_translation","Direct en_US vs ms_MY gap"
"lang\ms_MY\other.lang","ModifiedByLogin","User login who made latest change","","needs_translation","Direct en_US vs ms_MY gap"
"lang\ms_MY\other.lang","MonthOfInvoice","Month (number 1-12) of invoice date","","needs_translation","Direct en_US vs ms_MY gap"
"lang\ms_MY\other.lang","NbOfActiveNotifications","Number of notifications (no. of recipient emails)","","needs_translation","Direct en_US vs ms_MY gap"
"lang\ms_MY\other.lang","NbOfAttachedFiles","Number of attached files/documents","","needs_translation","Direct en_US vs ms_MY gap"
"lang\ms_MY\other.lang","NbOfQtyInOrders","Qty in orders","","needs_translation","Direct en_US vs ms_MY gap"
"lang\ms_MY\other.lang","NewBookmark"," New bookmark","","needs_translation","Direct en_US vs ms_MY gap"
"lang\ms_MY\other.lang","NewFTPClient","New FTP/SFTP connection setup","","needs_translation","Direct en_US vs ms_MY gap"
"lang\ms_MY\other.lang","NewHeight","New height","","needs_translation","Direct en_US vs ms_MY gap"
"lang\ms_MY\other.lang","NewKeyIs","This is your new keys to login","","needs_translation","Direct en_US vs ms_MY gap"
"lang\ms_MY\other.lang","NewKeyWillBe","Your new key to login to software will be","","needs_translation","Direct en_US vs ms_MY gap"
"lang\ms_MY\other.lang","NewLength","New width","","needs_translation","Direct en_US vs ms_MY gap"
"lang\ms_MY\other.lang","NewPassword","New password","","needs_translation","Direct en_US vs ms_MY gap"
"lang\ms_MY\other.lang","NewSizeAfterCropping","New size after cropping","","needs_translation","Direct en_US vs ms_MY gap"
"lang\ms_MY\other.lang","NextMonth","Next month","","needs_translation","Direct en_US vs ms_MY gap"
"lang\ms_MY\other.lang","NextMonthOfInvoice","Following month (number 1-12) of invoice date","","needs_translation","Direct en_US vs ms_MY gap"
"lang\ms_MY\other.lang","NextYear","Next year","","needs_translation","Direct en_US vs ms_MY gap"
"lang\ms_MY\other.lang","NextYearOfInvoice","Following year of invoice date","","needs_translation","Direct en_US vs ms_MY gap"
"lang\ms_MY\other.lang","NoBookmarkFound"," No bookmark found","","needs_translation","Direct en_US vs ms_MY gap"
"lang\ms_MY\other.lang","NoBookmarks"," No bookmarks defined","","needs_translation","Direct en_US vs ms_MY gap"
"lang\ms_MY\other.lang","NoExportableData","No exportable data (no modules with exportable data loaded, or missing permissions)","","needs_translation","Direct en_US vs ms_MY gap"
"lang\ms_MY\other.lang","NoSupportedModulesHaveBeenActivated","The reporting tool can generate dynamic reports for some modules only. There is no supported module enabled yet.","","needs_translation","Direct en_US vs ms_MY gap"
"lang\ms_MY\other.lang","notiftofixedemail","To fixed mail","","needs_translation","Direct en_US vs ms_MY gap"
"lang\ms_MY\other.lang","notiftouser","To users","","needs_translation","Direct en_US vs ms_MY gap"
"lang\ms_MY\other.lang","notiftouserandtofixedemail","To user and fixed mail","","needs_translation","Direct en_US vs ms_MY gap"
"lang\ms_MY\other.lang","Notify_ACTION_CREATE","Added action to Agenda","","needs_translation","Direct en_US vs ms_MY gap"
"lang\ms_MY\other.lang","Notify_BILL_CANCEL","Customer invoice canceled","","needs_translation","Direct en_US vs ms_MY gap"
"lang\ms_MY\other.lang","Notify_BILL_PAYED","Customer invoice paid","","needs_translation","Direct en_US vs ms_MY gap"
"lang\ms_MY\other.lang","Notify_BILL_SENTBYMAIL","Customer invoice sent by mail","","needs_translation","Direct en_US vs ms_MY gap"
"lang\ms_MY\other.lang","Notify_BILL_SUPPLIER_CANCELED","Vendor invoice canceled","","needs_translation","Direct en_US vs ms_MY gap"
"lang\ms_MY\other.lang","Notify_BILL_SUPPLIER_PAYED","Vendor invoice paid","","needs_translation","Direct en_US vs ms_MY gap"
"lang\ms_MY\other.lang","Notify_BILL_SUPPLIER_SENTBYMAIL","Vendor invoice sent by mail","","needs_translation","Direct en_US vs ms_MY gap"
"lang\ms_MY\other.lang","Notify_BILL_SUPPLIER_VALIDATE","Vendor invoice validated","","needs_translation","Direct en_US vs ms_MY gap"
"lang\ms_MY\other.lang","Notify_BILL_UNVALIDATE","Customer invoice unvalidated","","needs_translation","Direct en_US vs ms_MY gap"
"lang\ms_MY\other.lang","Notify_BILL_VALIDATE","Customer invoice validated","","needs_translation","Direct en_US vs ms_MY gap"
"lang\ms_MY\other.lang","Notify_COMPANY_CREATE","Third party created","","needs_translation","Direct en_US vs ms_MY gap"
"lang\ms_MY\other.lang","Notify_COMPANY_SENTBYMAIL","Mails sent from the page of third party","","needs_translation","Direct en_US vs ms_MY gap"
"lang\ms_MY\other.lang","Notify_CONTRACT_MODIFY","Contract modified","","needs_translation","Direct en_US vs ms_MY gap"
"lang\ms_MY\other.lang","Notify_CONTRACT_VALIDATE","Contract validated","","needs_translation","Direct en_US vs ms_MY gap"
"lang\ms_MY\other.lang","Notify_EXPENSE_REPORT_APPROVE","Expense report approved","","needs_translation","Direct en_US vs ms_MY gap"
"lang\ms_MY\other.lang","Notify_EXPENSE_REPORT_VALIDATE","Expense report validated (approval required)","","needs_translation","Direct en_US vs ms_MY gap"
"lang\ms_MY\other.lang","Notify_FICHINTER_ADD_CONTACT","Added contact to Intervention","","needs_translation","Direct en_US vs ms_MY gap"
"lang\ms_MY\other.lang","Notify_FICHINTER_CLOSE","Intervention closed","","needs_translation","Direct en_US vs ms_MY gap"
"lang\ms_MY\other.lang","Notify_FICHINTER_MODIFY","Intervention modified","","needs_translation","Direct en_US vs ms_MY gap"
"lang\ms_MY\other.lang","Notify_FICHINTER_SENTBYMAIL","Intervention sent by mail","","needs_translation","Direct en_US vs ms_MY gap"
"lang\ms_MY\other.lang","Notify_FICHINTER_VALIDATE","Intervention validated","","needs_translation","Direct en_US vs ms_MY gap"
"lang\ms_MY\other.lang","Notify_HOLIDAY_APPROVE","Leave request approved","","needs_translation","Direct en_US vs ms_MY gap"
"lang\ms_MY\other.lang","Notify_HOLIDAY_VALIDATE","Leave request validated (approval required)","","needs_translation","Direct en_US vs ms_MY gap"
"lang\ms_MY\other.lang","Notify_MEMBER_DELETE","Member deleted","","needs_translation","Direct en_US vs ms_MY gap"
"lang\ms_MY\other.lang","Notify_MEMBER_MODIFY","Member modified","","needs_translation","Direct en_US vs ms_MY gap"
"lang\ms_MY\other.lang","Notify_MEMBER_RESILIATE","Member terminated","","needs_translation","Direct en_US vs ms_MY gap"
"lang\ms_MY\other.lang","Notify_MEMBER_SUBSCRIPTION","Member subscribed","","needs_translation","Direct en_US vs ms_MY gap"
"lang\ms_MY\other.lang","Notify_MEMBER_VALIDATE","Member validated","","needs_translation","Direct en_US vs ms_MY gap"
"lang\ms_MY\other.lang","Notify_ORDER_CANCEL","Sales order canceled","","needs_translation","Direct en_US vs ms_MY gap"
"lang\ms_MY\other.lang","Notify_ORDER_CLOSE","Sales order delivered","","needs_translation","Direct en_US vs ms_MY gap"
"lang\ms_MY\other.lang","Notify_ORDER_SENTBYMAIL","Sales order sent by mail","","needs_translation","Direct en_US vs ms_MY gap"
"lang\ms_MY\other.lang","Notify_ORDER_SUPPLIER_APPROVE","Purchase order approved","","needs_translation","Direct en_US vs ms_MY gap"
"lang\ms_MY\other.lang","Notify_ORDER_SUPPLIER_CANCEL","Purchase order canceled","","needs_translation","Direct en_US vs ms_MY gap"
"lang\ms_MY\other.lang","Notify_ORDER_SUPPLIER_REFUSE","Purchase order refused","","needs_translation","Direct en_US vs ms_MY gap"
"lang\ms_MY\other.lang","Notify_ORDER_SUPPLIER_SENTBYMAIL","Purchase order sent by email","","needs_translation","Direct en_US vs ms_MY gap"
"lang\ms_MY\other.lang","Notify_ORDER_SUPPLIER_SUBMIT","Purchase order submitted","","needs_translation","Direct en_US vs ms_MY gap"
"lang\ms_MY\other.lang","Notify_ORDER_SUPPLIER_VALIDATE","Purchase order recorded","","needs_translation","Direct en_US vs ms_MY gap"
"lang\ms_MY\other.lang","Notify_ORDER_VALIDATE","Sales order validated","","needs_translation","Direct en_US vs ms_MY gap"
"lang\ms_MY\other.lang","Notify_PROJECT_CREATE","Project creation","","needs_translation","Direct en_US vs ms_MY gap"
"lang\ms_MY\other.lang","Notify_PROPAL_CLOSE_REFUSED","Customer proposal closed refused","","needs_translation","Direct en_US vs ms_MY gap"
"lang\ms_MY\other.lang","Notify_PROPAL_CLOSE_SIGNED","Customer proposal closed signed","","needs_translation","Direct en_US vs ms_MY gap"
"lang\ms_MY\other.lang","Notify_PROPAL_SENTBYMAIL","Commercial proposal sent by mail","","needs_translation","Direct en_US vs ms_MY gap"
"lang\ms_MY\other.lang","Notify_PROPAL_VALIDATE","Customer proposal validated","","needs_translation","Direct en_US vs ms_MY gap"
"lang\ms_MY\other.lang","Notify_RECEPTION_SENTBYMAIL","Reception sent by mail","","needs_translation","Direct en_US vs ms_MY gap"
"lang\ms_MY\other.lang","Notify_SHIPPING_MODIFY","Shipping modified","","needs_translation","Direct en_US vs ms_MY gap"
"lang\ms_MY\other.lang","Notify_SHIPPING_SENTBYMAIL","Shipping sent by mail","","needs_translation","Direct en_US vs ms_MY gap"
"lang\ms_MY\other.lang","Notify_SHIPPING_VALIDATE","Shipping validated","","needs_translation","Direct en_US vs ms_MY gap"
"lang\ms_MY\other.lang","Notify_TASK_CREATE","Task created","","needs_translation","Direct en_US vs ms_MY gap"
"lang\ms_MY\other.lang","Notify_TASK_DELETE","Task deleted","","needs_translation","Direct en_US vs ms_MY gap"
"lang\ms_MY\other.lang","Notify_TASK_MODIFY","Task modified","","needs_translation","Direct en_US vs ms_MY gap"
"lang\ms_MY\other.lang","Notify_WITHDRAW_CREDIT","Credit withdrawal","","needs_translation","Direct en_US vs ms_MY gap"
"lang\ms_MY\other.lang","Notify_WITHDRAW_EMIT","Perform withdrawal","","needs_translation","Direct en_US vs ms_MY gap"
"lang\ms_MY\other.lang","Notify_WITHDRAW_TRANSMIT","Transmission withdrawal","","needs_translation","Direct en_US vs ms_MY gap"
"lang\ms_MY\other.lang","NumberingShort","N°","","needs_translation","Direct en_US vs ms_MY gap"
"lang\ms_MY\other.lang","NumberOf","Number of %s","","needs_translation","Direct en_US vs ms_MY gap"
"lang\ms_MY\other.lang","NumberOfUnits","Number of units on %s","","needs_translation","Direct en_US vs ms_MY gap"
"lang\ms_MY\other.lang","NumberOfUnitsMos","Number of units to produce in manufacturing orders","","needs_translation","Direct en_US vs ms_MY gap"
"lang\ms_MY\other.lang","ObjectId","Object ID","","needs_translation","Direct en_US vs ms_MY gap"
"lang\ms_MY\other.lang","OnlyOneFieldForXAxisIsPossible","Only 1 field is currently possible as X-Axis. Only the first selected field has been selected.","","needs_translation","Direct en_US vs ms_MY gap"
"lang\ms_MY\other.lang","OpenANewWindow"," Open a new tab","","needs_translation","Direct en_US vs ms_MY gap"
"lang\ms_MY\other.lang","OpeningHoursFormatDesc","Use a - to separate opening and closing hours.<br>Use a space to enter different ranges.<br>Example: 8-12 14-18","","needs_translation","Direct en_US vs ms_MY gap"
"lang\ms_MY\other.lang","OrPasteAnURL","or Paste an URL","","needs_translation","Direct en_US vs ms_MY gap"
"lang\ms_MY\other.lang","OurProductSelection","The product to discover","","needs_translation","Direct en_US vs ms_MY gap"
"lang\ms_MY\other.lang","PassEncoding","Password encoding","","needs_translation","Direct en_US vs ms_MY gap"
"lang\ms_MY\other.lang","PasswordNeedAtLeastXDigitChars","The password need at least <strong>%s</strong> numeric chars","","needs_translation","Direct en_US vs ms_MY gap"
"lang\ms_MY\other.lang","PasswordNeedAtLeastXSpecialChars","The password need at least <strong>%s</strong> special chars","","needs_translation","Direct en_US vs ms_MY gap"
"lang\ms_MY\other.lang","PasswordNeedAtLeastXUpperCaseChars","The password need at least <strong>%s</strong> upper case chars","","needs_translation","Direct en_US vs ms_MY gap"
"lang\ms_MY\other.lang","PasswordNeedNoXConsecutiveChars","The password must not have <strong>%s</strong> consecutive similar chars","","needs_translation","Direct en_US vs ms_MY gap"
"lang\ms_MY\other.lang","PayOfBankTransferInvoice","You are going to make an online payment for this invoice. However, this invoice has been set up to be paid in ""Credit Transfer"" mode, so to avoid paying twice, please verify that no current bank transfer has already been initiated before continuing.","","needs_translation","Direct en_US vs ms_MY gap"
"lang\ms_MY\other.lang","PermissionsAdd","Permissions added","","needs_translation","Direct en_US vs ms_MY gap"
"lang\ms_MY\other.lang","PermissionsDelete","Permissions removed","","needs_translation","Direct en_US vs ms_MY gap"
"lang\ms_MY\other.lang","PleaseBePatient","Please be patient...","","needs_translation","Direct en_US vs ms_MY gap"
"lang\ms_MY\other.lang","PopuCom","Products|Services by popularity in Orders","","needs_translation","Direct en_US vs ms_MY gap"
"lang\ms_MY\other.lang","PopuProp","Products|Services by popularity in Proposals","","needs_translation","Direct en_US vs ms_MY gap"
"lang\ms_MY\other.lang","Post-Prompt","Post-prompt","","needs_translation","Direct en_US vs ms_MY gap"
"lang\ms_MY\other.lang","PoweredBy","Powered by","","needs_translation","Direct en_US vs ms_MY gap"
"lang\ms_MY\other.lang","Pre-Prompt","Pre-prompt","","needs_translation","Direct en_US vs ms_MY gap"
"lang\ms_MY\other.lang","PredefinedMailContentContract","__(Hello)__\n\n\n__(Sincerely)__\n\n__SENDEREMAIL_SIGNATURE__","","needs_translation","Direct en_US vs ms_MY gap"
"lang\ms_MY\other.lang","PredefinedMailContentGeneric","__(Hello)__\n\n\n__(Sincerely)__\n\n__SENDEREMAIL_SIGNATURE__","","needs_translation","Direct en_US vs ms_MY gap"
"lang\ms_MY\other.lang","PredefinedMailContentLink","You can click on the link below to make your payment if it is not already done.\n\n%s\n\n","","needs_translation","Direct en_US vs ms_MY gap"
"lang\ms_MY\other.lang","PredefinedMailContentSendActionComm","Event reminder ""__EVENT_LABEL__"" on __EVENT_DATE__ at __EVENT_TIME__<br><br>This is an automatic message, please do not reply.","","needs_translation","Direct en_US vs ms_MY gap"
"lang\ms_MY\other.lang","PredefinedMailContentSendFichInter","__(Hello)__\n\nPlease find intervention __REF__ attached\n\n\n__(Sincerely)__\n\n__SENDEREMAIL_SIGNATURE__","","needs_translation","Direct en_US vs ms_MY gap"
"lang\ms_MY\other.lang","PredefinedMailContentSendInvoice","__(Hello)__\n\nPlease find invoice __REF__ attached \n\n__ONLINE_PAYMENT_TEXT_AND_URL__\n\n__(Sincerely)__\n\n__SENDEREMAIL_SIGNATURE__","","needs_translation","Direct en_US vs ms_MY gap"
"lang\ms_MY\other.lang","PredefinedMailContentSendInvoiceReminder","__(Hello)__\n\nWe would like to remind you that the invoice  __REF__ seems to have not been paid. A copy of the invoice is attached as a reminder.\n\n__ONLINE_PAYMENT_TEXT_AND_URL__\n\n__(Sincerely)__\n\n__SENDEREMAIL_SIGNATURE__","","needs_translation","Direct en_US vs ms_MY gap"
"lang\ms_MY\other.lang","PredefinedMailContentSendOrder","__(Hello)__\n\nPlease find order __REF__ attached\n\n\n__(Sincerely)__\n\n__SENDEREMAIL_SIGNATURE__","","needs_translation","Direct en_US vs ms_MY gap"
"lang\ms_MY\other.lang","PredefinedMailContentSendProposal","__(Hello)__\n\nPlease find commercial proposal __REF__ attached \n\n\n__(Sincerely)__\n\n__SENDEREMAIL_SIGNATURE__","","needs_translation","Direct en_US vs ms_MY gap"
"lang\ms_MY\other.lang","PredefinedMailContentSendReception","__(Hello)__\n\nPlease find reception __REF__ attached\n\n\n__(Sincerely)__\n\n__SENDEREMAIL_SIGNATURE__","","needs_translation","Direct en_US vs ms_MY gap"
"lang\ms_MY\other.lang","PredefinedMailContentSendShipping","__(Hello)__\n\nPlease find shipping __REF__ attached\n\n\n__(Sincerely)__\n\n__SENDEREMAIL_SIGNATURE__","","needs_translation","Direct en_US vs ms_MY gap"
"lang\ms_MY\other.lang","PredefinedMailContentSendSupplierInvoice","__(Hello)__\n\nPlease find invoice __REF__ attached\n\n\n__(Sincerely)__\n\n__SENDEREMAIL_SIGNATURE__","","needs_translation","Direct en_US vs ms_MY gap"
"lang\ms_MY\other.lang","PredefinedMailContentSendSupplierOrder","__(Hello)__\n\nPlease find our order __REF__ attached\n\n\n__(Sincerely)__\n\n__SENDEREMAIL_SIGNATURE__","","needs_translation","Direct en_US vs ms_MY gap"
"lang\ms_MY\other.lang","PredefinedMailContentSendSupplierPayment","__(Hello)__\n\nPlease find  on __DATE_YMD__ payment __REF__, corresponding to invoices : \n\n__SUPPLIER_PAYMENT_INVOICES_LIST__\n\nTotal : __SUPPLIER_PAYMENT_INVOICES_TOTAL__\n\n\n__(Sincerely)__\n\n__SENDEREMAIL_SIGNATURE__","","needs_translation","Direct en_US vs ms_MY gap"
"lang\ms_MY\other.lang","PredefinedMailContentSendSupplierProposal","__(Hello)__\n\nPlease find price request __REF__ attached\n\n\n__(Sincerely)__\n\n__SENDEREMAIL_SIGNATURE__","","needs_translation","Direct en_US vs ms_MY gap"
"lang\ms_MY\other.lang","PredefinedMailTest","__(Hello)__\nThis is a test mail sent to __EMAIL__.\nThe lines are separated by a carriage return.\n\n__SENDEREMAIL_SIGNATURE__","","needs_translation","Direct en_US vs ms_MY gap"
"lang\ms_MY\other.lang","PredefinedMailTestHtml","__(Hello)__<br>This is a <b>test</b> mail sent to __EMAIL__ (the word test must be in bold).<br>The lines are separated by a carriage return.<br><br>__SENDEREMAIL_SIGNATURE__","","needs_translation","Direct en_US vs ms_MY gap"
"lang\ms_MY\other.lang","PreviousMonth","Previous month","","needs_translation","Direct en_US vs ms_MY gap"
"lang\ms_MY\other.lang","PreviousMonthOfInvoice","Previous month (number 1-12) of invoice date","","needs_translation","Direct en_US vs ms_MY gap"
"lang\ms_MY\other.lang","PreviousYear","Previous year","","needs_translation","Direct en_US vs ms_MY gap"
"lang\ms_MY\other.lang","PreviousYearOfInvoice","Previous year of invoice date","","needs_translation","Direct en_US vs ms_MY gap"
"lang\ms_MY\other.lang","ProductsPerPopularity","Products by popularity","","needs_translation","Direct en_US vs ms_MY gap"
"lang\ms_MY\other.lang","ProductsServicesPerPopularity","Products|Services by popularity","","needs_translation","Direct en_US vs ms_MY gap"
"lang\ms_MY\other.lang","ProductStatistics","Products|Services Statistics","","needs_translation","Direct en_US vs ms_MY gap"
"lang\ms_MY\other.lang","ProfIdShortDesc","<b>Prof Id %s</b> is an information depending on third party country.<br>For example, for country <b>%s</b>, it's code <b>%s</b>.","","needs_translation","Direct en_US vs ms_MY gap"
"lang\ms_MY\other.lang","ProjectCreatedByEmailCollector","Project created by email collector from email MSGID %s","","needs_translation","Direct en_US vs ms_MY gap"
"lang\ms_MY\other.lang","RephraserByAI","Rephrase message in","","needs_translation","Direct en_US vs ms_MY gap"
"lang\ms_MY\other.lang","RephraseStyleHumouristic","Humouristic style","","needs_translation","Direct en_US vs ms_MY gap"
"lang\ms_MY\other.lang","RephraseStyleProfessional","Professional style","","needs_translation","Direct en_US vs ms_MY gap"
"lang\ms_MY\other.lang","ReplaceWindow"," Replace current tab","","needs_translation","Direct en_US vs ms_MY gap"
"lang\ms_MY\other.lang","RequestDuration","Duration of request","","needs_translation","Direct en_US vs ms_MY gap"
"lang\ms_MY\other.lang","RequestToResetPasswordReceived","A request to change your password has been received.","","needs_translation","Direct en_US vs ms_MY gap"
"lang\ms_MY\other.lang","ResetPassword","Reset password","","needs_translation","Direct en_US vs ms_MY gap"
"lang\ms_MY\other.lang","ResizeDesc","Enter new width <b>OR</b> new height. Ratio will be kept during resizing...","","needs_translation","Direct en_US vs ms_MY gap"
"lang\ms_MY\other.lang","Right","Right","","needs_translation","Direct en_US vs ms_MY gap"
"lang\ms_MY\other.lang","SecurityCode","Security code","","needs_translation","Direct en_US vs ms_MY gap"
"lang\ms_MY\other.lang","SeeModuleSetup","See setup of module %s","","needs_translation","Direct en_US vs ms_MY gap"
"lang\ms_MY\other.lang","SelectAColor","Choose a color","","needs_translation","Direct en_US vs ms_MY gap"
"lang\ms_MY\other.lang","SelectADay","Select an available slot in the calendar","","needs_translation","Direct en_US vs ms_MY gap"
"lang\ms_MY\other.lang","SelectANewDate","Select a new date","","needs_translation","Direct en_US vs ms_MY gap"
"lang\ms_MY\other.lang","SelectTheTypeOfObjectToAnalyze","Select an object to view its statistics...","","needs_translation","Direct en_US vs ms_MY gap"
"lang\ms_MY\other.lang","SendNewPasswordDesc","This form allows you to request a new password. It will be sent to your email address.<br>Change will become effective once you click on the confirmation link in the email.<br>Check your inbox.","","needs_translation","Direct en_US vs ms_MY gap"
"lang\ms_MY\other.lang","ServicesPerPopularity","Services by popularity","","needs_translation","Direct en_US vs ms_MY gap"
"lang\ms_MY\other.lang","SetHereATitleForLink"," Set a name for the bookmark","","needs_translation","Direct en_US vs ms_MY gap"
"lang\ms_MY\other.lang","SetupOfFTPClientModuleNotComplete","The setup of the FTP or SFTP client module seems to be incomplete","","needs_translation","Direct en_US vs ms_MY gap"
"lang\ms_MY\other.lang","ShowBookmark"," Show bookmark","","needs_translation","Direct en_US vs ms_MY gap"
"lang\ms_MY\other.lang","SignedBy","Signed by %s","","needs_translation","Direct en_US vs ms_MY gap"
"lang\ms_MY\other.lang","SizeUnitcm","cm","","needs_translation","Direct en_US vs ms_MY gap"
"lang\ms_MY\other.lang","SizeUnitdm","dm","","needs_translation","Direct en_US vs ms_MY gap"
"lang\ms_MY\other.lang","SizeUnitfoot","foot","","needs_translation","Direct en_US vs ms_MY gap"
"lang\ms_MY\other.lang","SizeUnitinch","inch","","needs_translation","Direct en_US vs ms_MY gap"
"lang\ms_MY\other.lang","SizeUnitm","m","","needs_translation","Direct en_US vs ms_MY gap"
"lang\ms_MY\other.lang","SizeUnitmm","mm","","needs_translation","Direct en_US vs ms_MY gap"
"lang\ms_MY\other.lang","SizeUnitpoint","point","","needs_translation","Direct en_US vs ms_MY gap"
"lang\ms_MY\other.lang","SMSSentTo","SMS sent to %s","","needs_translation","Direct en_US vs ms_MY gap"
"lang\ms_MY\other.lang","SourcesRepository","Repository for sources","","needs_translation","Direct en_US vs ms_MY gap"
"lang\ms_MY\other.lang","StartUpload","Start upload","","needs_translation","Direct en_US vs ms_MY gap"
"lang\ms_MY\other.lang","StatsByAmount","Statistics on amount of products/services","","needs_translation","Direct en_US vs ms_MY gap"
"lang\ms_MY\other.lang","StatsByAmountProducts","Statistics on amount of products","","needs_translation","Direct en_US vs ms_MY gap"
"lang\ms_MY\other.lang","StatsByAmountServices","Statistics on amount of services","","needs_translation","Direct en_US vs ms_MY gap"
"lang\ms_MY\other.lang","StatsByNumberOfEntities","Statistics for number of referring entities (no. of invoices, or orders...)","","needs_translation","Direct en_US vs ms_MY gap"
"lang\ms_MY\other.lang","StatsByNumberOfUnits","Statistics for sum of qty of products/services","","needs_translation","Direct en_US vs ms_MY gap"
"lang\ms_MY\other.lang","StatsByNumberOfUnitsProducts","Statistics for sum of qty of products","","needs_translation","Direct en_US vs ms_MY gap"
"lang\ms_MY\other.lang","StatsByNumberOfUnitsServices","Statistics for sum of qty of services","","needs_translation","Direct en_US vs ms_MY gap"
"lang\ms_MY\other.lang","SubscribeToFoundation","Help the Dolibarr project, subscribe to the foundation","","needs_translation","Direct en_US vs ms_MY gap"
"lang\ms_MY\other.lang","SuffixSessionName","Suffix for session name","","needs_translation","Direct en_US vs ms_MY gap"
"lang\ms_MY\other.lang","SummarizeByAI","Summarize message in","","needs_translation","Direct en_US vs ms_MY gap"
"lang\ms_MY\other.lang","SummarizeFiftyPercent","50%%","","needs_translation","Direct en_US vs ms_MY gap"
"lang\ms_MY\other.lang","SummarizeFiftyWords","50 words","","needs_translation","Direct en_US vs ms_MY gap"
"lang\ms_MY\other.lang","SummarizeHundredWords","100 words","","needs_translation","Direct en_US vs ms_MY gap"
"lang\ms_MY\other.lang","SummarizeOneParagraphs","1 paragraph","","needs_translation","Direct en_US vs ms_MY gap"
"lang\ms_MY\other.lang","SummarizeSeventyFivePercent","75%%","","needs_translation","Direct en_US vs ms_MY gap"
"lang\ms_MY\other.lang","SummarizeTwentyFivePercent","25%%","","needs_translation","Direct en_US vs ms_MY gap"
"lang\ms_MY\other.lang","SummarizeTwentyWords","20 words","","needs_translation","Direct en_US vs ms_MY gap"
"lang\ms_MY\other.lang","SummarizeTwoHundredWords","200 words","","needs_translation","Direct en_US vs ms_MY gap"
"lang\ms_MY\other.lang","SummarizeTwoParagraphs","2 paragraphs","","needs_translation","Direct en_US vs ms_MY gap"
"lang\ms_MY\other.lang","Surface","Area","","needs_translation","Direct en_US vs ms_MY gap"
"lang\ms_MY\other.lang","SurfaceUnitcm2","cm²","","needs_translation","Direct en_US vs ms_MY gap"
"lang\ms_MY\other.lang","SurfaceUnitdm2","dm²","","needs_translation","Direct en_US vs ms_MY gap"
"lang\ms_MY\other.lang","SurfaceUnitfoot2","ft²","","needs_translation","Direct en_US vs ms_MY gap"
"lang\ms_MY\other.lang","SurfaceUnitinch2","in²","","needs_translation","Direct en_US vs ms_MY gap"
"lang\ms_MY\other.lang","SurfaceUnitm2","m²","","needs_translation","Direct en_US vs ms_MY gap"
"lang\ms_MY\other.lang","SurfaceUnitmm2","mm²","","needs_translation","Direct en_US vs ms_MY gap"
"lang\ms_MY\other.lang","TextMonthOfInvoice","Month (text) of invoice date","","needs_translation","Direct en_US vs ms_MY gap"
"lang\ms_MY\other.lang","TextNextMonthOfInvoice","Following month (text) of invoice date","","needs_translation","Direct en_US vs ms_MY gap"
"lang\ms_MY\other.lang","TextPreviousMonthOfInvoice","Previous month (text) of invoice date","","needs_translation","Direct en_US vs ms_MY gap"
"lang\ms_MY\other.lang","TextRephraser","Text style rephraser","","needs_translation","Direct en_US vs ms_MY gap"
"lang\ms_MY\other.lang","TextSummarize","Text summarize","","needs_translation","Direct en_US vs ms_MY gap"
"lang\ms_MY\other.lang","ThirdPartyCreatedByEmailCollector","Third party created by email collector from email MSGID %s","","needs_translation","Direct en_US vs ms_MY gap"
"lang\ms_MY\other.lang","ThisIsListOfModules","This is a list of modules preselected by this demo profile (only most common modules are visible in this demo). Edit this to have a more personalized demo and click on ""Start"".","","needs_translation","Direct en_US vs ms_MY gap"
"lang\ms_MY\other.lang","TicketCreatedByEmailCollector","Ticket created by email collector from email MSGID %s","","needs_translation","Direct en_US vs ms_MY gap"
"lang\ms_MY\other.lang","TLS/STARTTLS","TLS/STARTTLS","","needs_translation","Direct en_US vs ms_MY gap"
"lang\ms_MY\other.lang","TLSv1","TLSv1","","needs_translation","Direct en_US vs ms_MY gap"
"lang\ms_MY\other.lang","TLSv1.2","TLSv1.2","","needs_translation","Direct en_US vs ms_MY gap"
"lang\ms_MY\other.lang","ToolsDesc","All tools not included in other menu entries are grouped here.<br>All the tools can be accessed via the left menu.","","needs_translation","Direct en_US vs ms_MY gap"
"lang\ms_MY\other.lang","Top","Top","","needs_translation","Direct en_US vs ms_MY gap"
"lang\ms_MY\other.lang","TotalSizeOfAttachedFiles","Total size of attached files/documents","","needs_translation","Direct en_US vs ms_MY gap"
"lang\ms_MY\other.lang","TransKey","Translation of the key TransKey","","needs_translation","Direct en_US vs ms_MY gap"
"lang\ms_MY\other.lang","TranslateByAI","Translate message into","","needs_translation","Direct en_US vs ms_MY gap"
"lang\ms_MY\other.lang","TryAnotherConnectionMode","Try another connection mode","","needs_translation","Direct en_US vs ms_MY gap"
"lang\ms_MY\other.lang","UrlOrLink"," URL","","needs_translation","Direct en_US vs ms_MY gap"
"lang\ms_MY\other.lang","UseAdvancedPerms","Use the advanced permissions of modules","","needs_translation","Direct en_US vs ms_MY gap"
"lang\ms_MY\other.lang","UseAnExternalHttpLinkOrRelativeDolibarrLink"," Use an external/absolute link (https://externalurl.com) or an internal/relative link (/mypage.php). You can also use phone like tel:0123456.","","needs_translation","Direct en_US vs ms_MY gap"
"lang\ms_MY\other.lang","ValidatedBy","Validated by %s","","needs_translation","Direct en_US vs ms_MY gap"
"lang\ms_MY\other.lang","ValidatedById","User id who validated","","needs_translation","Direct en_US vs ms_MY gap"
"lang\ms_MY\other.lang","ValidatedByLogin","User login who validated","","needs_translation","Direct en_US vs ms_MY gap"
"lang\ms_MY\other.lang","Volume","Volume","","needs_translation","Direct en_US vs ms_MY gap"
"lang\ms_MY\other.lang","VolumeUnitcm3","cm³ (ml)","","needs_translation","Direct en_US vs ms_MY gap"
"lang\ms_MY\other.lang","VolumeUnitdm3","dm³ (L)","","needs_translation","Direct en_US vs ms_MY gap"
"lang\ms_MY\other.lang","VolumeUnitfoot3","ft³","","needs_translation","Direct en_US vs ms_MY gap"
"lang\ms_MY\other.lang","VolumeUnitgallon","gallon","","needs_translation","Direct en_US vs ms_MY gap"
"lang\ms_MY\other.lang","VolumeUnitinch3","in³","","needs_translation","Direct en_US vs ms_MY gap"
"lang\ms_MY\other.lang","VolumeUnitlitre","liter","","needs_translation","Direct en_US vs ms_MY gap"
"lang\ms_MY\other.lang","VolumeUnitm3","m³","","needs_translation","Direct en_US vs ms_MY gap"
"lang\ms_MY\other.lang","VolumeUnitmm3","mm³ (µl)","","needs_translation","Direct en_US vs ms_MY gap"
"lang\ms_MY\other.lang","VolumeUnitounce","ounce","","needs_translation","Direct en_US vs ms_MY gap"
"lang\ms_MY\other.lang","WEBSITE_DESCRIPTION","Description","","needs_translation","Direct en_US vs ms_MY gap"
"lang\ms_MY\other.lang","WEBSITE_IMAGE","Image","","needs_translation","Direct en_US vs ms_MY gap"
"lang\ms_MY\other.lang","WEBSITE_IMAGEDesc","Relative path of the image media. You can keep this empty as this is rarely used (it can be used by dynamic content to show a thumbnail in a list of blog posts). Use __WEBSITE_KEY__ in the path if path depends on website name (for example: image/__WEBSITE_KEY__/stories/myimage.png).","","needs_translation","Direct en_US vs ms_MY gap"
"lang\ms_MY\other.lang","WEBSITE_KEYWORDS","Keywords","","needs_translation","Direct en_US vs ms_MY gap"
"lang\ms_MY\other.lang","WEBSITE_PAGEURL","URL of page","","needs_translation","Direct en_US vs ms_MY gap"
"lang\ms_MY\other.lang","WEBSITE_TITLE","Title","","needs_translation","Direct en_US vs ms_MY gap"
"lang\ms_MY\other.lang","WebsiteSetup","Setup of module website","","needs_translation","Direct en_US vs ms_MY gap"
"lang\ms_MY\other.lang","Weight","Weight","","needs_translation","Direct en_US vs ms_MY gap"
"lang\ms_MY\other.lang","WeightUnitg","g","","needs_translation","Direct en_US vs ms_MY gap"
"lang\ms_MY\other.lang","WeightUnitkg","kg","","needs_translation","Direct en_US vs ms_MY gap"
"lang\ms_MY\other.lang","WeightUnitmg","mg","","needs_translation","Direct en_US vs ms_MY gap"
"lang\ms_MY\other.lang","WeightUnitounce","ounce","","needs_translation","Direct en_US vs ms_MY gap"
"lang\ms_MY\other.lang","WeightUnitpound","pound","","needs_translation","Direct en_US vs ms_MY gap"
"lang\ms_MY\other.lang","WeightUnitton","ton","","needs_translation","Direct en_US vs ms_MY gap"
"lang\ms_MY\other.lang","Width","Width","","needs_translation","Direct en_US vs ms_MY gap"
"lang\ms_MY\other.lang","YearOfInvoice","Year of invoice date","","needs_translation","Direct en_US vs ms_MY gap"
"lang\ms_MY\other.lang","YouMustClickToChange","You must however first click on the following link to validate this password change","","needs_translation","Direct en_US vs ms_MY gap"
"lang\ms_MY\other.lang","YouReceiveMailBecauseOfNotification","You receive this message because your email has been added to list of targets to be informed of particular events into %s software of %s.","","needs_translation","Direct en_US vs ms_MY gap"
"lang\ms_MY\other.lang","YouReceiveMailBecauseOfNotification2","This event is the following:","","needs_translation","Direct en_US vs ms_MY gap"
"lang\ms_MY\other.lang","YourPasswordHasBeenReset","Your password has been reset successfully","","needs_translation","Direct en_US vs ms_MY gap"
"lang\ms_MY\other.lang","YourPasswordMustHaveAtLeastXChars","Your password must have at least <strong>%s</strong> chars","","needs_translation","Direct en_US vs ms_MY gap"
"lang\ms_MY\other.lang","ZipFileGeneratedInto","Zip file generated into <b>%s</b>.","","needs_translation","Direct en_US vs ms_MY gap"
"lang\ms_MY\partnership.lang","AddPartnership","Add partnership","","needs_translation","Direct en_US vs ms_MY gap"
"lang\ms_MY\partnership.lang","BacklinkNotFoundOnPartnerWebsite","Backlink not found on partner website","","needs_translation","Direct en_US vs ms_MY gap"
"lang\ms_MY\partnership.lang","CancelPartnershipForExpiredMembers","Partnership: Cancel partnership of members with expired subscriptions","","needs_translation","Direct en_US vs ms_MY gap"
"lang\ms_MY\partnership.lang","ConfirmClosePartnershipAsk","Are you sure you want to cancel this partnership?","","needs_translation","Direct en_US vs ms_MY gap"
"lang\ms_MY\partnership.lang","CountLastUrlCheckError","Number of errors for last URL check","","needs_translation","Direct en_US vs ms_MY gap"
"lang\ms_MY\partnership.lang","DatePartnershipEnd","End date","","needs_translation","Direct en_US vs ms_MY gap"
"lang\ms_MY\partnership.lang","DatePartnershipStart","Start date","","needs_translation","Direct en_US vs ms_MY gap"
"lang\ms_MY\partnership.lang","DeletePartnership","Delete a partnership","","needs_translation","Direct en_US vs ms_MY gap"
"lang\ms_MY\partnership.lang","IPOfApplicant","IP of applicant","","needs_translation","Direct en_US vs ms_MY gap"
"lang\ms_MY\partnership.lang","KeywordToCheckInWebsite","If you want to check that a given keyword is present into the website of each partner, define this keyword here","","needs_translation","Direct en_US vs ms_MY gap"
"lang\ms_MY\partnership.lang","LastCheckBacklink","Date of last URL check","","needs_translation","Direct en_US vs ms_MY gap"
"lang\ms_MY\partnership.lang","ListOfPartnerships","List of partnership","","needs_translation","Direct en_US vs ms_MY gap"
"lang\ms_MY\partnership.lang","ManagePartnership","Manage partnership","","needs_translation","Direct en_US vs ms_MY gap"
"lang\ms_MY\partnership.lang","ModulePartnershipName","Partnership management","","needs_translation","Direct en_US vs ms_MY gap"
"lang\ms_MY\partnership.lang","NewPartnership","New Partnership","","needs_translation","Direct en_US vs ms_MY gap"
"lang\ms_MY\partnership.lang","NewPartnershipbyWeb","Your partnership request has been added successfully. We may contact you soon...","","needs_translation","Direct en_US vs ms_MY gap"
"lang\ms_MY\partnership.lang","NewPartnershipRequest","New partnership request","","needs_translation","Direct en_US vs ms_MY gap"
"lang\ms_MY\partnership.lang","NewPartnershipRequestDesc","This form allows you to request to be part of one of our partnership program. If you need help to fill this form, please contact by email <b>%s</b>.","","needs_translation","Direct en_US vs ms_MY gap"
"lang\ms_MY\partnership.lang","Partnership","Partnership","","needs_translation","Direct en_US vs ms_MY gap"
"lang\ms_MY\partnership.lang","PARTNERSHIP_BACKLINKS_TO_CHECK","Backlinks to check","","needs_translation","Direct en_US vs ms_MY gap"
"lang\ms_MY\partnership.lang","PARTNERSHIP_IS_MANAGED_FOR","Partnership managed for","","needs_translation","Direct en_US vs ms_MY gap"
"lang\ms_MY\partnership.lang","PARTNERSHIP_NBDAYS_AFTER_MEMBER_EXPIRATION_BEFORE_CANCEL","Nb of days before canceling status of a partnership when a subscription has expired","","needs_translation","Direct en_US vs ms_MY gap"
"lang\ms_MY\partnership.lang","PartnershipAbout","About Partnership","","needs_translation","Direct en_US vs ms_MY gap"
"lang\ms_MY\partnership.lang","PartnershipAboutPage","Partnership about page","","needs_translation","Direct en_US vs ms_MY gap"
"lang\ms_MY\partnership.lang","PartnershipAccepted","Accepted","","needs_translation","Direct en_US vs ms_MY gap"
"lang\ms_MY\partnership.lang","PartnershipAlreadyExist","Partnership already exist","","needs_translation","Direct en_US vs ms_MY gap"
"lang\ms_MY\partnership.lang","PartnershipCanceled","Canceled","","needs_translation","Direct en_US vs ms_MY gap"
"lang\ms_MY\partnership.lang","PartnershipCheckBacklink","Partnership: Check referring backlink","","needs_translation","Direct en_US vs ms_MY gap"
"lang\ms_MY\partnership.lang","PartnershipConfirmReOpenAsk","Are you sure you want to reopen this partnership <b> %s</b>?","","needs_translation","Direct en_US vs ms_MY gap"
"lang\ms_MY\partnership.lang","PartnershipDedicatedToThisMember","Partnership dedicated to this member","","needs_translation","Direct en_US vs ms_MY gap"
"lang\ms_MY\partnership.lang","PartnershipDedicatedToThisThirdParty","Partnership dedicated to this third party","","needs_translation","Direct en_US vs ms_MY gap"
"lang\ms_MY\partnership.lang","PartnershipDescription","Module Partnership management","","needs_translation","Direct en_US vs ms_MY gap"
"lang\ms_MY\partnership.lang","PartnershipDescriptionLong"," Module Partnership management","","needs_translation","Direct en_US vs ms_MY gap"
"lang\ms_MY\partnership.lang","PartnershipDraft","Draft","","needs_translation","Direct en_US vs ms_MY gap"
"lang\ms_MY\partnership.lang","partnershipforthirdpartyormember","Partner status must be set on a 'third party' or a 'member'","","needs_translation","Direct en_US vs ms_MY gap"
"lang\ms_MY\partnership.lang","PartnershipManagedFor","Partners are","","needs_translation","Direct en_US vs ms_MY gap"
"lang\ms_MY\partnership.lang","PartnershipRefApproved","Partnership %s approved","","needs_translation","Direct en_US vs ms_MY gap"
"lang\ms_MY\partnership.lang","PartnershipRefused","Refused","","needs_translation","Direct en_US vs ms_MY gap"
"lang\ms_MY\partnership.lang","Partnerships","Partnerships","","needs_translation","Direct en_US vs ms_MY gap"
"lang\ms_MY\partnership.lang","PartnershipSetup","Partnership setup","","needs_translation","Direct en_US vs ms_MY gap"
"lang\ms_MY\partnership.lang","PartnershipToReopen","To reopen","","needs_translation","Direct en_US vs ms_MY gap"
"lang\ms_MY\partnership.lang","PartnershipType","Partnership type","","needs_translation","Direct en_US vs ms_MY gap"
"lang\ms_MY\partnership.lang","PublicFormRegistrationPartnerDesc","Dolibarr can provide you a public URL/website to allow external visitors to request to be part of the partnership program.","","needs_translation","Direct en_US vs ms_MY gap"
"lang\ms_MY\partnership.lang","ReasonDecline","Decline reason","","needs_translation","Direct en_US vs ms_MY gap"
"lang\ms_MY\partnership.lang","ReasonDeclineOrCancel","Reason for refusal or cancellation","","needs_translation","Direct en_US vs ms_MY gap"
"lang\ms_MY\partnership.lang","ReferingWebsiteCheck","Check of website referring","","needs_translation","Direct en_US vs ms_MY gap"
"lang\ms_MY\partnership.lang","ReferingWebsiteCheckDesc","You can enable a feature to check that your partners has added a backlink to your website domains on their own website.","","needs_translation","Direct en_US vs ms_MY gap"
"lang\ms_MY\partnership.lang","SendingEmailOnPartnershipAccepted","Partnership accepted","","needs_translation","Direct en_US vs ms_MY gap"
"lang\ms_MY\partnership.lang","SendingEmailOnPartnershipCanceled","Partnership canceled","","needs_translation","Direct en_US vs ms_MY gap"
"lang\ms_MY\partnership.lang","SendingEmailOnPartnershipRefused","Partnership refused","","needs_translation","Direct en_US vs ms_MY gap"
"lang\ms_MY\partnership.lang","SendingEmailOnPartnershipWillSoonBeCanceled","Partnership will soon be canceled","","needs_translation","Direct en_US vs ms_MY gap"
"lang\ms_MY\partnership.lang","ThisUrlMustContainsAtLeastOneLinkToWebsite","This page must contains at least one link to one of the following domain: %s","","needs_translation","Direct en_US vs ms_MY gap"
"lang\ms_MY\partnership.lang","YourPartnershipAcceptedContent","We would like to inform you that your partnership request has been accepted.","","needs_translation","Direct en_US vs ms_MY gap"
"lang\ms_MY\partnership.lang","YourPartnershipAcceptedTopic","Partnership accepted","","needs_translation","Direct en_US vs ms_MY gap"
"lang\ms_MY\partnership.lang","YourPartnershipCanceledContent","We would like to inform you that our partnership has been canceled. Please contact us if you need more information.","","needs_translation","Direct en_US vs ms_MY gap"
"lang\ms_MY\partnership.lang","YourPartnershipCanceledTopic","Partnership canceled","","needs_translation","Direct en_US vs ms_MY gap"
"lang\ms_MY\partnership.lang","YourPartnershipRefusedContent","We would like to inform you that your partnership request has been refused. Prerequisites have not been met. Please contact us if you need more information.","","needs_translation","Direct en_US vs ms_MY gap"
"lang\ms_MY\partnership.lang","YourPartnershipRefusedTopic","Partnership refused","","needs_translation","Direct en_US vs ms_MY gap"
"lang\ms_MY\partnership.lang","YourPartnershipWillSoonBeCanceledContent","We would like to inform you that our partnership will soon be canceled (we did not get renewal or a prerequisite for our partnership have not been met). Please contact us if you received this due to an error.","","needs_translation","Direct en_US vs ms_MY gap"
"lang\ms_MY\partnership.lang","YourPartnershipWillSoonBeCanceledTopic","Partnership will soon be canceled","","needs_translation","Direct en_US vs ms_MY gap"
"lang\ms_MY\paypal.lang","ARollbackWasPerformedOnPostActions","A rollback was performed on all Post actions. You must complete post actions manually if they are necessary.","","needs_translation","Direct en_US vs ms_MY gap"
"lang\ms_MY\paypal.lang","CardOwner","Card holder","","needs_translation","Direct en_US vs ms_MY gap"
"lang\ms_MY\paypal.lang","DetailedErrorMessage","Detailed Error Message","","needs_translation","Direct en_US vs ms_MY gap"
"lang\ms_MY\paypal.lang","DoExpressCheckoutPaymentAPICallFailed","DoExpressCheckoutPayment API call failed.","","needs_translation","Direct en_US vs ms_MY gap"
"lang\ms_MY\paypal.lang","ErrorCode","Error Code","","needs_translation","Direct en_US vs ms_MY gap"
"lang\ms_MY\paypal.lang","ErrorSeverityCode","Error Severity Code","","needs_translation","Direct en_US vs ms_MY gap"
"lang\ms_MY\paypal.lang","NewOnlinePaymentFailed","New online payment tried but failed","","needs_translation","Direct en_US vs ms_MY gap"
"lang\ms_MY\paypal.lang","NewOnlinePaymentReceived","New online payment received","","needs_translation","Direct en_US vs ms_MY gap"
"lang\ms_MY\paypal.lang","ONLINE_PAYMENT_CSS_URL","Optional URL of CSS stylesheet on online payment page","","needs_translation","Direct en_US vs ms_MY gap"
"lang\ms_MY\paypal.lang","ONLINE_PAYMENT_SENDEMAIL","Email address for notifications after each payment attempt (for success and fail)","","needs_translation","Direct en_US vs ms_MY gap"
"lang\ms_MY\paypal.lang","OnlinePaymentSystem","Online payment system","","needs_translation","Direct en_US vs ms_MY gap"
"lang\ms_MY\paypal.lang","OnlineSubscriptionPaymentLine","Online subscription recorded on %s<br>Paid via %s<br>Originating IP address: %s<br>Transaction ID: %s","","needs_translation","Direct en_US vs ms_MY gap"
"lang\ms_MY\paypal.lang","PaymentSystemConfirmPaymentPageWasCalledButFailed","Payment confirmation page was called by payment system returned an error","","needs_translation","Direct en_US vs ms_MY gap"
"lang\ms_MY\paypal.lang","PAYPAL_ADD_PAYMENT_URL","Include the PayPal payment url when you send a document by email","","needs_translation","Direct en_US vs ms_MY gap"
"lang\ms_MY\paypal.lang","PAYPAL_API_INTEGRAL_OR_PAYPALONLY","Offer ""integral"" payment (Credit card+PayPal) or ""PayPal"" only","","needs_translation","Direct en_US vs ms_MY gap"
"lang\ms_MY\paypal.lang","PAYPAL_API_PASSWORD","API password","","needs_translation","Direct en_US vs ms_MY gap"
"lang\ms_MY\paypal.lang","PAYPAL_API_SANDBOX","Mode test/sandbox","","needs_translation","Direct en_US vs ms_MY gap"
"lang\ms_MY\paypal.lang","PAYPAL_API_SIGNATURE","API signature","","needs_translation","Direct en_US vs ms_MY gap"
"lang\ms_MY\paypal.lang","PAYPAL_API_USER","API username","","needs_translation","Direct en_US vs ms_MY gap"
"lang\ms_MY\paypal.lang","PAYPAL_SSLVERSION","Curl SSL Version","","needs_translation","Direct en_US vs ms_MY gap"
"lang\ms_MY\paypal.lang","PayPalBalance","Paypal credit","","needs_translation","Direct en_US vs ms_MY gap"
"lang\ms_MY\paypal.lang","PaypalDesc","This module allows payment by customers via <a href=""https://www.paypal.com"" target=""_blank"" rel=""noopener noreferrer external"">PayPal</a>. This can be used for a ad-hoc payment or for a payment related to a Dolibarr object (invoice, order, ...)","","needs_translation","Direct en_US vs ms_MY gap"
"lang\ms_MY\paypal.lang","PaypalDoPayment","Pay with PayPal","","needs_translation","Direct en_US vs ms_MY gap"
"lang\ms_MY\paypal.lang","PaypalImportPayment","Import PayPal payments","","needs_translation","Direct en_US vs ms_MY gap"
"lang\ms_MY\paypal.lang","PaypalLiveEnabled","PayPal ""live"" mode enabled (otherwise test/sandbox mode)","","needs_translation","Direct en_US vs ms_MY gap"
"lang\ms_MY\paypal.lang","PaypalModeIntegral","Integral","","needs_translation","Direct en_US vs ms_MY gap"
"lang\ms_MY\paypal.lang","PaypalModeOnlyPaypal","PayPal only","","needs_translation","Direct en_US vs ms_MY gap"
"lang\ms_MY\paypal.lang","PaypalOrCBDoPayment","Pay with PayPal (Card or PayPal)","","needs_translation","Direct en_US vs ms_MY gap"
"lang\ms_MY\paypal.lang","PaypalSetup","PayPal module setup","","needs_translation","Direct en_US vs ms_MY gap"
"lang\ms_MY\paypal.lang","PostActionAfterPayment","Post actions after payments","","needs_translation","Direct en_US vs ms_MY gap"
"lang\ms_MY\paypal.lang","ReturnURLAfterPayment","Return URL after payment","","needs_translation","Direct en_US vs ms_MY gap"
"lang\ms_MY\paypal.lang","SetExpressCheckoutAPICallFailed","SetExpressCheckout API call failed.","","needs_translation","Direct en_US vs ms_MY gap"
"lang\ms_MY\paypal.lang","ShortErrorMessage","Short Error Message","","needs_translation","Direct en_US vs ms_MY gap"
"lang\ms_MY\paypal.lang","ThisIsTransactionId","This is id of transaction: <b>%s</b>","","needs_translation","Direct en_US vs ms_MY gap"
"lang\ms_MY\paypal.lang","ValidationOfOnlinePaymentFailed","Validation of online payment failed","","needs_translation","Direct en_US vs ms_MY gap"
"lang\ms_MY\paypal.lang","ValidationOfPaymentFailed","Validation of payment has failed","","needs_translation","Direct en_US vs ms_MY gap"
"lang\ms_MY\printing.lang","DefaultPrinter","Default printer","","needs_translation","Direct en_US vs ms_MY gap"
"lang\ms_MY\printing.lang","DirectPrint","One click Print","","needs_translation","Direct en_US vs ms_MY gap"
"lang\ms_MY\printing.lang","DirectPrintingJobsDesc","This page lists printing jobs found for available printers.","","needs_translation","Direct en_US vs ms_MY gap"
"lang\ms_MY\printing.lang","FileWasSentToPrinter","File %s was sent to printer","","needs_translation","Direct en_US vs ms_MY gap"
"lang\ms_MY\printing.lang","GCP_connectionStatus","Online State","","needs_translation","Direct en_US vs ms_MY gap"
"lang\ms_MY\printing.lang","GCP_displayName","Display Name","","needs_translation","Direct en_US vs ms_MY gap"
"lang\ms_MY\printing.lang","GCP_Id","Printer Id","","needs_translation","Direct en_US vs ms_MY gap"
"lang\ms_MY\printing.lang","GCP_Name","Name","","needs_translation","Direct en_US vs ms_MY gap"
"lang\ms_MY\printing.lang","GCP_OwnerName","Owner Name","","needs_translation","Direct en_US vs ms_MY gap"
"lang\ms_MY\printing.lang","GCP_State","Printer State","","needs_translation","Direct en_US vs ms_MY gap"
"lang\ms_MY\printing.lang","GCP_Type","Printer Type","","needs_translation","Direct en_US vs ms_MY gap"
"lang\ms_MY\printing.lang","GoogleAuthConfigured","Google OAuth credentials were found into setup of module OAuth.","","needs_translation","Direct en_US vs ms_MY gap"
"lang\ms_MY\printing.lang","GoogleAuthNotConfigured","Google OAuth has not been setup. Enable module OAuth and set a Google ID/Secret.","","needs_translation","Direct en_US vs ms_MY gap"
"lang\ms_MY\printing.lang","IPP_BW","BW","","needs_translation","Direct en_US vs ms_MY gap"
"lang\ms_MY\printing.lang","IPP_Color","Color","","needs_translation","Direct en_US vs ms_MY gap"
"lang\ms_MY\printing.lang","IPP_COLOR_print-black","Black and White","","needs_translation","Direct en_US vs ms_MY gap"
"lang\ms_MY\printing.lang","IPP_COLOR_print-color","Color","","needs_translation","Direct en_US vs ms_MY gap"
"lang\ms_MY\printing.lang","IPP_Device","Device","","needs_translation","Direct en_US vs ms_MY gap"
"lang\ms_MY\printing.lang","IPP_Media","Printer media","","needs_translation","Direct en_US vs ms_MY gap"
"lang\ms_MY\printing.lang","IPP_Name","Printer Name","","needs_translation","Direct en_US vs ms_MY gap"
"lang\ms_MY\printing.lang","IPP_State","Printer State","","needs_translation","Direct en_US vs ms_MY gap"
"lang\ms_MY\printing.lang","IPP_State_reason","State reason","","needs_translation","Direct en_US vs ms_MY gap"
"lang\ms_MY\printing.lang","IPP_State_reason1","State reason1","","needs_translation","Direct en_US vs ms_MY gap"
"lang\ms_MY\printing.lang","IPP_Supported","Type of media","","needs_translation","Direct en_US vs ms_MY gap"
"lang\ms_MY\printing.lang","IPP_Uri","Printer Uri","","needs_translation","Direct en_US vs ms_MY gap"
"lang\ms_MY\printing.lang","ListDrivers","List of drivers","","needs_translation","Direct en_US vs ms_MY gap"
"lang\ms_MY\printing.lang","MenuDirectPrinting","One click Printing jobs","","needs_translation","Direct en_US vs ms_MY gap"
"lang\ms_MY\printing.lang","Module64000Desc","Enable One click Printing System","","needs_translation","Direct en_US vs ms_MY gap"
"lang\ms_MY\printing.lang","Module64000Name","One click Printing","","needs_translation","Direct en_US vs ms_MY gap"
"lang\ms_MY\printing.lang","NoActivePrintingModuleFound","No active driver to print document. Check setup of module %s.","","needs_translation","Direct en_US vs ms_MY gap"
"lang\ms_MY\printing.lang","NoDefaultPrinterDefined","No default printer defined","","needs_translation","Direct en_US vs ms_MY gap"
"lang\ms_MY\printing.lang","PleaseConfigureDriverfromList","Please configure the selected driver from list.","","needs_translation","Direct en_US vs ms_MY gap"
"lang\ms_MY\printing.lang","PleaseSelectaDriverfromList","Please select a driver from list.","","needs_translation","Direct en_US vs ms_MY gap"
"lang\ms_MY\printing.lang","Printer","Printer","","needs_translation","Direct en_US vs ms_MY gap"
"lang\ms_MY\printing.lang","PrinterLocation","Printer location","","needs_translation","Direct en_US vs ms_MY gap"
"lang\ms_MY\printing.lang","PRINTGCP_AUTHLINK","Authentication","","needs_translation","Direct en_US vs ms_MY gap"
"lang\ms_MY\printing.lang","PRINTGCP_INFO","Google OAuth API setup","","needs_translation","Direct en_US vs ms_MY gap"
"lang\ms_MY\printing.lang","PRINTGCP_TOKEN_ACCESS","Google Cloud Print OAuth Token","","needs_translation","Direct en_US vs ms_MY gap"
"lang\ms_MY\printing.lang","PrintGCPDesc","This driver allows sending documents directly to a printer using Google Cloud Print.","","needs_translation","Direct en_US vs ms_MY gap"
"lang\ms_MY\printing.lang","PrintingDesc","This module adds a Print button to various modules to allow documents to be printed directly to a printer with no need to open the document into another application.","","needs_translation","Direct en_US vs ms_MY gap"
"lang\ms_MY\printing.lang","PrintingDriverDesc","Configuration variables for printing driver.","","needs_translation","Direct en_US vs ms_MY gap"
"lang\ms_MY\printing.lang","PrintingDriverDescprintgcp","Configuration variables for printing driver Google Cloud Print.","","needs_translation","Direct en_US vs ms_MY gap"
"lang\ms_MY\printing.lang","PrintingDriverDescprintipp","Configuration variables for printing driver Cups.","","needs_translation","Direct en_US vs ms_MY gap"
"lang\ms_MY\printing.lang","PrintingSetup","Setup of One click Printing System","","needs_translation","Direct en_US vs ms_MY gap"
"lang\ms_MY\printing.lang","PRINTIPP_HOST","Print server","","needs_translation","Direct en_US vs ms_MY gap"
"lang\ms_MY\printing.lang","PRINTIPP_PASSWORD","Password","","needs_translation","Direct en_US vs ms_MY gap"
"lang\ms_MY\printing.lang","PRINTIPP_PORT","Port","","needs_translation","Direct en_US vs ms_MY gap"
"lang\ms_MY\printing.lang","PRINTIPP_SSL","Use SSL","","needs_translation","Direct en_US vs ms_MY gap"
"lang\ms_MY\printing.lang","PRINTIPP_USER","Login","","needs_translation","Direct en_US vs ms_MY gap"
"lang\ms_MY\printing.lang","PrintIPPDesc","This driver allows sending of documents directly to a printer. It requires a Linux system with CUPS installed.","","needs_translation","Direct en_US vs ms_MY gap"
"lang\ms_MY\printing.lang","PrintTestDesc","List of Printers.","","needs_translation","Direct en_US vs ms_MY gap"
"lang\ms_MY\printing.lang","PrintTestDescprintgcp","List of Printers for Google Cloud Print.","","needs_translation","Direct en_US vs ms_MY gap"
"lang\ms_MY\printing.lang","PrintTestDescprintipp","List of Printers for Cups.","","needs_translation","Direct en_US vs ms_MY gap"
"lang\ms_MY\printing.lang","SetupDriver","Driver setup","","needs_translation","Direct en_US vs ms_MY gap"
"lang\ms_MY\printing.lang","STATE_IPP_idle","Idle printer","","needs_translation","Direct en_US vs ms_MY gap"
"lang\ms_MY\printing.lang","STATE_IPP_none","None","","needs_translation","Direct en_US vs ms_MY gap"
"lang\ms_MY\printing.lang","TargetedPrinter","Targeted printer","","needs_translation","Direct en_US vs ms_MY gap"
"lang\ms_MY\printing.lang","UserConf","Setup per user","","needs_translation","Direct en_US vs ms_MY gap"
"lang\ms_MY\printing.lang","ViaModule","via the module","","needs_translation","Direct en_US vs ms_MY gap"
"lang\ms_MY\productbatch.lang","AddDispatchBatchLine","Add a line for Shelf Life dispatching","","needs_translation","Direct en_US vs ms_MY gap"
"lang\ms_MY\productbatch.lang","atleast1batchfield","Eat-by date or Sell-by date or Lot/Serial number","","needs_translation","Direct en_US vs ms_MY gap"
"lang\ms_MY\productbatch.lang","batch_number","Lot/Serial number","","needs_translation","Direct en_US vs ms_MY gap"
"lang\ms_MY\productbatch.lang","BatchInformationNotfound","Batch information not found","","needs_translation","Direct en_US vs ms_MY gap"
"lang\ms_MY\productbatch.lang","BatchLotNumberingModules","Numbering rule for automatic generation of lot number","","needs_translation","Direct en_US vs ms_MY gap"
"lang\ms_MY\productbatch.lang","BatchNumberShort","Lot/Serial","","needs_translation","Direct en_US vs ms_MY gap"
"lang\ms_MY\productbatch.lang","BatchSellOrEatByMandatoryAll","%s and %s","","needs_translation","Direct en_US vs ms_MY gap"
"lang\ms_MY\productbatch.lang","BatchSellOrEatByMandatoryList","%s or %s is mandatory","","needs_translation","Direct en_US vs ms_MY gap"
"lang\ms_MY\productbatch.lang","BatchSellOrEatByMandatoryNone","None","","needs_translation","Direct en_US vs ms_MY gap"
"lang\ms_MY\productbatch.lang","BatchSerialNumberingModules","Numbering rule for automatic generation of serial number (for products with property 1 unique lot/serial for each product)","","needs_translation","Direct en_US vs ms_MY gap"
"lang\ms_MY\productbatch.lang","CantMoveNonExistantSerial","Error. You ask a move on a record for a serial that does not exists anymore. May be you take the same serial on same warehouse several times in same shipment or it was used by another shipment. Remove this shipment and prepare another one.","","needs_translation","Direct en_US vs ms_MY gap"
"lang\ms_MY\productbatch.lang","CustomMasks","Option to define a different numbering mask for each product","","needs_translation","Direct en_US vs ms_MY gap"
"lang\ms_MY\productbatch.lang","DestructionDate","Destruction date","","needs_translation","Direct en_US vs ms_MY gap"
"lang\ms_MY\productbatch.lang","DetailBatchNumber","Lot/Serial details","","needs_translation","Direct en_US vs ms_MY gap"
"lang\ms_MY\productbatch.lang","EatByDate","Eat-by date","","needs_translation","Direct en_US vs ms_MY gap"
"lang\ms_MY\productbatch.lang","EndOfLife","End of life","","needs_translation","Direct en_US vs ms_MY gap"
"lang\ms_MY\productbatch.lang","ErrorBatchesNeedStockManagement","Error. A product with batch/lot management must also be managed in stock.","","needs_translation","Direct en_US vs ms_MY gap"
"lang\ms_MY\productbatch.lang","FirstUseDate","First use date","","needs_translation","Direct en_US vs ms_MY gap"
"lang\ms_MY\productbatch.lang","ForceBatchesNeedStockManagement","A product with batch/lot management must be managed in stock (stock management force to yes)","","needs_translation","Direct en_US vs ms_MY gap"
"lang\ms_MY\productbatch.lang","HideLots","Hide lots","","needs_translation","Direct en_US vs ms_MY gap"
"lang\ms_MY\productbatch.lang","IlligalQtyForSerialNumbers"," Stock correction required because unique serial number.","","needs_translation","Direct en_US vs ms_MY gap"
"lang\ms_MY\productbatch.lang","InWorkingOrder","In working order","","needs_translation","Direct en_US vs ms_MY gap"
"lang\ms_MY\productbatch.lang","LifeTime","Life span (in days)","","needs_translation","Direct en_US vs ms_MY gap"
"lang\ms_MY\productbatch.lang","ManageLotMask","Custom mask","","needs_translation","Direct en_US vs ms_MY gap"
"lang\ms_MY\productbatch.lang","ManageLotSerial","Use lot/serial number","","needs_translation","Direct en_US vs ms_MY gap"
"lang\ms_MY\productbatch.lang","OutOfOrder","Out of order","","needs_translation","Direct en_US vs ms_MY gap"
"lang\ms_MY\productbatch.lang","printBatch","Lot/Serial: %s","","needs_translation","Direct en_US vs ms_MY gap"
"lang\ms_MY\productbatch.lang","printEatby","Eat-by: %s","","needs_translation","Direct en_US vs ms_MY gap"
"lang\ms_MY\productbatch.lang","printPlannedWarehouse","Warehouse: %s","","needs_translation","Direct en_US vs ms_MY gap"
"lang\ms_MY\productbatch.lang","printQty","Qty: %d","","needs_translation","Direct en_US vs ms_MY gap"
"lang\ms_MY\productbatch.lang","printSellby","Sell-by: %s","","needs_translation","Direct en_US vs ms_MY gap"
"lang\ms_MY\productbatch.lang","ProductDoesNotUseBatchSerial","This product does not use lot/serial number","","needs_translation","Direct en_US vs ms_MY gap"
"lang\ms_MY\productbatch.lang","ProductLotSetup","Setup of module lot/serial","","needs_translation","Direct en_US vs ms_MY gap"
"lang\ms_MY\productbatch.lang","ProductStatusNotOnBatch","No (lot/serial not used)","","needs_translation","Direct en_US vs ms_MY gap"
"lang\ms_MY\productbatch.lang","ProductStatusNotOnBatchShort","No","","needs_translation","Direct en_US vs ms_MY gap"
"lang\ms_MY\productbatch.lang","ProductStatusOnBatch","Yes (lot required)","","needs_translation","Direct en_US vs ms_MY gap"
"lang\ms_MY\productbatch.lang","ProductStatusOnBatchShort","Lot","","needs_translation","Direct en_US vs ms_MY gap"
"lang\ms_MY\productbatch.lang","ProductStatusOnSerial","Yes (unique serial number required)","","needs_translation","Direct en_US vs ms_MY gap"
"lang\ms_MY\productbatch.lang","ProductStatusOnSerialShort","Serial","","needs_translation","Direct en_US vs ms_MY gap"
"lang\ms_MY\productbatch.lang","QCFrequency","Quality control frequency (in days)","","needs_translation","Direct en_US vs ms_MY gap"
"lang\ms_MY\productbatch.lang","QtyToAddAfterBarcodeScan","Qty to %s for each barcode/lot/serial scanned","","needs_translation","Direct en_US vs ms_MY gap"
"lang\ms_MY\productbatch.lang","SellByDate","Sell-by date","","needs_translation","Direct en_US vs ms_MY gap"
"lang\ms_MY\productbatch.lang","SerialNumberAlreadyInUse","Serial number %s is already used for product %s","","needs_translation","Direct en_US vs ms_MY gap"
"lang\ms_MY\productbatch.lang","ShowAllLots","Show all lots","","needs_translation","Direct en_US vs ms_MY gap"
"lang\ms_MY\productbatch.lang","ShowCurrentStockOfLot","Show current stock for couple product/lot","","needs_translation","Direct en_US vs ms_MY gap"
"lang\ms_MY\productbatch.lang","ShowLogOfMovementIfLot","Show log of movements for couple product/lot","","needs_translation","Direct en_US vs ms_MY gap"
"lang\ms_MY\productbatch.lang","StockDetailPerBatch","Stock detail per lot","","needs_translation","Direct en_US vs ms_MY gap"
"lang\ms_MY\productbatch.lang","TableLotIncompleteRunRepairWithParamStandardEqualConfirmed","Lot table incomplete run repair with parameter '...repair.php?standard=confirmed'","","needs_translation","Direct en_US vs ms_MY gap"
"lang\ms_MY\productbatch.lang","TooManyQtyForSerialNumber","You can only have one product %s for serial number %s","","needs_translation","Direct en_US vs ms_MY gap"
"lang\ms_MY\productbatch.lang","ToReplace","Replace","","needs_translation","Direct en_US vs ms_MY gap"
"lang\ms_MY\productbatch.lang","WhenProductBatchModuleOnOptionAreForced","When module Lot/Serial is on, some modes for automatic stock decrease or increase may be not available. The other options have no restriction.","","needs_translation","Direct en_US vs ms_MY gap"
"lang\ms_MY\products.lang","ActionAvailableOnVariantProductOnly","Action only available on the variant of product","","needs_translation","Direct en_US vs ms_MY gap"
"lang\ms_MY\products.lang","AddCustomerPrice","Add price by customer","","needs_translation","Direct en_US vs ms_MY gap"
"lang\ms_MY\products.lang","AddUpdater","Add Updater","","needs_translation","Direct en_US vs ms_MY gap"
"lang\ms_MY\products.lang","AddVariable","Add Variable","","needs_translation","Direct en_US vs ms_MY gap"
"lang\ms_MY\products.lang","AllowStockMovementVariantParent","Also records stock movements on parent products of variant products","","needs_translation","Direct en_US vs ms_MY gap"
"lang\ms_MY\products.lang","AllowStockMovementVariantParentHelp","By default, a parent of a variant is a virtual product, so no stock is managed for it. By enabling this option, a stock will be managed for parent products and each time a stock quantity is modified for a variant product, the same quantity will be modified for the parent product. You should not need this option, except if you are using variant to manage the same product than parent (but with different descriptions, prices...)","","needs_translation","Direct en_US vs ms_MY gap"
"lang\ms_MY\products.lang","AlwaysUseFixedPrice","Use the fixed price","","needs_translation","Direct en_US vs ms_MY gap"
"lang\ms_MY\products.lang","AlwaysUseNewPrice","Always use current price of product/service","","needs_translation","Direct en_US vs ms_MY gap"
"lang\ms_MY\products.lang","AmountUsedToUpdateWAP","Unit amount to use to update the Weighted Average Price","","needs_translation","Direct en_US vs ms_MY gap"
"lang\ms_MY\products.lang","AppliedPricesFrom","Applied from","","needs_translation","Direct en_US vs ms_MY gap"
"lang\ms_MY\products.lang","AppliedPricesTo","Applied until","","needs_translation","Direct en_US vs ms_MY gap"
"lang\ms_MY\products.lang","ApplyToAllPriceImpactLevel"," Apply to all levels","","needs_translation","Direct en_US vs ms_MY gap"
"lang\ms_MY\products.lang","ApplyToAllPriceImpactLevelHelp","By clicking here you set the same price impact on all levels","","needs_translation","Direct en_US vs ms_MY gap"
"lang\ms_MY\products.lang","AssociatedProducts","Kits","","needs_translation","Direct en_US vs ms_MY gap"
"lang\ms_MY\products.lang","AssociatedProductsAbility","Enable Kits (set of several products)","","needs_translation","Direct en_US vs ms_MY gap"
"lang\ms_MY\products.lang","AssociatedProductsNumber","Number of products composing this kit","","needs_translation","Direct en_US vs ms_MY gap"
"lang\ms_MY\products.lang","Attributes","Attributes","","needs_translation","Direct en_US vs ms_MY gap"
"lang\ms_MY\products.lang","BarCodeDataForProduct","Barcode information of product %s:","","needs_translation","Direct en_US vs ms_MY gap"
"lang\ms_MY\products.lang","BarCodeDataForThirdparty","Barcode information of third party %s:","","needs_translation","Direct en_US vs ms_MY gap"
"lang\ms_MY\products.lang","BarCodePrintsheet","Print barcodes","","needs_translation","Direct en_US vs ms_MY gap"
"lang\ms_MY\products.lang","BarcodeValue","Barcode value","","needs_translation","Direct en_US vs ms_MY gap"
"lang\ms_MY\products.lang","Build","Produce","","needs_translation","Direct en_US vs ms_MY gap"
"lang\ms_MY\products.lang","BuildPageToPrint","Generate page to print","","needs_translation","Direct en_US vs ms_MY gap"
"lang\ms_MY\products.lang","BuyingPrice","Buying price","","needs_translation","Direct en_US vs ms_MY gap"
"lang\ms_MY\products.lang","BuyingPrices","Buying prices","","needs_translation","Direct en_US vs ms_MY gap"
"lang\ms_MY\products.lang","CantBeLessThanMinPrice","The selling price can't be lower than minimum allowed for this product (%s without tax). This message can also appear if you type a significant discount.","","needs_translation","Direct en_US vs ms_MY gap"
"lang\ms_MY\products.lang","CantBeLessThanMinPriceInclTax","The selling price can't be lower than minimum allowed for this product (%s including taxes). This message can also appears if you type a too important discount.","","needs_translation","Direct en_US vs ms_MY gap"
"lang\ms_MY\products.lang","CardProduct0","Product","","needs_translation","Direct en_US vs ms_MY gap"
"lang\ms_MY\products.lang","CardProduct1","Service","","needs_translation","Direct en_US vs ms_MY gap"
"lang\ms_MY\products.lang","CategoryFilter","Search by category","","needs_translation","Direct en_US vs ms_MY gap"
"lang\ms_MY\products.lang","ClinkOnALinkOfColumn","Click on a link of column %s to get a detailed view...","","needs_translation","Direct en_US vs ms_MY gap"
"lang\ms_MY\products.lang","CloneCategoriesProduct","Clone linked tags/categories","","needs_translation","Direct en_US vs ms_MY gap"
"lang\ms_MY\products.lang","CloneCombinationsProduct","Clone the product variants","","needs_translation","Direct en_US vs ms_MY gap"
"lang\ms_MY\products.lang","CloneCompositionProduct","Clone virtual products/services","","needs_translation","Direct en_US vs ms_MY gap"
"lang\ms_MY\products.lang","CloneContentProduct","Clone all main information of the product/service","","needs_translation","Direct en_US vs ms_MY gap"
"lang\ms_MY\products.lang","CloneDestinationReference","Destination product reference","","needs_translation","Direct en_US vs ms_MY gap"
"lang\ms_MY\products.lang","ClonePricesProduct","Clone prices","","needs_translation","Direct en_US vs ms_MY gap"
"lang\ms_MY\products.lang","ComposedProduct","Child products","","needs_translation","Direct en_US vs ms_MY gap"
"lang\ms_MY\products.lang","ComposedProductIncDecStock","Increase/Decrease stock on parent change","","needs_translation","Direct en_US vs ms_MY gap"
"lang\ms_MY\products.lang","ConfirmCloneProduct","Are you sure you want to clone product or service <b>%s</b>?","","needs_translation","Direct en_US vs ms_MY gap"
"lang\ms_MY\products.lang","ConfirmCloneProductCombinations","Would you like to copy all the product variants to the other parent product with the given reference?","","needs_translation","Direct en_US vs ms_MY gap"
"lang\ms_MY\products.lang","ConfirmDeleteProduct","Are you sure you want to delete this product/service?","","needs_translation","Direct en_US vs ms_MY gap"
"lang\ms_MY\products.lang","ConfirmDeleteProductBuyPrice","Are you sure you want to delete this buying price?","","needs_translation","Direct en_US vs ms_MY gap"
"lang\ms_MY\products.lang","ConfirmDeleteProductLine","Are you sure you want to delete this product line?","","needs_translation","Direct en_US vs ms_MY gap"
"lang\ms_MY\products.lang","ConfirmEditExtrafield"," Select the extrafield you want modify","","needs_translation","Direct en_US vs ms_MY gap"
"lang\ms_MY\products.lang","ConfirmEditExtrafieldQuestion"," Are you sure you want to modify this extrafield?","","needs_translation","Direct en_US vs ms_MY gap"
"lang\ms_MY\products.lang","ConfirmMergeProducts","Are you sure you want to merge the chosen product with the current one? All linked objects (invoices, orders, ...) will be moved to the current product, after which the chosen product will be deleted.","","needs_translation","Direct en_US vs ms_MY gap"
"lang\ms_MY\products.lang","ConfirmSetToDraftInventory","Are you sure you want to go back to Draft status?<br>The quantities currently set in the inventory will be reset.","","needs_translation","Direct en_US vs ms_MY gap"
"lang\ms_MY\products.lang","ContractStatusClosed","Closed","","needs_translation","Direct en_US vs ms_MY gap"
"lang\ms_MY\products.lang","CorrectlyUpdated","Correctly updated","","needs_translation","Direct en_US vs ms_MY gap"
"lang\ms_MY\products.lang","CostPriceDescription","This price field (excl. tax) can be used to capture the average amount this product costs to your company. It may be any price you calculate yourself, for example, from the average buying price plus average production and distribution cost.","","needs_translation","Direct en_US vs ms_MY gap"
"lang\ms_MY\products.lang","CostPriceUsage","This value could be used for margin calculation.","","needs_translation","Direct en_US vs ms_MY gap"
"lang\ms_MY\products.lang","CountryOrigin","Country of origin","","needs_translation","Direct en_US vs ms_MY gap"
"lang\ms_MY\products.lang","Create","Create","","needs_translation","Direct en_US vs ms_MY gap"
"lang\ms_MY\products.lang","CurrentProductPrice","Current price","","needs_translation","Direct en_US vs ms_MY gap"
"lang\ms_MY\products.lang","CustomerPrices","Customer prices","","needs_translation","Direct en_US vs ms_MY gap"
"lang\ms_MY\products.lang","CustomsCode","Customs nomenclature","","needs_translation","Direct en_US vs ms_MY gap"
"lang\ms_MY\products.lang","CustomsCodeHelp","The code used by customs. Also called the Commodity code, HS code or TARIC code.","","needs_translation","Direct en_US vs ms_MY gap"
"lang\ms_MY\products.lang","d","d","","needs_translation","Direct en_US vs ms_MY gap"
"lang\ms_MY\products.lang","day","day","","needs_translation","Direct en_US vs ms_MY gap"
"lang\ms_MY\products.lang","DefaultBOM","Default BOM","","needs_translation","Direct en_US vs ms_MY gap"
"lang\ms_MY\products.lang","DefaultBOMDesc","The default BOM recommended to use to manufacture this product. This field can be set only if nature of product is '%s'.","","needs_translation","Direct en_US vs ms_MY gap"
"lang\ms_MY\products.lang","DefaultPrice","Default price","","needs_translation","Direct en_US vs ms_MY gap"
"lang\ms_MY\products.lang","DefaultPriceLog","Log of previous default prices","","needs_translation","Direct en_US vs ms_MY gap"
"lang\ms_MY\products.lang","DefaultPriceRealPriceMayDependOnCustomer","Default price, real price may depend on customer","","needs_translation","Direct en_US vs ms_MY gap"
"lang\ms_MY\products.lang","DefaultPriceType","Base of prices per default (with versus without tax) when adding new sale prices","","needs_translation","Direct en_US vs ms_MY gap"
"lang\ms_MY\products.lang","DefaultUnitToShow","Unit","","needs_translation","Direct en_US vs ms_MY gap"
"lang\ms_MY\products.lang","DefinitionOfBarCodeForProductNotComplete","Definition of type or value of barcode not complete for product %s.","","needs_translation","Direct en_US vs ms_MY gap"
"lang\ms_MY\products.lang","DefinitionOfBarCodeForThirdpartyNotComplete","Definition of type or value of barcode non complete for third party %s.","","needs_translation","Direct en_US vs ms_MY gap"
"lang\ms_MY\products.lang","DeleteLinkedProduct","Delete the child product linked to the combination","","needs_translation","Direct en_US vs ms_MY gap"
"lang\ms_MY\products.lang","DeleteProductBuyPrice","Delete buying price","","needs_translation","Direct en_US vs ms_MY gap"
"lang\ms_MY\products.lang","DeleteProductLine","Delete product line","","needs_translation","Direct en_US vs ms_MY gap"
"lang\ms_MY\products.lang","DisablePriceByQty","Disable prices by quantity","","needs_translation","Direct en_US vs ms_MY gap"
"lang\ms_MY\products.lang","DiscountQtyMin","Discount for this qty.","","needs_translation","Direct en_US vs ms_MY gap"
"lang\ms_MY\products.lang","DoNotRemovePreviousCombinations","Do not remove previous variants","","needs_translation","Direct en_US vs ms_MY gap"
"lang\ms_MY\products.lang","DynamicPriceConfiguration","Dynamic price configuration","","needs_translation","Direct en_US vs ms_MY gap"
"lang\ms_MY\products.lang","DynamicPriceDesc","You may define mathematical formulae to calculate Customer or Vendor prices. Such formulas can use all mathematical operators, some constants and variables. You can define here the variables you wish to use. If the variable needs an automatic update, you may define the external URL to allow Dolibarr to update the value automatically.","","needs_translation","Direct en_US vs ms_MY gap"
"lang\ms_MY\products.lang","EditProductCombination","Editing variant","","needs_translation","Direct en_US vs ms_MY gap"
"lang\ms_MY\products.lang","EditProductCombinations","Editing variants","","needs_translation","Direct en_US vs ms_MY gap"
"lang\ms_MY\products.lang","EditSellingPriceLabel","Edit selling price label","","needs_translation","Direct en_US vs ms_MY gap"
"lang\ms_MY\products.lang","ErrorAppliedPricesIntersectAnotherPeriod","The begin or end date intersect to another existing period.","","needs_translation","Direct en_US vs ms_MY gap"
"lang\ms_MY\products.lang","ErrorAssociationIsFatherOfThis","One of selected product is parent with current product","","needs_translation","Direct en_US vs ms_MY gap"
"lang\ms_MY\products.lang","ErrorCopyProductCombinations","There was an error while copying the product variants","","needs_translation","Direct en_US vs ms_MY gap"
"lang\ms_MY\products.lang","ErrorCreatingProductAttributeValue","There was an error while creating the attribute value. It could be because there is already an existing value with that reference","","needs_translation","Direct en_US vs ms_MY gap"
"lang\ms_MY\products.lang","ErrorDeletingGeneratedProducts","There was an error while trying to delete existing product variants","","needs_translation","Direct en_US vs ms_MY gap"
"lang\ms_MY\products.lang","ErrorDestinationProductNotFound","Destination product not found","","needs_translation","Direct en_US vs ms_MY gap"
"lang\ms_MY\products.lang","ErrorPriceCantBeLowerThanMinPrice","Error, price can't be lower than minimum price.","","needs_translation","Direct en_US vs ms_MY gap"
"lang\ms_MY\products.lang","ErrorProductAlreadyExists","A product with reference %s already exists.","","needs_translation","Direct en_US vs ms_MY gap"
"lang\ms_MY\products.lang","ErrorProductBadRefOrLabel","Wrong value for reference or label.","","needs_translation","Direct en_US vs ms_MY gap"
"lang\ms_MY\products.lang","ErrorProductClone","There was a problem while trying to clone the product or service.","","needs_translation","Direct en_US vs ms_MY gap"
"lang\ms_MY\products.lang","ErrorProductCombinationNotFound","Product variant not found","","needs_translation","Direct en_US vs ms_MY gap"
"lang\ms_MY\products.lang","ErrorsProductsMerge","Errors in products merge","","needs_translation","Direct en_US vs ms_MY gap"
"lang\ms_MY\products.lang","ExpectedValuation","Expected Valuation","","needs_translation","Direct en_US vs ms_MY gap"
"lang\ms_MY\products.lang","ExportDataset_produit_1","Products","","needs_translation","Direct en_US vs ms_MY gap"
"lang\ms_MY\products.lang","ExportDataset_service_1","Services","","needs_translation","Direct en_US vs ms_MY gap"
"lang\ms_MY\products.lang","Features","Features","","needs_translation","Direct en_US vs ms_MY gap"
"lang\ms_MY\products.lang","FillBarCodeTypeAndValueFromProduct","Fill barcode type and value from barcode of a product.","","needs_translation","Direct en_US vs ms_MY gap"
"lang\ms_MY\products.lang","FillBarCodeTypeAndValueFromThirdParty","Fill barcode type and value from barcode of a third party.","","needs_translation","Direct en_US vs ms_MY gap"
"lang\ms_MY\products.lang","FillBarCodeTypeAndValueManually","Fill barcode type and value manually.","","needs_translation","Direct en_US vs ms_MY gap"
"lang\ms_MY\products.lang","FillWithLastServiceDates","Fill with last service line dates","","needs_translation","Direct en_US vs ms_MY gap"
"lang\ms_MY\products.lang","Finished","Manufactured product","","needs_translation","Direct en_US vs ms_MY gap"
"lang\ms_MY\products.lang","ForceUpdateChildPriceSoc","Set same price on customer's subsidiaries","","needs_translation","Direct en_US vs ms_MY gap"
"lang\ms_MY\products.lang","g","g","","needs_translation","Direct en_US vs ms_MY gap"
"lang\ms_MY\products.lang","GenerateImage","Generate image","","needs_translation","Direct en_US vs ms_MY gap"
"lang\ms_MY\products.lang","GenerateThumb","Generate thumb","","needs_translation","Direct en_US vs ms_MY gap"
"lang\ms_MY\products.lang","GenerateWithAI","Generate with AI","","needs_translation","Direct en_US vs ms_MY gap"
"lang\ms_MY\products.lang","GlobalVariables","Global variables","","needs_translation","Direct en_US vs ms_MY gap"
"lang\ms_MY\products.lang","GlobalVariableUpdaterHelp0","Parses JSON data from specified URL, VALUE specifies the location of relevant value,","","needs_translation","Direct en_US vs ms_MY gap"
"lang\ms_MY\products.lang","GlobalVariableUpdaterHelp1","Parses WebService data from specified URL, NS specifies the namespace, VALUE specifies the location of relevant value, DATA should contain the data to send and METHOD is the calling WS method","","needs_translation","Direct en_US vs ms_MY gap"
"lang\ms_MY\products.lang","GlobalVariableUpdaterHelpFormat0","Format for request {""URL"": ""http://example.com/urlofjson"", ""VALUE"": ""array1,array2,targetvalue""}","","needs_translation","Direct en_US vs ms_MY gap"
"lang\ms_MY\products.lang","GlobalVariableUpdaterHelpFormat1","Format for request is {""URL"": ""http://example.com/urlofws"", ""VALUE"": ""array,targetvalue"", ""NS"": ""http://example.com/urlofns"", ""METHOD"": ""myWSMethod"", ""DATA"": {""your"": ""data"", ""to"": ""send""}}","","needs_translation","Direct en_US vs ms_MY gap"
"lang\ms_MY\products.lang","GlobalVariableUpdaters","External updaters for variables","","needs_translation","Direct en_US vs ms_MY gap"
"lang\ms_MY\products.lang","GlobalVariableUpdaterType0","JSON data","","needs_translation","Direct en_US vs ms_MY gap"
"lang\ms_MY\products.lang","GlobalVariableUpdaterType1","WebService data","","needs_translation","Direct en_US vs ms_MY gap"
"lang\ms_MY\products.lang","GoOnMenuToCreateVairants","Go on menu %s - %s to prepare attribute variants (like colors, size, ...)","","needs_translation","Direct en_US vs ms_MY gap"
"lang\ms_MY\products.lang","gram","gram","","needs_translation","Direct en_US vs ms_MY gap"
"lang\ms_MY\products.lang","h","h","","needs_translation","Direct en_US vs ms_MY gap"
"lang\ms_MY\products.lang","HeightUnits","Height unit","","needs_translation","Direct en_US vs ms_MY gap"
"lang\ms_MY\products.lang","HideChildProducts","Hide variant products","","needs_translation","Direct en_US vs ms_MY gap"
"lang\ms_MY\products.lang","HideProductCombinations","Hide products variant in the products selector","","needs_translation","Direct en_US vs ms_MY gap"
"lang\ms_MY\products.lang","hour","hour","","needs_translation","Direct en_US vs ms_MY gap"
"lang\ms_MY\products.lang","IfZeroItIsNotAVirtualProduct","If 0, this product is not a kit","","needs_translation","Direct en_US vs ms_MY gap"
"lang\ms_MY\products.lang","IfZeroItIsNotUsedByVirtualProduct","If 0, this product is not used by any kit","","needs_translation","Direct en_US vs ms_MY gap"
"lang\ms_MY\products.lang","ImpactOnPriceLevel","Impact on price level %s","","needs_translation","Direct en_US vs ms_MY gap"
"lang\ms_MY\products.lang","ImportDataset_produit_1","Products","","needs_translation","Direct en_US vs ms_MY gap"
"lang\ms_MY\products.lang","ImportDataset_service_1","Services","","needs_translation","Direct en_US vs ms_MY gap"
"lang\ms_MY\products.lang","IncludingProductWithTag","Including products/services with the tag","","needs_translation","Direct en_US vs ms_MY gap"
"lang\ms_MY\products.lang","InventoryExtraFields"," Extra Fields (inventory)","","needs_translation","Direct en_US vs ms_MY gap"
"lang\ms_MY\products.lang","KeepEmptyForAutoCalculation","Keep empty to have this calculated automatically from weight or volume of products","","needs_translation","Direct en_US vs ms_MY gap"
"lang\ms_MY\products.lang","KeywordFilter","Search by keyword","","needs_translation","Direct en_US vs ms_MY gap"
"lang\ms_MY\products.lang","kg","Kg","","needs_translation","Direct en_US vs ms_MY gap"
"lang\ms_MY\products.lang","kilogram","kilogram","","needs_translation","Direct en_US vs ms_MY gap"
"lang\ms_MY\products.lang","l","L","","needs_translation","Direct en_US vs ms_MY gap"
"lang\ms_MY\products.lang","LastModifiedProductsAndServices","Latest %s products/services which were modified","","needs_translation","Direct en_US vs ms_MY gap"
"lang\ms_MY\products.lang","LastRecordedProducts","Latest %s recorded products","","needs_translation","Direct en_US vs ms_MY gap"
"lang\ms_MY\products.lang","LastRecordedServices","Latest %s recorded services","","needs_translation","Direct en_US vs ms_MY gap"
"lang\ms_MY\products.lang","LastUpdated","Latest update","","needs_translation","Direct en_US vs ms_MY gap"
"lang\ms_MY\products.lang","LengthUnits","Length unit","","needs_translation","Direct en_US vs ms_MY gap"
"lang\ms_MY\products.lang","ListOfProductsServices","List of products/services","","needs_translation","Direct en_US vs ms_MY gap"
"lang\ms_MY\products.lang","ListProductByPopularity","List of products by popularity","","needs_translation","Direct en_US vs ms_MY gap"
"lang\ms_MY\products.lang","ListProductServiceByPopularity","List of products/services by popularity","","needs_translation","Direct en_US vs ms_MY gap"
"lang\ms_MY\products.lang","ListServiceByPopularity","List of services by popularity","","needs_translation","Direct en_US vs ms_MY gap"
"lang\ms_MY\products.lang","liter","liter","","needs_translation","Direct en_US vs ms_MY gap"
"lang\ms_MY\products.lang","lm","lm","","needs_translation","Direct en_US vs ms_MY gap"
"lang\ms_MY\products.lang","m","m","","needs_translation","Direct en_US vs ms_MY gap"
"lang\ms_MY\products.lang","m2","m²","","needs_translation","Direct en_US vs ms_MY gap"
"lang\ms_MY\products.lang","m3","m³","","needs_translation","Direct en_US vs ms_MY gap"
"lang\ms_MY\products.lang","mandatoryHelper","Check this if you want a message to the user when creating / validating an invoice, commercial proposal, sales order without entering a start and end date on lines with this service.","","needs_translation","Direct en_US vs ms_MY gap"
"lang\ms_MY\products.lang","mandatoryHelper2","Note that the message is a warning and not a blocking error.","","needs_translation","Direct en_US vs ms_MY gap"
"lang\ms_MY\products.lang","mandatoryperiod","Mandatory periods","","needs_translation","Direct en_US vs ms_MY gap"
"lang\ms_MY\products.lang","mandatoryPeriodNeedTobeSet","Note: Period (start and end date) must be defined","","needs_translation","Direct en_US vs ms_MY gap"
"lang\ms_MY\products.lang","mandatoryPeriodNeedTobeSetMsgValidate","A service requires a start and end period","","needs_translation","Direct en_US vs ms_MY gap"
"lang\ms_MY\products.lang","ManufacturingPrice","Manufacturing price","","needs_translation","Direct en_US vs ms_MY gap"
"lang\ms_MY\products.lang","MassBarcodeInit","Mass barcode init","","needs_translation","Direct en_US vs ms_MY gap"
"lang\ms_MY\products.lang","MassBarcodeInitDesc","This page can be used to initialize a barcode on objects that does not have barcode defined. Check before that setup of module barcode is complete.","","needs_translation","Direct en_US vs ms_MY gap"
"lang\ms_MY\products.lang","MenuStocks","Stocks","","needs_translation","Direct en_US vs ms_MY gap"
"lang\ms_MY\products.lang","MergeOriginProduct","Duplicated product (the product you want to delete)","","needs_translation","Direct en_US vs ms_MY gap"
"lang\ms_MY\products.lang","MergeProducts","Merge products","","needs_translation","Direct en_US vs ms_MY gap"
"lang\ms_MY\products.lang","meter","meter","","needs_translation","Direct en_US vs ms_MY gap"
"lang\ms_MY\products.lang","MinCustomerPrice","Minimum selling price","","needs_translation","Direct en_US vs ms_MY gap"
"lang\ms_MY\products.lang","MinimumPriceLimit","Minimum price can't be lower then %s","","needs_translation","Direct en_US vs ms_MY gap"
"lang\ms_MY\products.lang","MinimumRecommendedPrice","Minimum recommended price is: %s","","needs_translation","Direct en_US vs ms_MY gap"
"lang\ms_MY\products.lang","MinPrice","Min. selling price","","needs_translation","Direct en_US vs ms_MY gap"
"lang\ms_MY\products.lang","MinPriceHT","Min. selling price (excl. tax)","","needs_translation","Direct en_US vs ms_MY gap"
"lang\ms_MY\products.lang","MinPriceTTC","Min. selling price (inc. tax)","","needs_translation","Direct en_US vs ms_MY gap"
"lang\ms_MY\products.lang","MinSupplierPrice","Minimum buying price","","needs_translation","Direct en_US vs ms_MY gap"
"lang\ms_MY\products.lang","ModifyValueExtrafields"," Modify value of an extrafield","","needs_translation","Direct en_US vs ms_MY gap"
"lang\ms_MY\products.lang","Movements","Movements","","needs_translation","Direct en_US vs ms_MY gap"
"lang\ms_MY\products.lang","MultipriceRules","Automatic prices for segment","","needs_translation","Direct en_US vs ms_MY gap"
"lang\ms_MY\products.lang","MultiPricesAbility","Multiple price segments per product/service (each customer is in one price segment)","","needs_translation","Direct en_US vs ms_MY gap"
"lang\ms_MY\products.lang","MultiPricesNumPrices","Number of prices","","needs_translation","Direct en_US vs ms_MY gap"
"lang\ms_MY\products.lang","Nature","Nature of product (raw/manufactured)","","needs_translation","Direct en_US vs ms_MY gap"
"lang\ms_MY\products.lang","NatureOfProductDesc","Raw material or manufactured product","","needs_translation","Direct en_US vs ms_MY gap"
"lang\ms_MY\products.lang","NatureOfProductShort","Nature of product","","needs_translation","Direct en_US vs ms_MY gap"
"lang\ms_MY\products.lang","NbOfDifferentValues","No. of different values","","needs_translation","Direct en_US vs ms_MY gap"
"lang\ms_MY\products.lang","NbOfQtyInProposals","Qty in proposals","","needs_translation","Direct en_US vs ms_MY gap"
"lang\ms_MY\products.lang","NbProducts","Number of products","","needs_translation","Direct en_US vs ms_MY gap"
"lang\ms_MY\products.lang","NetMeasure","Net measure","","needs_translation","Direct en_US vs ms_MY gap"
"lang\ms_MY\products.lang","NewPrice","New price","","needs_translation","Direct en_US vs ms_MY gap"
"lang\ms_MY\products.lang","NewProductAttribute","New attribute","","needs_translation","Direct en_US vs ms_MY gap"
"lang\ms_MY\products.lang","NewProductAttributeValue","New attribute value","","needs_translation","Direct en_US vs ms_MY gap"
"lang\ms_MY\products.lang","NewProductCombination","New variant","","needs_translation","Direct en_US vs ms_MY gap"
"lang\ms_MY\products.lang","NewProductCombinations","New variants","","needs_translation","Direct en_US vs ms_MY gap"
"lang\ms_MY\products.lang","NewRefForClone","Ref. of new product/service","","needs_translation","Direct en_US vs ms_MY gap"
"lang\ms_MY\products.lang","NoDynamicPrice","No dynamic price","","needs_translation","Direct en_US vs ms_MY gap"
"lang\ms_MY\products.lang","NoEditVariants","Go to Parent product card and edit variants price impact in the variants tab","","needs_translation","Direct en_US vs ms_MY gap"
"lang\ms_MY\products.lang","NoMatchFound","No match found","","needs_translation","Direct en_US vs ms_MY gap"
"lang\ms_MY\products.lang","NoPriceDefinedForThisSupplier","No price/qty defined for this vendor/product","","needs_translation","Direct en_US vs ms_MY gap"
"lang\ms_MY\products.lang","NoProductPriceDefinedForThisSupplier","No product price/qty defined for this vendor","","needs_translation","Direct en_US vs ms_MY gap"
"lang\ms_MY\products.lang","NoSupplierPriceDefinedForThisProduct","No vendor price/qty defined for this product","","needs_translation","Direct en_US vs ms_MY gap"
"lang\ms_MY\products.lang","NoteNotVisibleOnBill","Note (not visible on invoices, proposals...)","","needs_translation","Direct en_US vs ms_MY gap"
"lang\ms_MY\products.lang","NotOnSell","Not for sale","","needs_translation","Direct en_US vs ms_MY gap"
"lang\ms_MY\products.lang","NotPredefinedProducts","Not predefined products/services","","needs_translation","Direct en_US vs ms_MY gap"
"lang\ms_MY\products.lang","NotSupportedOnKits","Not supported on kits","","needs_translation","Direct en_US vs ms_MY gap"
"lang\ms_MY\products.lang","NumberOfStickers","Number of stickers to print on page","","needs_translation","Direct en_US vs ms_MY gap"
"lang\ms_MY\products.lang","OnBuy","For purchase","","needs_translation","Direct en_US vs ms_MY gap"
"lang\ms_MY\products.lang","OnSell","For sale","","needs_translation","Direct en_US vs ms_MY gap"
"lang\ms_MY\products.lang","OrProductsWithCategories","Or products with tags/categories","","needs_translation","Direct en_US vs ms_MY gap"
"lang\ms_MY\products.lang","p","piece","","needs_translation","Direct en_US vs ms_MY gap"
"lang\ms_MY\products.lang","PackagingForThisProduct","Round quantities up to a multiple","","needs_translation","Direct en_US vs ms_MY gap"
"lang\ms_MY\products.lang","PackagingForThisProductDesc","When adding/updating a line in a documents, the quantity is adjusted to match the nearest higher multiple of the value defined on product.","","needs_translation","Direct en_US vs ms_MY gap"
"lang\ms_MY\products.lang","PackagingForThisProductSell","Packaging of quantities (sale)","","needs_translation","Direct en_US vs ms_MY gap"
"lang\ms_MY\products.lang","PageToGenerateBarCodeSheets","With this tool, you can print sheets of barcode stickers. Choose format of your sticker page, type of barcode and value of barcode, then click on button <b>%s</b>.","","needs_translation","Direct en_US vs ms_MY gap"
"lang\ms_MY\products.lang","ParentProduct","Parent product","","needs_translation","Direct en_US vs ms_MY gap"
"lang\ms_MY\products.lang","ParentProductOfVariant","Parent product of variant","","needs_translation","Direct en_US vs ms_MY gap"
"lang\ms_MY\products.lang","ParentProducts","Parent products","","needs_translation","Direct en_US vs ms_MY gap"
"lang\ms_MY\products.lang","ParentProductsNumber","Number of parent packaging product","","needs_translation","Direct en_US vs ms_MY gap"
"lang\ms_MY\products.lang","PercentageVariation","Percentage variation","","needs_translation","Direct en_US vs ms_MY gap"
"lang\ms_MY\products.lang","PercentDiscountOver","%% discount over %s","","needs_translation","Direct en_US vs ms_MY gap"
"lang\ms_MY\products.lang","PercentVariationOver","%% variation over %s","","needs_translation","Direct en_US vs ms_MY gap"
"lang\ms_MY\products.lang","PMPExpected","Expected PMP","","needs_translation","Direct en_US vs ms_MY gap"
"lang\ms_MY\products.lang","PMPReal","Real PMP","","needs_translation","Direct en_US vs ms_MY gap"
"lang\ms_MY\products.lang","PMPValue","Weighted average price","","needs_translation","Direct en_US vs ms_MY gap"
"lang\ms_MY\products.lang","PMPValueShort","WAP","","needs_translation","Direct en_US vs ms_MY gap"
"lang\ms_MY\products.lang","PossibleValues","Possible values","","needs_translation","Direct en_US vs ms_MY gap"
"lang\ms_MY\products.lang","PredefinedItem","Predefined item","","needs_translation","Direct en_US vs ms_MY gap"
"lang\ms_MY\products.lang","PredefinedProducts","Predefined Product","","needs_translation","Direct en_US vs ms_MY gap"
"lang\ms_MY\products.lang","PredefinedProductsAndServices","Predefined products/services","","needs_translation","Direct en_US vs ms_MY gap"
"lang\ms_MY\products.lang","PredefinedServices","Predefined Service","","needs_translation","Direct en_US vs ms_MY gap"
"lang\ms_MY\products.lang","PriceByCustomeAndMultiPricesAbility","Different prices for each customer + Multiple price segments per product/service (each customer is in one price segment)","","needs_translation","Direct en_US vs ms_MY gap"
"lang\ms_MY\products.lang","PriceByCustomer","Different prices for each customer","","needs_translation","Direct en_US vs ms_MY gap"
"lang\ms_MY\products.lang","PriceByCustomerLog","Log of previous customer prices","","needs_translation","Direct en_US vs ms_MY gap"
"lang\ms_MY\products.lang","PriceByQuantity","Different prices by quantity","","needs_translation","Direct en_US vs ms_MY gap"
"lang\ms_MY\products.lang","PriceByQuantityRange","Quantity range","","needs_translation","Direct en_US vs ms_MY gap"
"lang\ms_MY\products.lang","PriceCatalogue","A single sell price per product/service","","needs_translation","Direct en_US vs ms_MY gap"
"lang\ms_MY\products.lang","PriceExpressionEditor","Price expression editor","","needs_translation","Direct en_US vs ms_MY gap"
"lang\ms_MY\products.lang","PriceExpressionEditorHelp1","""price = 2 + 2"" or ""2 + 2"" for setting the price. Use ; to separate expressions","","needs_translation","Direct en_US vs ms_MY gap"
"lang\ms_MY\products.lang","PriceExpressionEditorHelp2","You can access ExtraFields with variables like <b>#extrafield_myextrafieldkey#</b> and global variables with <b>#global_mycode#</b>","","needs_translation","Direct en_US vs ms_MY gap"
"lang\ms_MY\products.lang","PriceExpressionEditorHelp3","In both product/service and vendor prices there are these variables available:<br><b>#tva_tx# #localtax1_tx# #localtax2_tx# #weight# #length# #surface# #price_min#</b>","","needs_translation","Direct en_US vs ms_MY gap"
"lang\ms_MY\products.lang","PriceExpressionEditorHelp4","In product/service price only: <b>#supplier_min_price#</b><br>In vendor prices only: <b>#supplier_quantity# and #supplier_tva_tx#</b>","","needs_translation","Direct en_US vs ms_MY gap"
"lang\ms_MY\products.lang","PriceExpressionEditorHelp5","Available global values:","","needs_translation","Direct en_US vs ms_MY gap"
"lang\ms_MY\products.lang","PriceExpressionSelected","Selected price expression","","needs_translation","Direct en_US vs ms_MY gap"
"lang\ms_MY\products.lang","PriceForEachProduct","Products with specific prices","","needs_translation","Direct en_US vs ms_MY gap"
"lang\ms_MY\products.lang","PriceImpact","Price impact","","needs_translation","Direct en_US vs ms_MY gap"
"lang\ms_MY\products.lang","PriceLabel","Price label","","needs_translation","Direct en_US vs ms_MY gap"
"lang\ms_MY\products.lang","PriceMode","Price mode","","needs_translation","Direct en_US vs ms_MY gap"
"lang\ms_MY\products.lang","PriceNumeric","Number","","needs_translation","Direct en_US vs ms_MY gap"
"lang\ms_MY\products.lang","PriceQtyMin","Price quantity min.","","needs_translation","Direct en_US vs ms_MY gap"
"lang\ms_MY\products.lang","PriceQtyMinCurrency","Price (currency) for this qty.","","needs_translation","Direct en_US vs ms_MY gap"
"lang\ms_MY\products.lang","PriceRemoved","Price removed","","needs_translation","Direct en_US vs ms_MY gap"
"lang\ms_MY\products.lang","PricingRule","Rules for selling prices","","needs_translation","Direct en_US vs ms_MY gap"
"lang\ms_MY\products.lang","PrintsheetForOneBarCode","Print several stickers for one barcode","","needs_translation","Direct en_US vs ms_MY gap"
"lang\ms_MY\products.lang","ProductAccountancyBuyCode","Accounting code (purchase)","","needs_translation","Direct en_US vs ms_MY gap"
"lang\ms_MY\products.lang","ProductAccountancyBuyExportCode","Accounting code (purchase import)","","needs_translation","Direct en_US vs ms_MY gap"
"lang\ms_MY\products.lang","ProductAccountancyBuyIntraCode","Accounting code (purchase intra-community)","","needs_translation","Direct en_US vs ms_MY gap"
"lang\ms_MY\products.lang","ProductAccountancySellCode","Accounting code (sale)","","needs_translation","Direct en_US vs ms_MY gap"
"lang\ms_MY\products.lang","ProductAccountancySellExportCode","Accounting code (sale export)","","needs_translation","Direct en_US vs ms_MY gap"
"lang\ms_MY\products.lang","ProductAccountancySellIntraCode","Accounting code (sale intra-Community)","","needs_translation","Direct en_US vs ms_MY gap"
"lang\ms_MY\products.lang","ProductAssociationList","List of products/services that are component(s) of this kit","","needs_translation","Direct en_US vs ms_MY gap"
"lang\ms_MY\products.lang","ProductAttribute","Variant attribute","","needs_translation","Direct en_US vs ms_MY gap"
"lang\ms_MY\products.lang","ProductAttributeDeleteDialog","Are you sure you want to delete this attribute? All values will be deleted","","needs_translation","Direct en_US vs ms_MY gap"
"lang\ms_MY\products.lang","ProductAttributeExtrafields","Variant attributes extrafields","","needs_translation","Direct en_US vs ms_MY gap"
"lang\ms_MY\products.lang","ProductAttributeExtrafieldsSetup","Setup of Variant attributes extrafields","","needs_translation","Direct en_US vs ms_MY gap"
"lang\ms_MY\products.lang","ProductAttributeName","Variant attribute %s","","needs_translation","Direct en_US vs ms_MY gap"
"lang\ms_MY\products.lang","ProductAttributes","Variant attributes for products","","needs_translation","Direct en_US vs ms_MY gap"
"lang\ms_MY\products.lang","ProductAttributeValueDeleteDialog","Are you sure you want to delete the value ""%s"" with the reference ""%s"" of this attribute?","","needs_translation","Direct en_US vs ms_MY gap"
"lang\ms_MY\products.lang","ProductAttributeValueExtrafields","Variant attributes values extrafields","","needs_translation","Direct en_US vs ms_MY gap"
"lang\ms_MY\products.lang","ProductAttributeValueExtrafieldsSetup","Setup of Variant attributes values extrafields","","needs_translation","Direct en_US vs ms_MY gap"
"lang\ms_MY\products.lang","ProductCodeModel","Product ref template","","needs_translation","Direct en_US vs ms_MY gap"
"lang\ms_MY\products.lang","ProductCombination","Variant","","needs_translation","Direct en_US vs ms_MY gap"
"lang\ms_MY\products.lang","ProductCombinationAlreadyUsed","There was an error while deleting the variant. Please check it is not being used in any object","","needs_translation","Direct en_US vs ms_MY gap"
"lang\ms_MY\products.lang","ProductCombinationDeleteDialog","Are you sure want to delete the variant of the product ""<strong>%s</strong>""?","","needs_translation","Direct en_US vs ms_MY gap"
"lang\ms_MY\products.lang","ProductCombinationGenerator","Variants generator","","needs_translation","Direct en_US vs ms_MY gap"
"lang\ms_MY\products.lang","ProductCombinationGeneratorWarning","If you continue, before generating new variants, all previous ones will be DELETED. Already existing ones will be updated with the new values","","needs_translation","Direct en_US vs ms_MY gap"
"lang\ms_MY\products.lang","ProductCombinations","Variants","","needs_translation","Direct en_US vs ms_MY gap"
"lang\ms_MY\products.lang","ProductCustomerExtraFields","Additional Attributes (Customer price)","","needs_translation","Direct en_US vs ms_MY gap"
"lang\ms_MY\products.lang","ProductDeleted","Product/Service ""%s"" deleted from database.","","needs_translation","Direct en_US vs ms_MY gap"
"lang\ms_MY\products.lang","ProductDescriptionTranslated","Translated product description","","needs_translation","Direct en_US vs ms_MY gap"
"lang\ms_MY\products.lang","ProductId","Product/service id","","needs_translation","Direct en_US vs ms_MY gap"
"lang\ms_MY\products.lang","ProductIsUsed","This product is used","","needs_translation","Direct en_US vs ms_MY gap"
"lang\ms_MY\products.lang","ProductLabelTranslated","Translated product label","","needs_translation","Direct en_US vs ms_MY gap"
"lang\ms_MY\products.lang","ProductLevelExtraFields","Additional Attributes (Level price)","","needs_translation","Direct en_US vs ms_MY gap"
"lang\ms_MY\products.lang","ProductNoteTranslated","Translated product note","","needs_translation","Direct en_US vs ms_MY gap"
"lang\ms_MY\products.lang","ProductOrService","Product or Service","","needs_translation","Direct en_US vs ms_MY gap"
"lang\ms_MY\products.lang","ProductParentList","List of kits including this product","","needs_translation","Direct en_US vs ms_MY gap"
"lang\ms_MY\products.lang","ProductsAndServices","Products and Services","","needs_translation","Direct en_US vs ms_MY gap"
"lang\ms_MY\products.lang","ProductsAndServicesArea","Product and Services area","","needs_translation","Direct en_US vs ms_MY gap"
"lang\ms_MY\products.lang","ProductsArea","Product area","","needs_translation","Direct en_US vs ms_MY gap"
"lang\ms_MY\products.lang","ProductSellByQuarterHT","Products turnover quarterly before tax","","needs_translation","Direct en_US vs ms_MY gap"
"lang\ms_MY\products.lang","ProductServiceCard","Products/Services card","","needs_translation","Direct en_US vs ms_MY gap"
"lang\ms_MY\products.lang","ProductSheet","Product sheet","","needs_translation","Direct en_US vs ms_MY gap"
"lang\ms_MY\products.lang","ProductsMergeSuccess","Products have been merged","","needs_translation","Direct en_US vs ms_MY gap"
"lang\ms_MY\products.lang","ProductsMultiPrice","Products and prices for each price segment","","needs_translation","Direct en_US vs ms_MY gap"
"lang\ms_MY\products.lang","ProductsNotOnSell","Products not for sale and not for purchase","","needs_translation","Direct en_US vs ms_MY gap"
"lang\ms_MY\products.lang","ProductsOnPurchase","Products for purchase","","needs_translation","Direct en_US vs ms_MY gap"
"lang\ms_MY\products.lang","ProductsOnPurchaseOnly","Products for purchase only","","needs_translation","Direct en_US vs ms_MY gap"
"lang\ms_MY\products.lang","ProductsOnSale","Products for sale","","needs_translation","Direct en_US vs ms_MY gap"
"lang\ms_MY\products.lang","ProductsOnSaleOnly","Products for sale only","","needs_translation","Direct en_US vs ms_MY gap"
"lang\ms_MY\products.lang","ProductsOnSellAndOnBuy","Products for sale and for purchase","","needs_translation","Direct en_US vs ms_MY gap"
"lang\ms_MY\products.lang","ProductsOrServiceMultiPrice","Customer prices (of products or services, multi-prices)","","needs_translation","Direct en_US vs ms_MY gap"
"lang\ms_MY\products.lang","ProductsOrServices","Products or Services","","needs_translation","Direct en_US vs ms_MY gap"
"lang\ms_MY\products.lang","ProductsOrServicesTranslations","Products/Services translations","","needs_translation","Direct en_US vs ms_MY gap"
"lang\ms_MY\products.lang","ProductSpecial","Special","","needs_translation","Direct en_US vs ms_MY gap"
"lang\ms_MY\products.lang","ProductsPipeServices","Products | Services","","needs_translation","Direct en_US vs ms_MY gap"
"lang\ms_MY\products.lang","ProductsPricePerCustomer","Product prices per customers","","needs_translation","Direct en_US vs ms_MY gap"
"lang\ms_MY\products.lang","ProductStatusNotOnBuy","Not for purchase","","needs_translation","Direct en_US vs ms_MY gap"
"lang\ms_MY\products.lang","ProductStatusNotOnBuyShort","Not for purchase","","needs_translation","Direct en_US vs ms_MY gap"
"lang\ms_MY\products.lang","ProductStatusNotOnSell","Not for sale","","needs_translation","Direct en_US vs ms_MY gap"
"lang\ms_MY\products.lang","ProductStatusNotOnSellShort","Not for sale","","needs_translation","Direct en_US vs ms_MY gap"
"lang\ms_MY\products.lang","ProductStatusOnBuy","For purchase","","needs_translation","Direct en_US vs ms_MY gap"
"lang\ms_MY\products.lang","ProductStatusOnBuyShort","For purchase","","needs_translation","Direct en_US vs ms_MY gap"
"lang\ms_MY\products.lang","ProductStatusOnSell","For sale","","needs_translation","Direct en_US vs ms_MY gap"
"lang\ms_MY\products.lang","ProductStatusOnSellShort","For sale","","needs_translation","Direct en_US vs ms_MY gap"
"lang\ms_MY\products.lang","ProductSupplierDescription","Vendor description for the product","","needs_translation","Direct en_US vs ms_MY gap"
"lang\ms_MY\products.lang","ProductSupplierExtraFields","Additional Attributes (Supplier Prices)","","needs_translation","Direct en_US vs ms_MY gap"
"lang\ms_MY\products.lang","ProductToAddSearch","Search product to add","","needs_translation","Direct en_US vs ms_MY gap"
"lang\ms_MY\products.lang","ProductVatMassChange","Global VAT Update","","needs_translation","Direct en_US vs ms_MY gap"
"lang\ms_MY\products.lang","ProductVatMassChangeDesc","This tool updates the VAT rate defined on <b><u>ALL</u></b> products and services!","","needs_translation","Direct en_US vs ms_MY gap"
"lang\ms_MY\products.lang","ProductVolume","Volume for 1 product","","needs_translation","Direct en_US vs ms_MY gap"
"lang\ms_MY\products.lang","ProductWeight","Weight for 1 product","","needs_translation","Direct en_US vs ms_MY gap"
"lang\ms_MY\products.lang","PropagateVariant","Propagate variants","","needs_translation","Direct en_US vs ms_MY gap"
"lang\ms_MY\products.lang","PropalMergePdfProductActualFile","PDF file to include into the PDF proposals if the product is part of the proposal...","","needs_translation","Direct en_US vs ms_MY gap"
"lang\ms_MY\products.lang","PropalMergePdfProductChooseFile","Select PDF files","","needs_translation","Direct en_US vs ms_MY gap"
"lang\ms_MY\products.lang","PurchasedAmount","Purchased amount","","needs_translation","Direct en_US vs ms_MY gap"
"lang\ms_MY\products.lang","PuttingDescUpToDate","Update descriptions with current known descriptions","","needs_translation","Direct en_US vs ms_MY gap"
"lang\ms_MY\products.lang","PuttingPricesUpToDate","Update prices with current known prices","","needs_translation","Direct en_US vs ms_MY gap"
"lang\ms_MY\products.lang","QtyMin","Min. purchase quantity","","needs_translation","Direct en_US vs ms_MY gap"
"lang\ms_MY\products.lang","QtyRecalculatedWithPackaging","The quantity of the line were recalculated according to packaging rule on multiples for quantities","","needs_translation","Direct en_US vs ms_MY gap"
"lang\ms_MY\products.lang","Quarter1","1st. Quarter","","needs_translation","Direct en_US vs ms_MY gap"
"lang\ms_MY\products.lang","Quarter2","2nd. Quarter","","needs_translation","Direct en_US vs ms_MY gap"
"lang\ms_MY\products.lang","Quarter3","3rd. Quarter","","needs_translation","Direct en_US vs ms_MY gap"
"lang\ms_MY\products.lang","Quarter4","4th. Quarter","","needs_translation","Direct en_US vs ms_MY gap"
"lang\ms_MY\products.lang","Rank","Rank","","needs_translation","Direct en_US vs ms_MY gap"
"lang\ms_MY\products.lang","RealValuation","Real Valuation","","needs_translation","Direct en_US vs ms_MY gap"
"lang\ms_MY\products.lang","Reference","Reference","","needs_translation","Direct en_US vs ms_MY gap"
"lang\ms_MY\products.lang","RegionStateOrigin","Region of origin","","needs_translation","Direct en_US vs ms_MY gap"
"lang\ms_MY\products.lang","ResetBarcodeForAllRecords","Define barcode value for all record (this will also reset barcode value already defined with new values)","","needs_translation","Direct en_US vs ms_MY gap"
"lang\ms_MY\products.lang","RowMaterial","Raw Material","","needs_translation","Direct en_US vs ms_MY gap"
"lang\ms_MY\products.lang","s","s","","needs_translation","Direct en_US vs ms_MY gap"
"lang\ms_MY\products.lang","ScanOrTypeOrCopyPasteYourBarCodes","Scan or type or copy/paste your barcodes","","needs_translation","Direct en_US vs ms_MY gap"
"lang\ms_MY\products.lang","se","set","","needs_translation","Direct en_US vs ms_MY gap"
"lang\ms_MY\products.lang","second","second","","needs_translation","Direct en_US vs ms_MY gap"
"lang\ms_MY\products.lang","SelectCombination","Select combination","","needs_translation","Direct en_US vs ms_MY gap"
"lang\ms_MY\products.lang","SellingMinPriceTTC","Minimum Selling price (inc. tax)","","needs_translation","Direct en_US vs ms_MY gap"
"lang\ms_MY\products.lang","SellingPriceHT","Selling price (excl. tax)","","needs_translation","Direct en_US vs ms_MY gap"
"lang\ms_MY\products.lang","SellingPrices","Selling prices","","needs_translation","Direct en_US vs ms_MY gap"
"lang\ms_MY\products.lang","SellingPriceTTC","Selling price (inc. tax)","","needs_translation","Direct en_US vs ms_MY gap"
"lang\ms_MY\products.lang","ServiceCodeModel","Service ref template","","needs_translation","Direct en_US vs ms_MY gap"
"lang\ms_MY\products.lang","ServiceLimitedDuration","If product is a service with limited duration:","","needs_translation","Direct en_US vs ms_MY gap"
"lang\ms_MY\products.lang","ServiceNb","Service #%s","","needs_translation","Direct en_US vs ms_MY gap"
"lang\ms_MY\products.lang","ServicesArea","Services area","","needs_translation","Direct en_US vs ms_MY gap"
"lang\ms_MY\products.lang","ServiceSellByQuarterHT","Services turnover quarterly before tax","","needs_translation","Direct en_US vs ms_MY gap"
"lang\ms_MY\products.lang","ServiceSheet","Service sheet","","needs_translation","Direct en_US vs ms_MY gap"
"lang\ms_MY\products.lang","ServicesNotOnSell","Services not for sale and not for purchase","","needs_translation","Direct en_US vs ms_MY gap"
"lang\ms_MY\products.lang","ServicesOnPurchase","Services for purchase","","needs_translation","Direct en_US vs ms_MY gap"
"lang\ms_MY\products.lang","ServicesOnPurchaseOnly","Services for purchase only","","needs_translation","Direct en_US vs ms_MY gap"
"lang\ms_MY\products.lang","ServicesOnSale","Services for sale","","needs_translation","Direct en_US vs ms_MY gap"
"lang\ms_MY\products.lang","ServicesOnSaleOnly","Services for sale only","","needs_translation","Direct en_US vs ms_MY gap"
"lang\ms_MY\products.lang","ServicesOnSellAndOnBuy","Services for sale and for purchase","","needs_translation","Direct en_US vs ms_MY gap"
"lang\ms_MY\products.lang","set","set","","needs_translation","Direct en_US vs ms_MY gap"
"lang\ms_MY\products.lang","SetDefaultBarcodeType","Set barcode type","","needs_translation","Direct en_US vs ms_MY gap"
"lang\ms_MY\products.lang","ShowChildProducts","Show variant products","","needs_translation","Direct en_US vs ms_MY gap"
"lang\ms_MY\products.lang","ShowProduct","Show product","","needs_translation","Direct en_US vs ms_MY gap"
"lang\ms_MY\products.lang","ShowService","Show service","","needs_translation","Direct en_US vs ms_MY gap"
"lang\ms_MY\products.lang","SizeUnits","Size unit","","needs_translation","Direct en_US vs ms_MY gap"
"lang\ms_MY\products.lang","SoldAmount","Sold amount","","needs_translation","Direct en_US vs ms_MY gap"
"lang\ms_MY\products.lang","StateOrigin","State|Province of origin","","needs_translation","Direct en_US vs ms_MY gap"
"lang\ms_MY\products.lang","StockableProduct","Stock management","","needs_translation","Direct en_US vs ms_MY gap"
"lang\ms_MY\products.lang","StockableProductDescription","If this option is enabled, the stock modification for this product is retained. If not, all stock modifications will be disabled for this product.","","needs_translation","Direct en_US vs ms_MY gap"
"lang\ms_MY\products.lang","StockDisabled","Stock disabled","","needs_translation","Direct en_US vs ms_MY gap"
"lang\ms_MY\products.lang","StockEnabled","Stock enabled","","needs_translation","Direct en_US vs ms_MY gap"
"lang\ms_MY\products.lang","StockMouvementExtraFields"," Extra Fields (stock movement)","","needs_translation","Direct en_US vs ms_MY gap"
"lang\ms_MY\products.lang","SubProduct","Sub product","","needs_translation","Direct en_US vs ms_MY gap"
"lang\ms_MY\products.lang","SupplierCard","Vendor card","","needs_translation","Direct en_US vs ms_MY gap"
"lang\ms_MY\products.lang","SupplierRef","Vendor SKU","","needs_translation","Direct en_US vs ms_MY gap"
"lang\ms_MY\products.lang","Suppliers","Vendors","","needs_translation","Direct en_US vs ms_MY gap"
"lang\ms_MY\products.lang","SuppliersPrices","Vendor prices","","needs_translation","Direct en_US vs ms_MY gap"
"lang\ms_MY\products.lang","SuppliersPricesOfProductsOrServices","Vendor prices (of products or services)","","needs_translation","Direct en_US vs ms_MY gap"
"lang\ms_MY\products.lang","SurfaceUnits","Surface unit","","needs_translation","Direct en_US vs ms_MY gap"
"lang\ms_MY\products.lang","SwitchOnPurchaseStatus","Switch for purchase status","","needs_translation","Direct en_US vs ms_MY gap"
"lang\ms_MY\products.lang","SwitchOnSaleStatus","Switch on sale status","","needs_translation","Direct en_US vs ms_MY gap"
"lang\ms_MY\products.lang","TMenuProducts","Products","","needs_translation","Direct en_US vs ms_MY gap"
"lang\ms_MY\products.lang","TMenuServices","Services","","needs_translation","Direct en_US vs ms_MY gap"
"lang\ms_MY\products.lang","TooMuchCombinationsWarning","Generating lots of variants may result in high CPU, memory usage and Dolibarr not able to create them. Enabling the option ""%s"" may help reduce memory usage.","","needs_translation","Direct en_US vs ms_MY gap"
"lang\ms_MY\products.lang","TranslatedDescription","Translated description","","needs_translation","Direct en_US vs ms_MY gap"
"lang\ms_MY\products.lang","TranslatedLabel","Translated label","","needs_translation","Direct en_US vs ms_MY gap"
"lang\ms_MY\products.lang","TranslatedNote","Translated notes","","needs_translation","Direct en_US vs ms_MY gap"
"lang\ms_MY\products.lang","unitCM","cm","","needs_translation","Direct en_US vs ms_MY gap"
"lang\ms_MY\products.lang","unitCM2","cm²","","needs_translation","Direct en_US vs ms_MY gap"
"lang\ms_MY\products.lang","unitCM3","cm³","","needs_translation","Direct en_US vs ms_MY gap"
"lang\ms_MY\products.lang","unitD","Day","","needs_translation","Direct en_US vs ms_MY gap"
"lang\ms_MY\products.lang","unitDM","dm","","needs_translation","Direct en_US vs ms_MY gap"
"lang\ms_MY\products.lang","unitDM2","dm²","","needs_translation","Direct en_US vs ms_MY gap"
"lang\ms_MY\products.lang","unitDM3","dm³","","needs_translation","Direct en_US vs ms_MY gap"
"lang\ms_MY\products.lang","unitFT","ft","","needs_translation","Direct en_US vs ms_MY gap"
"lang\ms_MY\products.lang","unitFT2","ft²","","needs_translation","Direct en_US vs ms_MY gap"
"lang\ms_MY\products.lang","unitFT3","ft³","","needs_translation","Direct en_US vs ms_MY gap"
"lang\ms_MY\products.lang","unitG","g","","needs_translation","Direct en_US vs ms_MY gap"
"lang\ms_MY\products.lang","unitGAL","gallon","","needs_translation","Direct en_US vs ms_MY gap"
"lang\ms_MY\products.lang","unitgallon","gallon","","needs_translation","Direct en_US vs ms_MY gap"
"lang\ms_MY\products.lang","unitH","Hour","","needs_translation","Direct en_US vs ms_MY gap"
"lang\ms_MY\products.lang","unitIN","in","","needs_translation","Direct en_US vs ms_MY gap"
"lang\ms_MY\products.lang","unitIN2","in²","","needs_translation","Direct en_US vs ms_MY gap"
"lang\ms_MY\products.lang","unitIN3","in³","","needs_translation","Direct en_US vs ms_MY gap"
"lang\ms_MY\products.lang","unitKG","kg","","needs_translation","Direct en_US vs ms_MY gap"
"lang\ms_MY\products.lang","unitL","Liter","","needs_translation","Direct en_US vs ms_MY gap"
"lang\ms_MY\products.lang","unitLB","pound","","needs_translation","Direct en_US vs ms_MY gap"
"lang\ms_MY\products.lang","unitLM","Linear meter","","needs_translation","Direct en_US vs ms_MY gap"
"lang\ms_MY\products.lang","unitM","m","","needs_translation","Direct en_US vs ms_MY gap"
"lang\ms_MY\products.lang","unitM2","m2","","needs_translation","Direct en_US vs ms_MY gap"
"lang\ms_MY\products.lang","unitM3","m3","","needs_translation","Direct en_US vs ms_MY gap"
"lang\ms_MY\products.lang","unitMG","mg","","needs_translation","Direct en_US vs ms_MY gap"
"lang\ms_MY\products.lang","unitMM","mm","","needs_translation","Direct en_US vs ms_MY gap"
"lang\ms_MY\products.lang","unitMM2","mm²","","needs_translation","Direct en_US vs ms_MY gap"
"lang\ms_MY\products.lang","unitMM3","mm³","","needs_translation","Direct en_US vs ms_MY gap"
"lang\ms_MY\products.lang","unitOZ","ounce","","needs_translation","Direct en_US vs ms_MY gap"
"lang\ms_MY\products.lang","unitOZ3","ounce","","needs_translation","Direct en_US vs ms_MY gap"
"lang\ms_MY\products.lang","unitP","Piece","","needs_translation","Direct en_US vs ms_MY gap"
"lang\ms_MY\products.lang","unitSET","Set","","needs_translation","Direct en_US vs ms_MY gap"
"lang\ms_MY\products.lang","unitT","ton","","needs_translation","Direct en_US vs ms_MY gap"
"lang\ms_MY\products.lang","UpdateDefaultPrice","Update default price","","needs_translation","Direct en_US vs ms_MY gap"
"lang\ms_MY\products.lang","UpdatedRecently","Updated recently","","needs_translation","Direct en_US vs ms_MY gap"
"lang\ms_MY\products.lang","UpdateInterval","Update interval (minutes)","","needs_translation","Direct en_US vs ms_MY gap"
"lang\ms_MY\products.lang","UpdateLevelPrices","Update prices for each level","","needs_translation","Direct en_US vs ms_MY gap"
"lang\ms_MY\products.lang","UpdatePrice","Increase/decrease customer price","","needs_translation","Direct en_US vs ms_MY gap"
"lang\ms_MY\products.lang","UpdateVAT","Update VAT","","needs_translation","Direct en_US vs ms_MY gap"
"lang\ms_MY\products.lang","UseBarCodeForProducts","Use barcode for products","","needs_translation","Direct en_US vs ms_MY gap"
"lang\ms_MY\products.lang","UseBarCodeForThirdParties","Use barcode for third parties","","needs_translation","Direct en_US vs ms_MY gap"
"lang\ms_MY\products.lang","UseMultipriceRules","Use price segment rules (defined into product module setup) to auto calculate prices of all other segments according to first segment","","needs_translation","Direct en_US vs ms_MY gap"
"lang\ms_MY\products.lang","UsePercentageVariations","Use percentage variations","","needs_translation","Direct en_US vs ms_MY gap"
"lang\ms_MY\products.lang","UseProductCustomerPackaging","Use the ""%s"" feature to round the quantities to some given multiples (for Sales)","","needs_translation","Direct en_US vs ms_MY gap"
"lang\ms_MY\products.lang","UseProductFournDesc","Add a feature to define the product description defined by the vendors (for each vendor reference) in addition to the description for customers","","needs_translation","Direct en_US vs ms_MY gap"
"lang\ms_MY\products.lang","UseProductSupplierPackaging","Use the ""%s"" feature to round the quantities to some given multiples (for Purchases).","","needs_translation","Direct en_US vs ms_MY gap"
"lang\ms_MY\products.lang","VariableToUpdate","Variable to update","","needs_translation","Direct en_US vs ms_MY gap"
"lang\ms_MY\products.lang","VariantAttributes","Variant attributes","","needs_translation","Direct en_US vs ms_MY gap"
"lang\ms_MY\products.lang","VariantLabelExample","Examples: Color, Size","","needs_translation","Direct en_US vs ms_MY gap"
"lang\ms_MY\products.lang","VariantRefExample","Examples: COL, SIZE","","needs_translation","Direct en_US vs ms_MY gap"
"lang\ms_MY\products.lang","VariantsAbility","Enable Variants (variations of products, for example color, size)","","needs_translation","Direct en_US vs ms_MY gap"
"lang\ms_MY\products.lang","VATRateForSupplierProduct","Tax Rate (for this vendor/product)","","needs_translation","Direct en_US vs ms_MY gap"
"lang\ms_MY\products.lang","VolumeUnits","Volume unit","","needs_translation","Direct en_US vs ms_MY gap"
"lang\ms_MY\products.lang","WarningConvertFromBatchToSerial","If you currently have a quantity higher or equal to 2 for the product, switching to this choice means you will still have a product with different objects of the same batch (while you want a unique serial number). The duplicate will remain until an inventory or a manual stock movement to fix this is done.","","needs_translation","Direct en_US vs ms_MY gap"
"lang\ms_MY\products.lang","WarningLineProductNotToSell","Product or service ""%s"" is not to sell and was cloned","","needs_translation","Direct en_US vs ms_MY gap"
"lang\ms_MY\products.lang","WarningSelectOneDocument","Please select at least one document","","needs_translation","Direct en_US vs ms_MY gap"
"lang\ms_MY\products.lang","WarningTransferBatchStockMouvToGlobal"," If you want to deserialize this product, all its serialized stock will be transformed into global stock","","needs_translation","Direct en_US vs ms_MY gap"
"lang\ms_MY\products.lang","WeightImpact","Weight impact","","needs_translation","Direct en_US vs ms_MY gap"
"lang\ms_MY\products.lang","WeightUnits","Weight unit","","needs_translation","Direct en_US vs ms_MY gap"
"lang\ms_MY\products.lang","WhenProductVirtualOnOptionAreForced","When the option 'Enable Kits' (Product module) is on, some modes for automatic stock decrease or increase may be not available. The other options have no restriction.","","needs_translation","Direct en_US vs ms_MY gap"
"lang\ms_MY\products.lang","WidthUnits","Width unit","","needs_translation","Direct en_US vs ms_MY gap"
"lang\ms_MY\products.lang","WithoutDiscount","Without discount","","needs_translation","Direct en_US vs ms_MY gap"
"lang\ms_MY\projects.lang","ActionsOnProject","Events on project","","needs_translation","Direct en_US vs ms_MY gap"
"lang\ms_MY\projects.lang","Activities","Tasks/activities","","needs_translation","Direct en_US vs ms_MY gap"
"lang\ms_MY\projects.lang","Activity","Activity","","needs_translation","Direct en_US vs ms_MY gap"
"lang\ms_MY\projects.lang","ActivityOnProjectThisMonth","Activity on project this month","","needs_translation","Direct en_US vs ms_MY gap"
"lang\ms_MY\projects.lang","ActivityOnProjectThisWeek","Activity on project this week","","needs_translation","Direct en_US vs ms_MY gap"
"lang\ms_MY\projects.lang","ActivityOnProjectThisYear","Activity on project this year","","needs_translation","Direct en_US vs ms_MY gap"
"lang\ms_MY\projects.lang","ActivityOnProjectToday","Activity on project today","","needs_translation","Direct en_US vs ms_MY gap"
"lang\ms_MY\projects.lang","ActivityOnProjectYesterday","Activity on project yesterday","","needs_translation","Direct en_US vs ms_MY gap"
"lang\ms_MY\projects.lang","AddDetailDateAndDuration","With date and duration into line description","","needs_translation","Direct en_US vs ms_MY gap"
"lang\ms_MY\projects.lang","AddElement","Link to element","","needs_translation","Direct en_US vs ms_MY gap"
"lang\ms_MY\projects.lang","AddHereTimeSpentForDay","Add here time spent for this day/task","","needs_translation","Direct en_US vs ms_MY gap"
"lang\ms_MY\projects.lang","AddHereTimeSpentForWeek","Add here time spent for this week/task","","needs_translation","Direct en_US vs ms_MY gap"
"lang\ms_MY\projects.lang","AddPersonToTask","Add also to tasks","","needs_translation","Direct en_US vs ms_MY gap"
"lang\ms_MY\projects.lang","AddTimeSpent","Create time spent","","needs_translation","Direct en_US vs ms_MY gap"
"lang\ms_MY\projects.lang","AffectedTo","Allocated to","","needs_translation","Direct en_US vs ms_MY gap"
"lang\ms_MY\projects.lang","AllAllowedProjects","All project I can read (mine + public)","","needs_translation","Direct en_US vs ms_MY gap"
"lang\ms_MY\projects.lang","AllowCommentOnProject","Allow user comments on projects","","needs_translation","Direct en_US vs ms_MY gap"
"lang\ms_MY\projects.lang","AllowCommentOnTask","Allow user comments on tasks","","needs_translation","Direct en_US vs ms_MY gap"
"lang\ms_MY\projects.lang","AllowToLinkFromOtherCompany","Allow to link an element with a project of other company<br><br><u>Supported values:</u><br>- Keep empty: Can link elements with any projects in the same company (default)<br>- ""all"": Can link elements with any projects, even projects of other companies<br>- A list of third-party ids separated by commas: can link elements with any projects of these third partys (Example: 123,4795,53)<br>","","needs_translation","Direct en_US vs ms_MY gap"
"lang\ms_MY\projects.lang","AllProjects","All projects","","needs_translation","Direct en_US vs ms_MY gap"
"lang\ms_MY\projects.lang","AllTaskVisibleButEditIfYouAreAssigned","All tasks for qualified projects are visible, but you can enter time only for task assigned to selected user. Assign task if you need to enter time on it.","","needs_translation","Direct en_US vs ms_MY gap"
"lang\ms_MY\projects.lang","AlsoCloseAProject","Also close project","","needs_translation","Direct en_US vs ms_MY gap"
"lang\ms_MY\projects.lang","AlsoCloseAProjectTooltip","Keep it open if you still need to follow production tasks on it","","needs_translation","Direct en_US vs ms_MY gap"
"lang\ms_MY\projects.lang","AssignTask","Assign","","needs_translation","Direct en_US vs ms_MY gap"
"lang\ms_MY\projects.lang","AssignTaskToMe","Assign task to myself","","needs_translation","Direct en_US vs ms_MY gap"
"lang\ms_MY\projects.lang","AssignTaskToUser","Assign task to %s","","needs_translation","Direct en_US vs ms_MY gap"
"lang\ms_MY\projects.lang","Billable"," Billable","","needs_translation","Direct en_US vs ms_MY gap"
"lang\ms_MY\projects.lang","BillTime","Bill the time spent","","needs_translation","Direct en_US vs ms_MY gap"
"lang\ms_MY\projects.lang","BillTimeShort","Bill time","","needs_translation","Direct en_US vs ms_MY gap"
"lang\ms_MY\projects.lang","CantRemoveProject","This project can't be removed as it is referenced by some other objects (invoice, orders or other). See tab '%s'.","","needs_translation","Direct en_US vs ms_MY gap"
"lang\ms_MY\projects.lang","ChildOfProjectTask","Child of project/task","","needs_translation","Direct en_US vs ms_MY gap"
"lang\ms_MY\projects.lang","ChildOfTask","Child of task","","needs_translation","Direct en_US vs ms_MY gap"
"lang\ms_MY\projects.lang","ChooseANotYetAssignedTask","Choose a task not yet assigned to you","","needs_translation","Direct en_US vs ms_MY gap"
"lang\ms_MY\projects.lang","CloneAffectation","Clone assignations","","needs_translation","Direct en_US vs ms_MY gap"
"lang\ms_MY\projects.lang","CloneChanges","Recalculate date of task","","needs_translation","Direct en_US vs ms_MY gap"
"lang\ms_MY\projects.lang","CloneContacts","Clone contacts","","needs_translation","Direct en_US vs ms_MY gap"
"lang\ms_MY\projects.lang","CloneFile","Clone files","","needs_translation","Direct en_US vs ms_MY gap"
"lang\ms_MY\projects.lang","CloneMoveDate","Update project/tasks dates from now?","","needs_translation","Direct en_US vs ms_MY gap"
"lang\ms_MY\projects.lang","CloneNotes","Clone notes","","needs_translation","Direct en_US vs ms_MY gap"
"lang\ms_MY\projects.lang","CloneProgression","Clone progression","","needs_translation","Direct en_US vs ms_MY gap"
"lang\ms_MY\projects.lang","CloneProjectFiles","Clone project joined files","","needs_translation","Direct en_US vs ms_MY gap"
"lang\ms_MY\projects.lang","CloneTaskFiles","Clone task(s) joined files (if task(s) cloned)","","needs_translation","Direct en_US vs ms_MY gap"
"lang\ms_MY\projects.lang","CloneTasks","Clone tasks","","needs_translation","Direct en_US vs ms_MY gap"
"lang\ms_MY\projects.lang","CloneTimes","Clone times","","needs_translation","Direct en_US vs ms_MY gap"
"lang\ms_MY\projects.lang","CloseAProject","Close project","","needs_translation","Direct en_US vs ms_MY gap"
"lang\ms_MY\projects.lang","ClosedProjectsAreHidden","Closed projects are not visible.","","needs_translation","Direct en_US vs ms_MY gap"
"lang\ms_MY\projects.lang","ConfirmCloneProject","Are you sure to clone this project?","","needs_translation","Direct en_US vs ms_MY gap"
"lang\ms_MY\projects.lang","ConfirmCloneTask","Do you want to clone this task?","","needs_translation","Direct en_US vs ms_MY gap"
"lang\ms_MY\projects.lang","ConfirmCloseAProject","Are you sure you want to close this project?","","needs_translation","Direct en_US vs ms_MY gap"
"lang\ms_MY\projects.lang","ConfirmClosed","Confirm task closed","","needs_translation","Direct en_US vs ms_MY gap"
"lang\ms_MY\projects.lang","ConfirmCloseTask","Are you sure you want to close this task ?","","needs_translation","Direct en_US vs ms_MY gap"
"lang\ms_MY\projects.lang","ConfirmDeleteAProject","Are you sure you want to delete this project?","","needs_translation","Direct en_US vs ms_MY gap"
"lang\ms_MY\projects.lang","ConfirmDeleteATask","Are you sure you want to delete this task?","","needs_translation","Direct en_US vs ms_MY gap"
"lang\ms_MY\projects.lang","ConfirmDeleteATimeSpent","Are you sure you want to delete this time spent?","","needs_translation","Direct en_US vs ms_MY gap"
"lang\ms_MY\projects.lang","ConfirmMergeTasks","Are you sure you want to merge the chosen task with the current one? All linked objects (time spent, invoices, ...) will be moved to the current task, after which the chosen task will be deleted.","","needs_translation","Direct en_US vs ms_MY gap"
"lang\ms_MY\projects.lang","ConfirmReOpenAProject","Are you sure you want to re-open this project?","","needs_translation","Direct en_US vs ms_MY gap"
"lang\ms_MY\projects.lang","ConfirmValidateProject","Are you sure you want to validate this project?","","needs_translation","Direct en_US vs ms_MY gap"
"lang\ms_MY\projects.lang","CurentlyOpenedTasks","Currently open tasks","","needs_translation","Direct en_US vs ms_MY gap"
"lang\ms_MY\projects.lang","DeleteAProject","Delete a project","","needs_translation","Direct en_US vs ms_MY gap"
"lang\ms_MY\projects.lang","DeleteATask","Delete a task","","needs_translation","Direct en_US vs ms_MY gap"
"lang\ms_MY\projects.lang","DeleteATimeSpent","Delete time spent","","needs_translation","Direct en_US vs ms_MY gap"
"lang\ms_MY\projects.lang","DocumentModelBaleine","Project document template for tasks","","needs_translation","Direct en_US vs ms_MY gap"
"lang\ms_MY\projects.lang","DocumentModelBeluga","Project document template for linked objects overview","","needs_translation","Direct en_US vs ms_MY gap"
"lang\ms_MY\projects.lang","DocumentModelTimeSpent","Project report template for time spent","","needs_translation","Direct en_US vs ms_MY gap"
"lang\ms_MY\projects.lang","DoNotShowMyTasksOnly","See also tasks not assigned to me","","needs_translation","Direct en_US vs ms_MY gap"
"lang\ms_MY\projects.lang","DontHavePermissionForCloseProject","You do not have permissions to close the project %s","","needs_translation","Direct en_US vs ms_MY gap"
"lang\ms_MY\projects.lang","DontHaveTheValidateStatus","The project %s must be open to be closed","","needs_translation","Direct en_US vs ms_MY gap"
"lang\ms_MY\projects.lang","DurationEffective","Effective duration","","needs_translation","Direct en_US vs ms_MY gap"
"lang\ms_MY\projects.lang","EnablePublicLeadForm","Enable the public form for contact","","needs_translation","Direct en_US vs ms_MY gap"
"lang\ms_MY\projects.lang","EnterUsersHourlyRateFirst","First, enter the hourly rate for the user(s)...","","needs_translation","Direct en_US vs ms_MY gap"
"lang\ms_MY\projects.lang","ErrorPROJECTLEADERRoleMissingRestoreIt","The ""PROJECTLEADER"" role is missing or has been de-activited, please restore in the dictionary of contact types","","needs_translation","Direct en_US vs ms_MY gap"
"lang\ms_MY\projects.lang","ErrorShiftTaskDate","Impossible to shift task date according to new project start date","","needs_translation","Direct en_US vs ms_MY gap"
"lang\ms_MY\projects.lang","ErrorsTaskMerge","An error occurred while merging tasks","","needs_translation","Direct en_US vs ms_MY gap"
"lang\ms_MY\projects.lang","ErrorTaskIdIsMandatory","Error: Task id is mandatory","","needs_translation","Direct en_US vs ms_MY gap"
"lang\ms_MY\projects.lang","ErrorTimeSpentIsEmpty","Time spent is empty","","needs_translation","Direct en_US vs ms_MY gap"
"lang\ms_MY\projects.lang","EventStartOrEndDateNotDefined","Event start or end date not defined","","needs_translation","Direct en_US vs ms_MY gap"
"lang\ms_MY\projects.lang","ExportAccountingReportButtonLabel","Get report","","needs_translation","Direct en_US vs ms_MY gap"
"lang\ms_MY\projects.lang","FirstAddRessourceToAllocateTime","Assign a user resource as contact of project to allocate time","","needs_translation","Direct en_US vs ms_MY gap"
"lang\ms_MY\projects.lang","FormForNewLeadDesc","Thanks to fill the following form to contact us. You can also send us an email directly to <b>%s</b>.","","needs_translation","Direct en_US vs ms_MY gap"
"lang\ms_MY\projects.lang","FormForPublicLeadRegistrationHasNotBeenEnabled","Form for public lead registration has not been enabled","","needs_translation","Direct en_US vs ms_MY gap"
"lang\ms_MY\projects.lang","GanttView","Gantt View","","needs_translation","Direct en_US vs ms_MY gap"
"lang\ms_MY\projects.lang","GoToListOfTimeConsumed","Go to list of time consumed","","needs_translation","Direct en_US vs ms_MY gap"
"lang\ms_MY\projects.lang","IdTaskTime","Id task time","","needs_translation","Direct en_US vs ms_MY gap"
"lang\ms_MY\projects.lang","IfNeedToUseOtherObjectKeepEmpty","If some objects (invoice, order, ...), belonging to another third party, must be linked to the project to create, keep this empty to have the project being multi third parties.","","needs_translation","Direct en_US vs ms_MY gap"
"lang\ms_MY\projects.lang","ImportDatasetProjects","Projects or opportunities","","needs_translation","Direct en_US vs ms_MY gap"
"lang\ms_MY\projects.lang","ImportDatasetTasks","Tasks of projects","","needs_translation","Direct en_US vs ms_MY gap"
"lang\ms_MY\projects.lang","InputDetail","Input detail","","needs_translation","Direct en_US vs ms_MY gap"
"lang\ms_MY\projects.lang","InputPerDay","Input per day","","needs_translation","Direct en_US vs ms_MY gap"
"lang\ms_MY\projects.lang","InputPerMonth","Input per month","","needs_translation","Direct en_US vs ms_MY gap"
"lang\ms_MY\projects.lang","InputPerWeek","Input per week","","needs_translation","Direct en_US vs ms_MY gap"
"lang\ms_MY\projects.lang","InterToUse","Draft intervention to use","","needs_translation","Direct en_US vs ms_MY gap"
"lang\ms_MY\projects.lang","InterventionGeneratedFromTimeSpent","Intervention %s has been generated from time spent on project","","needs_translation","Direct en_US vs ms_MY gap"
"lang\ms_MY\projects.lang","InvoiceGeneratedFromTimeSpent","Invoice %s has been generated from time spent on project","","needs_translation","Direct en_US vs ms_MY gap"
"lang\ms_MY\projects.lang","InvoiceToUse","Draft invoice to use","","needs_translation","Direct en_US vs ms_MY gap"
"lang\ms_MY\projects.lang","LabelTask","Task label","","needs_translation","Direct en_US vs ms_MY gap"
"lang\ms_MY\projects.lang","LatestModifiedProjects","Latest %s modified projects","","needs_translation","Direct en_US vs ms_MY gap"
"lang\ms_MY\projects.lang","LatestProjects","Latest %s projects","","needs_translation","Direct en_US vs ms_MY gap"
"lang\ms_MY\projects.lang","LeadFromPublicForm","Online lead from public form","","needs_translation","Direct en_US vs ms_MY gap"
"lang\ms_MY\projects.lang","LeadPublicFormDesc","You can enable here a public page to allow your prospects to make a first contact to you from a public online form","","needs_translation","Direct en_US vs ms_MY gap"
"lang\ms_MY\projects.lang","LinkedToAnotherCompany","Linked to other third party","","needs_translation","Direct en_US vs ms_MY gap"
"lang\ms_MY\projects.lang","LinkToElementShort","Link to","","needs_translation","Direct en_US vs ms_MY gap"
"lang\ms_MY\projects.lang","ListActionsAssociatedProject","List of events related to the project","","needs_translation","Direct en_US vs ms_MY gap"
"lang\ms_MY\projects.lang","ListContractAssociatedProject","List of contracts related to the project","","needs_translation","Direct en_US vs ms_MY gap"
"lang\ms_MY\projects.lang","ListDonationsAssociatedProject","List of donations related to the project","","needs_translation","Direct en_US vs ms_MY gap"
"lang\ms_MY\projects.lang","ListExpenseReportsAssociatedProject","List of expense reports related to the project","","needs_translation","Direct en_US vs ms_MY gap"
"lang\ms_MY\projects.lang","ListFichinterAssociatedProject","List of interventions related to the project","","needs_translation","Direct en_US vs ms_MY gap"
"lang\ms_MY\projects.lang","ListInvoicesAssociatedProject","List of customer invoices related to the project","","needs_translation","Direct en_US vs ms_MY gap"
"lang\ms_MY\projects.lang","ListMOAssociatedProject","List of manufacturing orders related to the project","","needs_translation","Direct en_US vs ms_MY gap"
"lang\ms_MY\projects.lang","ListOfTasks","List of tasks","","needs_translation","Direct en_US vs ms_MY gap"
"lang\ms_MY\projects.lang","ListOrdersAssociatedProject","List of sales orders related to the project","","needs_translation","Direct en_US vs ms_MY gap"
"lang\ms_MY\projects.lang","ListPredefinedInvoicesAssociatedProject","List of customer template invoices related to the project","","needs_translation","Direct en_US vs ms_MY gap"
"lang\ms_MY\projects.lang","ListProposalsAssociatedProject","List of the commercial proposals related to the project","","needs_translation","Direct en_US vs ms_MY gap"
"lang\ms_MY\projects.lang","ListSalariesAssociatedProject","List of payments of salaries related to the project","","needs_translation","Direct en_US vs ms_MY gap"
"lang\ms_MY\projects.lang","ListShippingAssociatedProject","List of shippings related to the project","","needs_translation","Direct en_US vs ms_MY gap"
"lang\ms_MY\projects.lang","ListSupplierInvoicesAssociatedProject","List of vendor invoices related to the project","","needs_translation","Direct en_US vs ms_MY gap"
"lang\ms_MY\projects.lang","ListSupplierOrdersAssociatedProject","List of purchase orders related to the project","","needs_translation","Direct en_US vs ms_MY gap"
"lang\ms_MY\projects.lang","ListTaskTimeForTask","List of time consumed on task","","needs_translation","Direct en_US vs ms_MY gap"
"lang\ms_MY\projects.lang","ListTaskTimeUserProject","List of time consumed on tasks of project","","needs_translation","Direct en_US vs ms_MY gap"
"lang\ms_MY\projects.lang","ListVariousPaymentsAssociatedProject","List of miscellaneous payments related to the project","","needs_translation","Direct en_US vs ms_MY gap"
"lang\ms_MY\projects.lang","ListWarehouseAssociatedProject","List of warehouses associated to the project","","needs_translation","Direct en_US vs ms_MY gap"
"lang\ms_MY\projects.lang","ManageOpportunitiesStatus","Use projects to follow leads/opportinuties","","needs_translation","Direct en_US vs ms_MY gap"
"lang\ms_MY\projects.lang","ManageTasks","Use projects to follow tasks and/or report time spent (timesheets)","","needs_translation","Direct en_US vs ms_MY gap"
"lang\ms_MY\projects.lang","MergeOriginTask","Duplicated task (the task you want to delete)","","needs_translation","Direct en_US vs ms_MY gap"
"lang\ms_MY\projects.lang","MergeTasks","Merge tasks","","needs_translation","Direct en_US vs ms_MY gap"
"lang\ms_MY\projects.lang","ModuleSalaryToDefineHourlyRateMustBeEnabled","Module 'Salaries' must be enabled to define employee hourly rate to have time spent valorized","","needs_translation","Direct en_US vs ms_MY gap"
"lang\ms_MY\projects.lang","MustBeValidatedToBeSigned","%s must be validated first to be set to Signed.","","needs_translation","Direct en_US vs ms_MY gap"
"lang\ms_MY\projects.lang","MyActivities","My tasks/activities","","needs_translation","Direct en_US vs ms_MY gap"
"lang\ms_MY\projects.lang","MyProjects","My projects","","needs_translation","Direct en_US vs ms_MY gap"
"lang\ms_MY\projects.lang","MyProjectsArea","My projects Area","","needs_translation","Direct en_US vs ms_MY gap"
"lang\ms_MY\projects.lang","MyProjectsDesc","This view is limited to the projects that you are a contact for","","needs_translation","Direct en_US vs ms_MY gap"
"lang\ms_MY\projects.lang","MyTasksDesc","This view is limited to the projects or tasks that you are a contact for","","needs_translation","Direct en_US vs ms_MY gap"
"lang\ms_MY\projects.lang","MyTimeSpent","My time spent","","needs_translation","Direct en_US vs ms_MY gap"
"lang\ms_MY\projects.lang","NbOfProjects","Number of projects","","needs_translation","Direct en_US vs ms_MY gap"
"lang\ms_MY\projects.lang","NbOfTasks","Number of tasks","","needs_translation","Direct en_US vs ms_MY gap"
"lang\ms_MY\projects.lang","NewInter","New intervention","","needs_translation","Direct en_US vs ms_MY gap"
"lang\ms_MY\projects.lang","NewInvoice","New invoice","","needs_translation","Direct en_US vs ms_MY gap"
"lang\ms_MY\projects.lang","NewLeadbyWeb","Your message or request has been recorded. We will answer or contact your soon.","","needs_translation","Direct en_US vs ms_MY gap"
"lang\ms_MY\projects.lang","NewLeadForm","New contact form","","needs_translation","Direct en_US vs ms_MY gap"
"lang\ms_MY\projects.lang","NewTaskRefSuggested","Task ref already used, a new task ref is required","","needs_translation","Direct en_US vs ms_MY gap"
"lang\ms_MY\projects.lang","NewTimeSpent","Time spent","","needs_translation","Direct en_US vs ms_MY gap"
"lang\ms_MY\projects.lang","NoAssignedTasks","No assigned tasks found (assign project/tasks to the current user from the top select box to enter time on it)","","needs_translation","Direct en_US vs ms_MY gap"
"lang\ms_MY\projects.lang","NotAnOpportunityShort","Not a lead","","needs_translation","Direct en_US vs ms_MY gap"
"lang\ms_MY\projects.lang","NoTasks","No tasks for this project","","needs_translation","Direct en_US vs ms_MY gap"
"lang\ms_MY\projects.lang","NotOpenedOpportunitiesShort","Not an open lead","","needs_translation","Direct en_US vs ms_MY gap"
"lang\ms_MY\projects.lang","NotOwnerOfProject","Not owner of this private project","","needs_translation","Direct en_US vs ms_MY gap"
"lang\ms_MY\projects.lang","NoUserAssignedToTheProject","No users assigned to this project","","needs_translation","Direct en_US vs ms_MY gap"
"lang\ms_MY\projects.lang","NumberOfTasksCloned","%s task(s) cloned","","needs_translation","Direct en_US vs ms_MY gap"
"lang\ms_MY\projects.lang","OneLinePerPeriod","One line per period","","needs_translation","Direct en_US vs ms_MY gap"
"lang\ms_MY\projects.lang","OneLinePerTask","One line per task","","needs_translation","Direct en_US vs ms_MY gap"
"lang\ms_MY\projects.lang","OneLinePerTimeSpentLine","One line for each time spent declaration","","needs_translation","Direct en_US vs ms_MY gap"
"lang\ms_MY\projects.lang","OneLinePerUser","One line per user","","needs_translation","Direct en_US vs ms_MY gap"
"lang\ms_MY\projects.lang","OnlyOpenedProject","Only open projects are visible (projects in draft or closed status are not visible).","","needs_translation","Direct en_US vs ms_MY gap"
"lang\ms_MY\projects.lang","OnlyOpportunitiesShort","Only leads","","needs_translation","Direct en_US vs ms_MY gap"
"lang\ms_MY\projects.lang","OnlyYourTaskAreVisible","Only tasks assigned to you are visible. If you need to enter time on a task and if the task is not visible here, then you need to assign the task to yourself.","","needs_translation","Direct en_US vs ms_MY gap"
"lang\ms_MY\projects.lang","OpenedOpportunitiesShort","Open leads","","needs_translation","Direct en_US vs ms_MY gap"
"lang\ms_MY\projects.lang","OpenedProjects","Open projects","","needs_translation","Direct en_US vs ms_MY gap"
"lang\ms_MY\projects.lang","OpenedProjectsByThirdparties","Open projects by third parties","","needs_translation","Direct en_US vs ms_MY gap"
"lang\ms_MY\projects.lang","OpenedProjectsOpportunities","Open opportunities","","needs_translation","Direct en_US vs ms_MY gap"
"lang\ms_MY\projects.lang","OpenedTasks","Open tasks","","needs_translation","Direct en_US vs ms_MY gap"
"lang\ms_MY\projects.lang","Opportunities","Leads","","needs_translation","Direct en_US vs ms_MY gap"
"lang\ms_MY\projects.lang","OpportunitiesStatusForOpenedProjects","Leads amount of open projects by status","","needs_translation","Direct en_US vs ms_MY gap"
"lang\ms_MY\projects.lang","OpportunitiesStatusForProjects","Leads amount of projects by status","","needs_translation","Direct en_US vs ms_MY gap"
"lang\ms_MY\projects.lang","OpportunityAmount","Lead amount","","needs_translation","Direct en_US vs ms_MY gap"
"lang\ms_MY\projects.lang","OpportunityAmountAverageShort","Average lead amount","","needs_translation","Direct en_US vs ms_MY gap"
"lang\ms_MY\projects.lang","OpportunityAmountShort","Lead amount","","needs_translation","Direct en_US vs ms_MY gap"
"lang\ms_MY\projects.lang","OpportunityAmountWeigthedShort","Weighted lead amount","","needs_translation","Direct en_US vs ms_MY gap"
"lang\ms_MY\projects.lang","OpportunityPonderatedAmount","Weighted amount of leads","","needs_translation","Direct en_US vs ms_MY gap"
"lang\ms_MY\projects.lang","OpportunityPonderatedAmountDesc","Leads amount weighted with probability","","needs_translation","Direct en_US vs ms_MY gap"
"lang\ms_MY\projects.lang","OpportunityProbability","Lead probability","","needs_translation","Direct en_US vs ms_MY gap"
"lang\ms_MY\projects.lang","OpportunityProbabilityShort","Lead probab.","","needs_translation","Direct en_US vs ms_MY gap"
"lang\ms_MY\projects.lang","OpportunityStatus","Lead status","","needs_translation","Direct en_US vs ms_MY gap"
"lang\ms_MY\projects.lang","OpportunityStatusShort","Lead status","","needs_translation","Direct en_US vs ms_MY gap"
"lang\ms_MY\projects.lang","OpportunityTotalAmount","Total amount of leads","","needs_translation","Direct en_US vs ms_MY gap"
"lang\ms_MY\projects.lang","OpportunityWeightedAmount","Amount of opportunity, weighted by probability","","needs_translation","Direct en_US vs ms_MY gap"
"lang\ms_MY\projects.lang","OpportunityWeightedAmountShort","Opp. weighted amount","","needs_translation","Direct en_US vs ms_MY gap"
"lang\ms_MY\projects.lang","OppStatusLOST","Lost","","needs_translation","Direct en_US vs ms_MY gap"
"lang\ms_MY\projects.lang","OppStatusNEGO","Negotiation","","needs_translation","Direct en_US vs ms_MY gap"
"lang\ms_MY\projects.lang","OppStatusPENDING","Pending","","needs_translation","Direct en_US vs ms_MY gap"
"lang\ms_MY\projects.lang","OppStatusPROPO","Proposal","","needs_translation","Direct en_US vs ms_MY gap"
"lang\ms_MY\projects.lang","OppStatusPROSP","Prospection","","needs_translation","Direct en_US vs ms_MY gap"
"lang\ms_MY\projects.lang","OppStatusQUAL","Qualification","","needs_translation","Direct en_US vs ms_MY gap"
"lang\ms_MY\projects.lang","OppStatusWON","Won","","needs_translation","Direct en_US vs ms_MY gap"
"lang\ms_MY\projects.lang","OtherFilteredTasks","Other filtered tasks","","needs_translation","Direct en_US vs ms_MY gap"
"lang\ms_MY\projects.lang","OutOfProject","Out of project","","needs_translation","Direct en_US vs ms_MY gap"
"lang\ms_MY\projects.lang","ParentTask","Parent task","","needs_translation","Direct en_US vs ms_MY gap"
"lang\ms_MY\projects.lang","PlannedWorkload","Planned workload","","needs_translation","Direct en_US vs ms_MY gap"
"lang\ms_MY\projects.lang","PlannedWorkloadShort","Workload","","needs_translation","Direct en_US vs ms_MY gap"
"lang\ms_MY\projects.lang","PrivateProject","Assigned contacts","","needs_translation","Direct en_US vs ms_MY gap"
"lang\ms_MY\projects.lang","ProfitIsCalculatedWith","Profit is calculated using","","needs_translation","Direct en_US vs ms_MY gap"
"lang\ms_MY\projects.lang","ProgressCalculated","Progress on consumption","","needs_translation","Direct en_US vs ms_MY gap"
"lang\ms_MY\projects.lang","ProgressDeclared","Declared real progress","","needs_translation","Direct en_US vs ms_MY gap"
"lang\ms_MY\projects.lang","PROJECT_CLASSIFY_CLOSED_WHEN_ALL_TASKS_DONE","Classify project as closed when all its tasks are completed (100%% progress)","","needs_translation","Direct en_US vs ms_MY gap"
"lang\ms_MY\projects.lang","PROJECT_CLASSIFY_CLOSED_WHEN_ALL_TASKS_DONE_help","Note: existing projects with all tasks already set to a progress of 100 %% won't be affected: you will have to close them manually. This option only affects open projects.","","needs_translation","Direct en_US vs ms_MY gap"
"lang\ms_MY\projects.lang","ProjectBillTimeDescription","Check if you enter timesheet on tasks of project AND you plan to generate invoice(s) from the timesheet to bill the customer of the project (do not check if you plan to create invoice that is not based on entered timesheets). Note: To generate invoice, go on tab 'Time spent' of the project and select lines to include.","","needs_translation","Direct en_US vs ms_MY gap"
"lang\ms_MY\projects.lang","ProjectCategories","Project tags/categories","","needs_translation","Direct en_US vs ms_MY gap"
"lang\ms_MY\projects.lang","ProjectContact","Contacts of project","","needs_translation","Direct en_US vs ms_MY gap"
"lang\ms_MY\projects.lang","ProjectContactTypeManager","Assign me as contact with the type","","needs_translation","Direct en_US vs ms_MY gap"
"lang\ms_MY\projects.lang","ProjectCreatedInDolibarr","Project %s created","","needs_translation","Direct en_US vs ms_MY gap"
"lang\ms_MY\projects.lang","ProjectFollowOpportunity","Follow opportunity","","needs_translation","Direct en_US vs ms_MY gap"
"lang\ms_MY\projects.lang","ProjectFollowTasks","Follow tasks or time spent","","needs_translation","Direct en_US vs ms_MY gap"
"lang\ms_MY\projects.lang","ProjectId","Project Id","","needs_translation","Direct en_US vs ms_MY gap"
"lang\ms_MY\projects.lang","ProjectModifiedInDolibarr","Project %s modified","","needs_translation","Direct en_US vs ms_MY gap"
"lang\ms_MY\projects.lang","ProjectMustBeValidatedFirst","Project must be validated first","","needs_translation","Direct en_US vs ms_MY gap"
"lang\ms_MY\projects.lang","ProjectNbProject","Number of projects","","needs_translation","Direct en_US vs ms_MY gap"
"lang\ms_MY\projects.lang","ProjectNbProjectByMonth","No. of created projects by month","","needs_translation","Direct en_US vs ms_MY gap"
"lang\ms_MY\projects.lang","ProjectNbTask","Number of tasks","","needs_translation","Direct en_US vs ms_MY gap"
"lang\ms_MY\projects.lang","ProjectNbTaskByMonth","No. of created tasks by month","","needs_translation","Direct en_US vs ms_MY gap"
"lang\ms_MY\projects.lang","ProjectOpenedProjectByOppStatus","Open project|lead by lead status","","needs_translation","Direct en_US vs ms_MY gap"
"lang\ms_MY\projects.lang","ProjectOppAmountOfProjectsByMonth","Amount of leads by month","","needs_translation","Direct en_US vs ms_MY gap"
"lang\ms_MY\projects.lang","ProjectReferers","Related items","","needs_translation","Direct en_US vs ms_MY gap"
"lang\ms_MY\projects.lang","ProjectReportDate","Change task dates according to new project start date","","needs_translation","Direct en_US vs ms_MY gap"
"lang\ms_MY\projects.lang","ProjectsAndTasksLines","Projects and tasks","","needs_translation","Direct en_US vs ms_MY gap"
"lang\ms_MY\projects.lang","ProjectsArea","Projects Area","","needs_translation","Direct en_US vs ms_MY gap"
"lang\ms_MY\projects.lang","ProjectsDedicatedToThisThirdParty","Projects dedicated to this third party","","needs_translation","Direct en_US vs ms_MY gap"
"lang\ms_MY\projects.lang","ProjectsDesc","This view presents all projects (your user permissions grant you permission to view everything).","","needs_translation","Direct en_US vs ms_MY gap"
"lang\ms_MY\projects.lang","ProjectsHavingThisContact","Projects having this contact","","needs_translation","Direct en_US vs ms_MY gap"
"lang\ms_MY\projects.lang","ProjectsImContactFor","Projects for which I am explicitly a contact","","needs_translation","Direct en_US vs ms_MY gap"
"lang\ms_MY\projects.lang","ProjectsLinkedToThisThirdParty","Projects having a contact that is a contact of the third party","","needs_translation","Direct en_US vs ms_MY gap"
"lang\ms_MY\projects.lang","ProjectsPublicDesc","This view presents all projects you are allowed to read.","","needs_translation","Direct en_US vs ms_MY gap"
"lang\ms_MY\projects.lang","ProjectsPublicTaskDesc","This view presents all projects and tasks you are allowed to read.","","needs_translation","Direct en_US vs ms_MY gap"
"lang\ms_MY\projects.lang","ProjectsStatistics","Statistics on projects or leads","","needs_translation","Direct en_US vs ms_MY gap"
"lang\ms_MY\projects.lang","ProjectsWithThisContact","Projects assigned to this third-party contact","","needs_translation","Direct en_US vs ms_MY gap"
"lang\ms_MY\projects.lang","ProjectsWithThisUserAsContact","Projects assigned to this user","","needs_translation","Direct en_US vs ms_MY gap"
"lang\ms_MY\projects.lang","ProjectTasksWithoutTimeSpent","Project tasks without time spent","","needs_translation","Direct en_US vs ms_MY gap"
"lang\ms_MY\projects.lang","ProjectValidatedInDolibarr","Project %s validated","","needs_translation","Direct en_US vs ms_MY gap"
"lang\ms_MY\projects.lang","ProjectWeightedOppAmountOfProjectsByMonth","Weighted amount of leads by month","","needs_translation","Direct en_US vs ms_MY gap"
"lang\ms_MY\projects.lang","RecordsClosed","%s project(s) closed","","needs_translation","Direct en_US vs ms_MY gap"
"lang\ms_MY\projects.lang","RefProject","Ref. project","","needs_translation","Direct en_US vs ms_MY gap"
"lang\ms_MY\projects.lang","RefTask","Task ref.","","needs_translation","Direct en_US vs ms_MY gap"
"lang\ms_MY\projects.lang","RefTaskParent","Ref. Parent Task","","needs_translation","Direct en_US vs ms_MY gap"
"lang\ms_MY\projects.lang","ReOpenAProject","Open project","","needs_translation","Direct en_US vs ms_MY gap"
"lang\ms_MY\projects.lang","ResourceNotAssignedToProject","Not assigned to project","","needs_translation","Direct en_US vs ms_MY gap"
"lang\ms_MY\projects.lang","ResourceNotAssignedToTheTask","Not assigned to the task","","needs_translation","Direct en_US vs ms_MY gap"
"lang\ms_MY\projects.lang","SelectAProjectFirst","Select a project first...","","needs_translation","Direct en_US vs ms_MY gap"
"lang\ms_MY\projects.lang","SelectElement","Select element","","needs_translation","Direct en_US vs ms_MY gap"
"lang\ms_MY\projects.lang","SelectLinesOfTimeSpentToInvoice","Select lines of time spent that are unbilled, then bulk action ""Generate Invoice"" to bill them","","needs_translation","Direct en_US vs ms_MY gap"
"lang\ms_MY\projects.lang","SelectTaskToAssign","Select a task to assign...","","needs_translation","Direct en_US vs ms_MY gap"
"lang\ms_MY\projects.lang","SendProjectRef","Information project %s","","needs_translation","Direct en_US vs ms_MY gap"
"lang\ms_MY\projects.lang","ServiceToUseOnLines","Service to use on lines by default","","needs_translation","Direct en_US vs ms_MY gap"
"lang\ms_MY\projects.lang","SetProject","Set project","","needs_translation","Direct en_US vs ms_MY gap"
"lang\ms_MY\projects.lang","SetThirdParty","Set third party","","needs_translation","Direct en_US vs ms_MY gap"
"lang\ms_MY\projects.lang","SharedProject","Everybody","","needs_translation","Direct en_US vs ms_MY gap"
"lang\ms_MY\projects.lang","ShowMyTasksOnly","View only tasks assigned to me","","needs_translation","Direct en_US vs ms_MY gap"
"lang\ms_MY\projects.lang","ShowProject","Show project","","needs_translation","Direct en_US vs ms_MY gap"
"lang\ms_MY\projects.lang","ShowTask","Show task","","needs_translation","Direct en_US vs ms_MY gap"
"lang\ms_MY\projects.lang","StartDateCannotBeAfterEndDate","End date cannot be before start date","","needs_translation","Direct en_US vs ms_MY gap"
"lang\ms_MY\projects.lang","TaskAssignedToEnterTime","Task assigned. Entering time on this task should be possible.","","needs_translation","Direct en_US vs ms_MY gap"
"lang\ms_MY\projects.lang","TaskBackToDraft","Task status is back to draft","","needs_translation","Direct en_US vs ms_MY gap"
"lang\ms_MY\projects.lang","TaskContact","Task contacts","","needs_translation","Direct en_US vs ms_MY gap"
"lang\ms_MY\projects.lang","TaskCreatedInDolibarr","Task %s created","","needs_translation","Direct en_US vs ms_MY gap"
"lang\ms_MY\projects.lang","TaskDateEnd","Task end date","","needs_translation","Direct en_US vs ms_MY gap"
"lang\ms_MY\projects.lang","TaskDateStart","Task start date","","needs_translation","Direct en_US vs ms_MY gap"
"lang\ms_MY\projects.lang","TaskDeletedInDolibarr","Task %s deleted","","needs_translation","Direct en_US vs ms_MY gap"
"lang\ms_MY\projects.lang","TaskHasChild","Task has child","","needs_translation","Direct en_US vs ms_MY gap"
"lang\ms_MY\projects.lang","TaskHourlyRateUpdated","Task's hourly rate updated","","needs_translation","Direct en_US vs ms_MY gap"
"lang\ms_MY\projects.lang","TaskId","Task ID","","needs_translation","Direct en_US vs ms_MY gap"
"lang\ms_MY\projects.lang","TaskIsNotAssignedToUser","Task not assigned to user. Use button '<strong>%s</strong>' to assign task now.","","needs_translation","Direct en_US vs ms_MY gap"
"lang\ms_MY\projects.lang","TaskMergeSuccess","Tasks have been merged","","needs_translation","Direct en_US vs ms_MY gap"
"lang\ms_MY\projects.lang","TaskModifiedInDolibarr","Task %s modified","","needs_translation","Direct en_US vs ms_MY gap"
"lang\ms_MY\projects.lang","TaskProgressSummary","Task progress","","needs_translation","Direct en_US vs ms_MY gap"
"lang\ms_MY\projects.lang","TaskReopened","Task reopened","","needs_translation","Direct en_US vs ms_MY gap"
"lang\ms_MY\projects.lang","TaskRessourceLinks","Contacts of task","","needs_translation","Direct en_US vs ms_MY gap"
"lang\ms_MY\projects.lang","TasksAssignedTo","Tasks assigned to","","needs_translation","Direct en_US vs ms_MY gap"
"lang\ms_MY\projects.lang","TasksDesc","This view presents all projects and tasks (your user permissions grant you permission to view everything).","","needs_translation","Direct en_US vs ms_MY gap"
"lang\ms_MY\projects.lang","TasksOnOpenedProject","Tasks on open projects","","needs_translation","Direct en_US vs ms_MY gap"
"lang\ms_MY\projects.lang","TasksOnProjectsDesc","This view presents all tasks on all projects (your user permissions grant you permission to view everything).","","needs_translation","Direct en_US vs ms_MY gap"
"lang\ms_MY\projects.lang","TasksOnProjectsPublicDesc","This view presents all tasks on projects you are allowed to read.","","needs_translation","Direct en_US vs ms_MY gap"
"lang\ms_MY\projects.lang","TasksPublicDesc","This view presents all projects and tasks you are allowed to read.","","needs_translation","Direct en_US vs ms_MY gap"
"lang\ms_MY\projects.lang","TasksStatistics","Statistics on tasks of projects or leads","","needs_translation","Direct en_US vs ms_MY gap"
"lang\ms_MY\projects.lang","TasksWithThisUserAsContact","Tasks assigned to this user","","needs_translation","Direct en_US vs ms_MY gap"
"lang\ms_MY\projects.lang","TaskTimeDate","Date","","needs_translation","Direct en_US vs ms_MY gap"
"lang\ms_MY\projects.lang","TaskTimeNote","Note","","needs_translation","Direct en_US vs ms_MY gap"
"lang\ms_MY\projects.lang","TaskTimeSpent","Time spent on tasks","","needs_translation","Direct en_US vs ms_MY gap"
"lang\ms_MY\projects.lang","TaskTimeUser","User","","needs_translation","Direct en_US vs ms_MY gap"
"lang\ms_MY\projects.lang","TheReportedProgressIsLessThanTheCalculatedProgressionByX","The declared real progress is less %s than the progress on consumption","","needs_translation","Direct en_US vs ms_MY gap"
"lang\ms_MY\projects.lang","TheReportedProgressIsMoreThanTheCalculatedProgressionByX","The declared real progress is more %s than the progress on consumption","","needs_translation","Direct en_US vs ms_MY gap"
"lang\ms_MY\projects.lang","ThirdPartyRequiredToGenerateIntervention","A third party must be defined on project to be able to create intervention.","","needs_translation","Direct en_US vs ms_MY gap"
"lang\ms_MY\projects.lang","ThirdPartyRequiredToGenerateInvoice","A third party must be defined on project to be able to invoice it.","","needs_translation","Direct en_US vs ms_MY gap"
"lang\ms_MY\projects.lang","ThisContactHasAUser","Warning, you must assign the associated user of this contact (the user '%s', and not the contact '%s') if you want to give access permission on this object to the respective user contact.","","needs_translation","Direct en_US vs ms_MY gap"
"lang\ms_MY\projects.lang","ThisWillAlsoRemoveTasks","This action will also delete all tasks of project (<b>%s</b> tasks at the moment) and all inputs of time spent.","","needs_translation","Direct en_US vs ms_MY gap"
"lang\ms_MY\projects.lang","Time","Time","","needs_translation","Direct en_US vs ms_MY gap"
"lang\ms_MY\projects.lang","TimeAlreadyRecorded","This is time spent already recorded for this task/day and user %s","","needs_translation","Direct en_US vs ms_MY gap"
"lang\ms_MY\projects.lang","TimeBilled","Time billed","","needs_translation","Direct en_US vs ms_MY gap"
"lang\ms_MY\projects.lang","TimeConsumed","Consumed","","needs_translation","Direct en_US vs ms_MY gap"
"lang\ms_MY\projects.lang","TimeEntry","Time tracking","","needs_translation","Direct en_US vs ms_MY gap"
"lang\ms_MY\projects.lang","TimeRecordingRestrictedToNMonthsBack","Time recording is restricted to %s months back","","needs_translation","Direct en_US vs ms_MY gap"
"lang\ms_MY\projects.lang","TimeSpent","Time spent","","needs_translation","Direct en_US vs ms_MY gap"
"lang\ms_MY\projects.lang","TimeSpentBy","Time spent by","","needs_translation","Direct en_US vs ms_MY gap"
"lang\ms_MY\projects.lang","TimeSpentByUser","Time spent by user","","needs_translation","Direct en_US vs ms_MY gap"
"lang\ms_MY\projects.lang","TimeSpentByYou","Time spent by you","","needs_translation","Direct en_US vs ms_MY gap"
"lang\ms_MY\projects.lang","TimeSpentForIntervention","Time spent","","needs_translation","Direct en_US vs ms_MY gap"
"lang\ms_MY\projects.lang","TimeSpentForInvoice","Time spent","","needs_translation","Direct en_US vs ms_MY gap"
"lang\ms_MY\projects.lang","TimeSpentInvoiced","Time spent billed","","needs_translation","Direct en_US vs ms_MY gap"
"lang\ms_MY\projects.lang","TimeSpentSmall","Time spent","","needs_translation","Direct en_US vs ms_MY gap"
"lang\ms_MY\projects.lang","TimeToBill","Time not billed","","needs_translation","Direct en_US vs ms_MY gap"
"lang\ms_MY\projects.lang","TypeContact_project_external_PROJECTCONTRIBUTOR","Contributor","","needs_translation","Direct en_US vs ms_MY gap"
"lang\ms_MY\projects.lang","TypeContact_project_external_PROJECTLEADER","Project leader","","needs_translation","Direct en_US vs ms_MY gap"
"lang\ms_MY\projects.lang","TypeContact_project_internal_PROJECTCONTRIBUTOR","Contributor","","needs_translation","Direct en_US vs ms_MY gap"
"lang\ms_MY\projects.lang","TypeContact_project_internal_PROJECTLEADER","Project leader","","needs_translation","Direct en_US vs ms_MY gap"
"lang\ms_MY\projects.lang","TypeContact_project_task_external_TASKCONTRIBUTOR","Contributor","","needs_translation","Direct en_US vs ms_MY gap"
"lang\ms_MY\projects.lang","TypeContact_project_task_external_TASKEXECUTIVE","Task executive","","needs_translation","Direct en_US vs ms_MY gap"
"lang\ms_MY\projects.lang","TypeContact_project_task_internal_TASKCONTRIBUTOR","Contributor","","needs_translation","Direct en_US vs ms_MY gap"
"lang\ms_MY\projects.lang","TypeContact_project_task_internal_TASKEXECUTIVE","Task executive","","needs_translation","Direct en_US vs ms_MY gap"
"lang\ms_MY\projects.lang","UpdateUndefinedWithLastHourlyRate","Update the time spent that has no hourly rate defined with the last hourly rate of the user","","needs_translation","Direct en_US vs ms_MY gap"
"lang\ms_MY\projects.lang","UpdateWithLastHourlyRate","Update all recorded time spent of each user with the last hourly rate of the user","","needs_translation","Direct en_US vs ms_MY gap"
"lang\ms_MY\projects.lang","Usage","Usage","","needs_translation","Direct en_US vs ms_MY gap"
"lang\ms_MY\projects.lang","UsageBillTimeShort","Usage: Bill time","","needs_translation","Direct en_US vs ms_MY gap"
"lang\ms_MY\projects.lang","UsageOpportunity","Usage: Opportunity","","needs_translation","Direct en_US vs ms_MY gap"
"lang\ms_MY\projects.lang","UsageOrganizeEvent","Usage: Event Organization","","needs_translation","Direct en_US vs ms_MY gap"
"lang\ms_MY\projects.lang","UsageTasks","Usage: Tasks","","needs_translation","Direct en_US vs ms_MY gap"
"lang\ms_MY\projects.lang","UserIsNotContactOfProject","User is not a contact of this private project","","needs_translation","Direct en_US vs ms_MY gap"
"lang\ms_MY\projects.lang","WhichIamLinkedTo","which I'm linked to","","needs_translation","Direct en_US vs ms_MY gap"
"lang\ms_MY\projects.lang","WhichIamLinkedToProject","which I'm linked to project","","needs_translation","Direct en_US vs ms_MY gap"
"lang\ms_MY\projects.lang","WonLostExcluded","Won/Lost excluded","","needs_translation","Direct en_US vs ms_MY gap"
"lang\ms_MY\projects.lang","WorkloadNotDefined","Workload not defined","","needs_translation","Direct en_US vs ms_MY gap"
"lang\ms_MY\projects.lang","YouAreNotContactOfProject","You are not a contact of this private project","","needs_translation","Direct en_US vs ms_MY gap"
"lang\ms_MY\projects.lang","YouCanCompleteRef","If you want to complete the ref with some suffix, it is recommended to add a - character to separate it, so the automatic numbering will still work correctly for next projects. For example %s-MYSUFFIX","","needs_translation","Direct en_US vs ms_MY gap"
"lang\ms_MY\propal.lang","ActionsOnPropal","Events on proposal","","needs_translation","Direct en_US vs ms_MY gap"
"lang\ms_MY\propal.lang","AddProp","Create proposal","","needs_translation","Direct en_US vs ms_MY gap"
"lang\ms_MY\propal.lang","AddRenewalProp","Create renewal proposal","","needs_translation","Direct en_US vs ms_MY gap"
"lang\ms_MY\propal.lang","AddToDraftProposals","Add to draft proposal","","needs_translation","Direct en_US vs ms_MY gap"
"lang\ms_MY\propal.lang","AfterOrder","after order","","needs_translation","Direct en_US vs ms_MY gap"
"lang\ms_MY\propal.lang","AllPropals","All proposals","","needs_translation","Direct en_US vs ms_MY gap"
"lang\ms_MY\propal.lang","AmountOfProposals","Amount of proposals","","needs_translation","Direct en_US vs ms_MY gap"
"lang\ms_MY\propal.lang","AmountOfProposalsByMonthHT","Amount by month (excl. tax)","","needs_translation","Direct en_US vs ms_MY gap"
"lang\ms_MY\propal.lang","AmountOfProposalsHT","Amount of proposals (excl. tax)","","needs_translation","Direct en_US vs ms_MY gap"
"lang\ms_MY\propal.lang","AvailabilityPeriod","Availability delay","","needs_translation","Direct en_US vs ms_MY gap"
"lang\ms_MY\propal.lang","AvailabilityTypeAV_1M","1 month","","needs_translation","Direct en_US vs ms_MY gap"
"lang\ms_MY\propal.lang","AvailabilityTypeAV_1W","1 week","","needs_translation","Direct en_US vs ms_MY gap"
"lang\ms_MY\propal.lang","AvailabilityTypeAV_2W","2 weeks","","needs_translation","Direct en_US vs ms_MY gap"
"lang\ms_MY\propal.lang","AvailabilityTypeAV_3W","3 weeks","","needs_translation","Direct en_US vs ms_MY gap"
"lang\ms_MY\propal.lang","AvailabilityTypeAV_NOW","Immediate","","needs_translation","Direct en_US vs ms_MY gap"
"lang\ms_MY\propal.lang","CancelPropal","Cancel","","needs_translation","Direct en_US vs ms_MY gap"
"lang\ms_MY\propal.lang","CantBeNoSign","cannot be set not signed","","needs_translation","Direct en_US vs ms_MY gap"
"lang\ms_MY\propal.lang","CaseFollowedBy","Case followed by","","needs_translation","Direct en_US vs ms_MY gap"
"lang\ms_MY\propal.lang","ConfirmCancelPropal","Are you sure you want to cancel commercial proposal <b>%s</b>?","","needs_translation","Direct en_US vs ms_MY gap"
"lang\ms_MY\propal.lang","ConfirmClonePropal","Are you sure you want to clone the commercial proposal <b>%s</b>?","","needs_translation","Direct en_US vs ms_MY gap"
"lang\ms_MY\propal.lang","ConfirmDeleteProp","Are you sure you want to delete this commercial proposal?","","needs_translation","Direct en_US vs ms_MY gap"
"lang\ms_MY\propal.lang","ConfirmMassNoSignature","Bulk Not signed confirmation","","needs_translation","Direct en_US vs ms_MY gap"
"lang\ms_MY\propal.lang","ConfirmMassNoSignatureQuestion","Are you sure you want to set not signed the selected records ?","","needs_translation","Direct en_US vs ms_MY gap"
"lang\ms_MY\propal.lang","ConfirmMassSignature","Bulk Signature confirmation","","needs_translation","Direct en_US vs ms_MY gap"
"lang\ms_MY\propal.lang","ConfirmMassSignatureQuestion","Are you sure you want to sign the selected records ?","","needs_translation","Direct en_US vs ms_MY gap"
"lang\ms_MY\propal.lang","ConfirmMassValidation","Bulk Validate confirmation","","needs_translation","Direct en_US vs ms_MY gap"
"lang\ms_MY\propal.lang","ConfirmMassValidationQuestion","Are you sure you want to validate the selected records ?","","needs_translation","Direct en_US vs ms_MY gap"
"lang\ms_MY\propal.lang","ConfirmRefusePropal","Are you sure you want to refuse this commercial proposal?","","needs_translation","Direct en_US vs ms_MY gap"
"lang\ms_MY\propal.lang","ConfirmReOpenProp","Are you sure you want to open back the commercial proposal <b>%s</b>?","","needs_translation","Direct en_US vs ms_MY gap"
"lang\ms_MY\propal.lang","ConfirmValidateProp","Are you sure you want to validate this commercial proposal under name <b>%s</b>?","","needs_translation","Direct en_US vs ms_MY gap"
"lang\ms_MY\propal.lang","ContractSigned","Contract signed","","needs_translation","Direct en_US vs ms_MY gap"
"lang\ms_MY\propal.lang","CopyPropalFrom","Create commercial proposal by copying existing proposal","","needs_translation","Direct en_US vs ms_MY gap"
"lang\ms_MY\propal.lang","CreateEmptyPropal","Create empty commercial proposal or from list of products/services","","needs_translation","Direct en_US vs ms_MY gap"
"lang\ms_MY\propal.lang","DateEndPropal","Validity ending date","","needs_translation","Direct en_US vs ms_MY gap"
"lang\ms_MY\propal.lang","DatePropal","Date of proposal","","needs_translation","Direct en_US vs ms_MY gap"
"lang\ms_MY\propal.lang","DefaultModelPropalClosed","Default template when closing a business proposal (unbilled)","","needs_translation","Direct en_US vs ms_MY gap"
"lang\ms_MY\propal.lang","DefaultModelPropalCreate","Default model creation","","needs_translation","Direct en_US vs ms_MY gap"
"lang\ms_MY\propal.lang","DefaultModelPropalToBill","Default template when closing a business proposal (to be invoiced)","","needs_translation","Direct en_US vs ms_MY gap"
"lang\ms_MY\propal.lang","DefaultProposalDurationValidity","Default commercial proposal validity duration (in days)","","needs_translation","Direct en_US vs ms_MY gap"
"lang\ms_MY\propal.lang","DefaultPuttingDescUpToDate","By default update descriptions with current known descriptions on cloning a proposal","","needs_translation","Direct en_US vs ms_MY gap"
"lang\ms_MY\propal.lang","DefaultPuttingPricesUpToDate","By default update prices with current known prices on cloning a proposal","","needs_translation","Direct en_US vs ms_MY gap"
"lang\ms_MY\propal.lang","DeleteProp","Delete commercial proposal","","needs_translation","Direct en_US vs ms_MY gap"
"lang\ms_MY\propal.lang","DocModelAzurDescription","A complete proposal model (old implementation of Cyan template)","","needs_translation","Direct en_US vs ms_MY gap"
"lang\ms_MY\propal.lang","DocModelCyanDescription","A complete proposal model","","needs_translation","Direct en_US vs ms_MY gap"
"lang\ms_MY\propal.lang","ErrorPropalNotFound","Propal %s not found","","needs_translation","Direct en_US vs ms_MY gap"
"lang\ms_MY\propal.lang","ExpeditionSigned","Shipment signed","","needs_translation","Direct en_US vs ms_MY gap"
"lang\ms_MY\propal.lang","FichinterSigned","Intervention signed","","needs_translation","Direct en_US vs ms_MY gap"
"lang\ms_MY\propal.lang","IdProduct","Product ID","","needs_translation","Direct en_US vs ms_MY gap"
"lang\ms_MY\propal.lang","IdProposal","Proposal ID","","needs_translation","Direct en_US vs ms_MY gap"
"lang\ms_MY\propal.lang","IsNotADraft","is not a draft","","needs_translation","Direct en_US vs ms_MY gap"
"lang\ms_MY\propal.lang","LastModifiedProposals","Latest %s modified proposals","","needs_translation","Direct en_US vs ms_MY gap"
"lang\ms_MY\propal.lang","LastPropals","Latest %s proposals","","needs_translation","Direct en_US vs ms_MY gap"
"lang\ms_MY\propal.lang","LineBuyPriceHT","Buy Price Amount net of tax for line","","needs_translation","Direct en_US vs ms_MY gap"
"lang\ms_MY\propal.lang","ListOfProposals","List of commercial proposals","","needs_translation","Direct en_US vs ms_MY gap"
"lang\ms_MY\propal.lang","NbOfProposals","Number of commercial proposals","","needs_translation","Direct en_US vs ms_MY gap"
"lang\ms_MY\propal.lang","NewProp","New commercial proposal","","needs_translation","Direct en_US vs ms_MY gap"
"lang\ms_MY\propal.lang","NoDraftProposals","No draft proposals","","needs_translation","Direct en_US vs ms_MY gap"
"lang\ms_MY\propal.lang","NoSign","Refuse","","needs_translation","Direct en_US vs ms_MY gap"
"lang\ms_MY\propal.lang","NoSigned","set not signed","","needs_translation","Direct en_US vs ms_MY gap"
"lang\ms_MY\propal.lang","NumberOfProposals","Number of proposals","","needs_translation","Direct en_US vs ms_MY gap"
"lang\ms_MY\propal.lang","NumberOfProposalsByMonth","Number by month","","needs_translation","Direct en_US vs ms_MY gap"
"lang\ms_MY\propal.lang","OtherProposals","Other proposals","","needs_translation","Direct en_US vs ms_MY gap"
"lang\ms_MY\propal.lang","PassedInOpenStatus","has been validated","","needs_translation","Direct en_US vs ms_MY gap"
"lang\ms_MY\propal.lang","PdfCommercialProposalTitle","Proposal","","needs_translation","Direct en_US vs ms_MY gap"
"lang\ms_MY\propal.lang","PropalAlreadyRefused","Proposal already refused","","needs_translation","Direct en_US vs ms_MY gap"
"lang\ms_MY\propal.lang","PropalAlreadySigned","Proposal already accepted","","needs_translation","Direct en_US vs ms_MY gap"
"lang\ms_MY\propal.lang","PropalRefused","Proposal refused","","needs_translation","Direct en_US vs ms_MY gap"
"lang\ms_MY\propal.lang","PropalsDraft","Drafts","","needs_translation","Direct en_US vs ms_MY gap"
"lang\ms_MY\propal.lang","PropalSigned","Proposal accepted","","needs_translation","Direct en_US vs ms_MY gap"
"lang\ms_MY\propal.lang","PropalsOpened","Open","","needs_translation","Direct en_US vs ms_MY gap"
"lang\ms_MY\propal.lang","PropalStatusBilled","Billed","","needs_translation","Direct en_US vs ms_MY gap"
"lang\ms_MY\propal.lang","PropalStatusBilledShort","Billed","","needs_translation","Direct en_US vs ms_MY gap"
"lang\ms_MY\propal.lang","PropalStatusCanceled","Canceled (Abandoned)","","needs_translation","Direct en_US vs ms_MY gap"
"lang\ms_MY\propal.lang","PropalStatusCanceledShort","Canceled","","needs_translation","Direct en_US vs ms_MY gap"
"lang\ms_MY\propal.lang","PropalStatusClosedShort","Closed","","needs_translation","Direct en_US vs ms_MY gap"
"lang\ms_MY\propal.lang","PropalStatusDraft","Draft (needs to be validated)","","needs_translation","Direct en_US vs ms_MY gap"
"lang\ms_MY\propal.lang","PropalStatusDraftShort","Draft","","needs_translation","Direct en_US vs ms_MY gap"
"lang\ms_MY\propal.lang","PropalStatusNotSigned","Not signed (closed)","","needs_translation","Direct en_US vs ms_MY gap"
"lang\ms_MY\propal.lang","PropalStatusNotSignedShort","Not signed","","needs_translation","Direct en_US vs ms_MY gap"
"lang\ms_MY\propal.lang","PropalStatusSigned","Signed (needs billing)","","needs_translation","Direct en_US vs ms_MY gap"
"lang\ms_MY\propal.lang","PropalStatusSignedShort","Signed","","needs_translation","Direct en_US vs ms_MY gap"
"lang\ms_MY\propal.lang","PropalStatusValidated","Validated (proposal is open)","","needs_translation","Direct en_US vs ms_MY gap"
"lang\ms_MY\propal.lang","PropalStatusValidatedShort","Open","","needs_translation","Direct en_US vs ms_MY gap"
"lang\ms_MY\propal.lang","PropalsToBill","Signed commercial proposals to bill","","needs_translation","Direct en_US vs ms_MY gap"
"lang\ms_MY\propal.lang","PropalsToClose","Commercial proposals to close","","needs_translation","Direct en_US vs ms_MY gap"
"lang\ms_MY\propal.lang","PROPOSAL_SHOW_SHIPPING_ADDRESS","Show shipping address","","needs_translation","Direct en_US vs ms_MY gap"
"lang\ms_MY\propal.lang","PROPOSAL_SHOW_SHIPPING_ADDRESSMore","Compulsory indication in some countries (France, ...)","","needs_translation","Direct en_US vs ms_MY gap"
"lang\ms_MY\propal.lang","ProposalCard","Proposal card","","needs_translation","Direct en_US vs ms_MY gap"
"lang\ms_MY\propal.lang","ProposalCustomerSignature","Written acceptance, company stamp, date and signature","","needs_translation","Direct en_US vs ms_MY gap"
"lang\ms_MY\propal.lang","ProposalLine","Proposal line","","needs_translation","Direct en_US vs ms_MY gap"
"lang\ms_MY\propal.lang","ProposalLines","Proposal lines","","needs_translation","Direct en_US vs ms_MY gap"
"lang\ms_MY\propal.lang","ProposalsAndProposalsLines","Commercial proposal and lines","","needs_translation","Direct en_US vs ms_MY gap"
"lang\ms_MY\propal.lang","ProposalsDraft","Draft commercial proposals","","needs_translation","Direct en_US vs ms_MY gap"
"lang\ms_MY\propal.lang","ProposalShort","Proposal","","needs_translation","Direct en_US vs ms_MY gap"
"lang\ms_MY\propal.lang","ProposalsOpened","Open commercial proposals","","needs_translation","Direct en_US vs ms_MY gap"
"lang\ms_MY\propal.lang","ProposalsStatistics","Commercial proposal's statistics","","needs_translation","Direct en_US vs ms_MY gap"
"lang\ms_MY\propal.lang","ProposalsStatisticsSuppliers","Vendor proposals statistics","","needs_translation","Direct en_US vs ms_MY gap"
"lang\ms_MY\propal.lang","Prospect","Prospect","","needs_translation","Direct en_US vs ms_MY gap"
"lang\ms_MY\propal.lang","RefProposal","Commercial proposal ref","","needs_translation","Direct en_US vs ms_MY gap"
"lang\ms_MY\propal.lang","RefusePropal","Refuse proposal","","needs_translation","Direct en_US vs ms_MY gap"
"lang\ms_MY\propal.lang","SearchAProposal","Search a proposal","","needs_translation","Direct en_US vs ms_MY gap"
"lang\ms_MY\propal.lang","SendPropalByMail","Send commercial proposal by mail","","needs_translation","Direct en_US vs ms_MY gap"
"lang\ms_MY\propal.lang","SetAcceptedRefused","Set accepted/refused","","needs_translation","Direct en_US vs ms_MY gap"
"lang\ms_MY\propal.lang","SetAvailability","Set availability delay","","needs_translation","Direct en_US vs ms_MY gap"
"lang\ms_MY\propal.lang","ShowPropal","Show proposal","","needs_translation","Direct en_US vs ms_MY gap"
"lang\ms_MY\propal.lang","Sign","Sign","","needs_translation","Direct en_US vs ms_MY gap"
"lang\ms_MY\propal.lang","SignContract","Sign contract","","needs_translation","Direct en_US vs ms_MY gap"
"lang\ms_MY\propal.lang","Signed","signed","","needs_translation","Direct en_US vs ms_MY gap"
"lang\ms_MY\propal.lang","SignedOnly","Signed only","","needs_translation","Direct en_US vs ms_MY gap"
"lang\ms_MY\propal.lang","SignExpedition","Sign shipment","","needs_translation","Direct en_US vs ms_MY gap"
"lang\ms_MY\propal.lang","SignFichinter","Sign intervention","","needs_translation","Direct en_US vs ms_MY gap"
"lang\ms_MY\propal.lang","SignPropal","Accept proposal","","needs_translation","Direct en_US vs ms_MY gap"
"lang\ms_MY\propal.lang","SignSociete_rib","Sign mandate","","needs_translation","Direct en_US vs ms_MY gap"
"lang\ms_MY\propal.lang","TypeContact_propal_external_BILLING","Customer invoice contact","","needs_translation","Direct en_US vs ms_MY gap"
"lang\ms_MY\propal.lang","TypeContact_propal_external_CUSTOMER","Customer contact following-up proposal","","needs_translation","Direct en_US vs ms_MY gap"
"lang\ms_MY\propal.lang","TypeContact_propal_external_SHIPPING","Customer contact for delivery","","needs_translation","Direct en_US vs ms_MY gap"
"lang\ms_MY\propal.lang","TypeContact_propal_internal_SALESREPFOLL","Representative following-up proposal","","needs_translation","Direct en_US vs ms_MY gap"
"lang\ms_MY\propal.lang","UseCustomerContactAsPropalRecipientIfExist","Use contact/address with type 'Contact following-up proposal' if defined instead of third party address as proposal recipient address","","needs_translation","Direct en_US vs ms_MY gap"
"lang\ms_MY\propal.lang","ValidateProp","Validate commercial proposal","","needs_translation","Direct en_US vs ms_MY gap"
"lang\ms_MY\propal.lang","ValidityDuration","Validity duration","","needs_translation","Direct en_US vs ms_MY gap"
"lang\ms_MY\receiptprinter.lang","CONNECTOR_CUPS_PRINT","Cups Printer","","needs_translation","Direct en_US vs ms_MY gap"
"lang\ms_MY\receiptprinter.lang","CONNECTOR_CUPS_PRINT_HELP","CUPS printer name, example: HPRT_TP805L","","needs_translation","Direct en_US vs ms_MY gap"
"lang\ms_MY\receiptprinter.lang","CONNECTOR_DUMMY","Dummy Printer","","needs_translation","Direct en_US vs ms_MY gap"
"lang\ms_MY\receiptprinter.lang","CONNECTOR_DUMMY_HELP","Fake Printer for test, does nothing (except writing stream into file dolibarr_printer.txt)","","needs_translation","Direct en_US vs ms_MY gap"
"lang\ms_MY\receiptprinter.lang","CONNECTOR_FILE_PRINT","Local Printer","","needs_translation","Direct en_US vs ms_MY gap"
"lang\ms_MY\receiptprinter.lang","CONNECTOR_FILE_PRINT_HELP","/dev/usb/lp0, /dev/usb/lp1","","needs_translation","Direct en_US vs ms_MY gap"
"lang\ms_MY\receiptprinter.lang","CONNECTOR_NETWORK_PRINT","Network Printer","","needs_translation","Direct en_US vs ms_MY gap"
"lang\ms_MY\receiptprinter.lang","CONNECTOR_NETWORK_PRINT_HELP","10.x.x.x:9100","","needs_translation","Direct en_US vs ms_MY gap"
"lang\ms_MY\receiptprinter.lang","CONNECTOR_WINDOWS_PRINT","Local Windows Printer","","needs_translation","Direct en_US vs ms_MY gap"
"lang\ms_MY\receiptprinter.lang","CONNECTOR_WINDOWS_PRINT_HELP","LPT1, COM1, smb://FooUser:secret@computername/workgroup/RAW/Text Printer","","needs_translation","Direct en_US vs ms_MY gap"
"lang\ms_MY\receiptprinter.lang","DateInvoiceWithTime","Invoice date and time","","needs_translation","Direct en_US vs ms_MY gap"
"lang\ms_MY\receiptprinter.lang","DOL_ACTIVATE_BUZZER","Activate buzzer","","needs_translation","Direct en_US vs ms_MY gap"
"lang\ms_MY\receiptprinter.lang","DOL_ALIGN_CENTER","Center text","","needs_translation","Direct en_US vs ms_MY gap"
"lang\ms_MY\receiptprinter.lang","DOL_ALIGN_LEFT","Left align text","","needs_translation","Direct en_US vs ms_MY gap"
"lang\ms_MY\receiptprinter.lang","DOL_ALIGN_RIGHT","Right align text","","needs_translation","Direct en_US vs ms_MY gap"
"lang\ms_MY\receiptprinter.lang","DOL_BEEP","Beep sound","","needs_translation","Direct en_US vs ms_MY gap"
"lang\ms_MY\receiptprinter.lang","DOL_BEEP_ALTERNATIVE","Beep sound (alternative mode)","","needs_translation","Direct en_US vs ms_MY gap"
"lang\ms_MY\receiptprinter.lang","DOL_BOLD","Bold","","needs_translation","Direct en_US vs ms_MY gap"
"lang\ms_MY\receiptprinter.lang","DOL_BOLD_DISABLED","Disable bold","","needs_translation","Direct en_US vs ms_MY gap"
"lang\ms_MY\receiptprinter.lang","DOL_CUT_PAPER_FULL","Cut ticket completely","","needs_translation","Direct en_US vs ms_MY gap"
"lang\ms_MY\receiptprinter.lang","DOL_CUT_PAPER_PARTIAL","Cut ticket partially","","needs_translation","Direct en_US vs ms_MY gap"
"lang\ms_MY\receiptprinter.lang","DOL_DEFAULT_HEIGHT_WIDTH","Default height and width size","","needs_translation","Direct en_US vs ms_MY gap"
"lang\ms_MY\receiptprinter.lang","DOL_DOUBLE_HEIGHT","Double height size","","needs_translation","Direct en_US vs ms_MY gap"
"lang\ms_MY\receiptprinter.lang","DOL_DOUBLE_WIDTH","Double width size","","needs_translation","Direct en_US vs ms_MY gap"
"lang\ms_MY\receiptprinter.lang","DOL_LINE_FEED","Skip line","","needs_translation","Direct en_US vs ms_MY gap"
"lang\ms_MY\receiptprinter.lang","DOL_LINE_FEED_REVERSE","Line feed reverse","","needs_translation","Direct en_US vs ms_MY gap"
"lang\ms_MY\receiptprinter.lang","DOL_OPEN_DRAWER","Open cash drawer","","needs_translation","Direct en_US vs ms_MY gap"
"lang\ms_MY\receiptprinter.lang","DOL_PRINT_BARCODE","Print barcode","","needs_translation","Direct en_US vs ms_MY gap"
"lang\ms_MY\receiptprinter.lang","DOL_PRINT_BARCODE_CUSTOMER_ID","Print barcode customer id","","needs_translation","Direct en_US vs ms_MY gap"
"lang\ms_MY\receiptprinter.lang","DOL_PRINT_CURR_DATE","Print current date/time","","needs_translation","Direct en_US vs ms_MY gap"
"lang\ms_MY\receiptprinter.lang","DOL_PRINT_LOGO","Print logo of my company","","needs_translation","Direct en_US vs ms_MY gap"
"lang\ms_MY\receiptprinter.lang","DOL_PRINT_LOGO_OLD","Print logo of my company (old printers)","","needs_translation","Direct en_US vs ms_MY gap"
"lang\ms_MY\receiptprinter.lang","DOL_PRINT_OBJECT_LINES","Invoice lines","","needs_translation","Direct en_US vs ms_MY gap"
"lang\ms_MY\receiptprinter.lang","DOL_PRINT_QRCODE","Print QR Code","","needs_translation","Direct en_US vs ms_MY gap"
"lang\ms_MY\receiptprinter.lang","DOL_PRINT_TEXT","Print text","","needs_translation","Direct en_US vs ms_MY gap"
"lang\ms_MY\receiptprinter.lang","DOL_UNDERLINE","Enable underline","","needs_translation","Direct en_US vs ms_MY gap"
"lang\ms_MY\receiptprinter.lang","DOL_UNDERLINE_DISABLED","Disable underline","","needs_translation","Direct en_US vs ms_MY gap"
"lang\ms_MY\receiptprinter.lang","DOL_USE_FONT_A","Use font A of printer","","needs_translation","Direct en_US vs ms_MY gap"
"lang\ms_MY\receiptprinter.lang","DOL_USE_FONT_B","Use font B of printer","","needs_translation","Direct en_US vs ms_MY gap"
"lang\ms_MY\receiptprinter.lang","DOL_USE_FONT_C","Use font C of printer","","needs_translation","Direct en_US vs ms_MY gap"
"lang\ms_MY\receiptprinter.lang","DOL_VALUE_CUSTOMER_ACCOUNT_BALANCE","Customer account balance","","needs_translation","Direct en_US vs ms_MY gap"
"lang\ms_MY\receiptprinter.lang","DOL_VALUE_CUSTOMER_FIRSTNAME","Customer first name","","needs_translation","Direct en_US vs ms_MY gap"
"lang\ms_MY\receiptprinter.lang","DOL_VALUE_CUSTOMER_LASTNAME","Customer last name","","needs_translation","Direct en_US vs ms_MY gap"
"lang\ms_MY\receiptprinter.lang","DOL_VALUE_CUSTOMER_MAIL","Customer mail","","needs_translation","Direct en_US vs ms_MY gap"
"lang\ms_MY\receiptprinter.lang","DOL_VALUE_CUSTOMER_MOBILE","Customer mobile","","needs_translation","Direct en_US vs ms_MY gap"
"lang\ms_MY\receiptprinter.lang","DOL_VALUE_CUSTOMER_PHONE","Customer phone","","needs_translation","Direct en_US vs ms_MY gap"
"lang\ms_MY\receiptprinter.lang","DOL_VALUE_CUSTOMER_POINTS","Customer points","","needs_translation","Direct en_US vs ms_MY gap"
"lang\ms_MY\receiptprinter.lang","DOL_VALUE_CUSTOMER_SKYPE","Customer Skype","","needs_translation","Direct en_US vs ms_MY gap"
"lang\ms_MY\receiptprinter.lang","DOL_VALUE_CUSTOMER_TAX_NUMBER","Customer tax number","","needs_translation","Direct en_US vs ms_MY gap"
"lang\ms_MY\receiptprinter.lang","DOL_VALUE_DAY","Invoice day","","needs_translation","Direct en_US vs ms_MY gap"
"lang\ms_MY\receiptprinter.lang","DOL_VALUE_DAY_LETTERS","Invoice day in letters","","needs_translation","Direct en_US vs ms_MY gap"
"lang\ms_MY\receiptprinter.lang","DOL_VALUE_MONTH","Invoice month","","needs_translation","Direct en_US vs ms_MY gap"
"lang\ms_MY\receiptprinter.lang","DOL_VALUE_MONTH_LETTERS","Invoice month in letters","","needs_translation","Direct en_US vs ms_MY gap"
"lang\ms_MY\receiptprinter.lang","DOL_VALUE_MYSOC_NAME","Your company name","","needs_translation","Direct en_US vs ms_MY gap"
"lang\ms_MY\receiptprinter.lang","DOL_VALUE_OBJECT_POINTS","Object points","","needs_translation","Direct en_US vs ms_MY gap"
"lang\ms_MY\receiptprinter.lang","FromServerPointOfView","From the web server point of view. This printer must be reachable from the web server hosting.","","needs_translation","Direct en_US vs ms_MY gap"
"lang\ms_MY\receiptprinter.lang","InvoiceID","Invoice ID","","needs_translation","Direct en_US vs ms_MY gap"
"lang\ms_MY\receiptprinter.lang","InvoiceRef","Invoice ref","","needs_translation","Direct en_US vs ms_MY gap"
"lang\ms_MY\receiptprinter.lang","ListPrinters","List of Printers","","needs_translation","Direct en_US vs ms_MY gap"
"lang\ms_MY\receiptprinter.lang","PrinterAdded","Printer %s added","","needs_translation","Direct en_US vs ms_MY gap"
"lang\ms_MY\receiptprinter.lang","PrinterDeleted","Printer %s deleted","","needs_translation","Direct en_US vs ms_MY gap"
"lang\ms_MY\receiptprinter.lang","PrinterNameEmpty","Printer name is empty","","needs_translation","Direct en_US vs ms_MY gap"
"lang\ms_MY\receiptprinter.lang","PrinterParameterEmpty","Printer parameters are empty","","needs_translation","Direct en_US vs ms_MY gap"
"lang\ms_MY\receiptprinter.lang","PrinterUpdated","Printer %s updated","","needs_translation","Direct en_US vs ms_MY gap"
"lang\ms_MY\receiptprinter.lang","PROFILE_DEFAULT","Default Profile","","needs_translation","Direct en_US vs ms_MY gap"
"lang\ms_MY\receiptprinter.lang","PROFILE_DEFAULT_HELP","Default Profile suitable for Epson printers","","needs_translation","Direct en_US vs ms_MY gap"
"lang\ms_MY\receiptprinter.lang","PROFILE_EPOSTEP","Epos Tep Profile","","needs_translation","Direct en_US vs ms_MY gap"
"lang\ms_MY\receiptprinter.lang","PROFILE_EPOSTEP_HELP","Epos Tep Profile","","needs_translation","Direct en_US vs ms_MY gap"
"lang\ms_MY\receiptprinter.lang","PROFILE_P822D","P822D Profile","","needs_translation","Direct en_US vs ms_MY gap"
"lang\ms_MY\receiptprinter.lang","PROFILE_P822D_HELP","P822D Profile No Graphics","","needs_translation","Direct en_US vs ms_MY gap"
"lang\ms_MY\receiptprinter.lang","PROFILE_SIMPLE","Simple Profile","","needs_translation","Direct en_US vs ms_MY gap"
"lang\ms_MY\receiptprinter.lang","PROFILE_SIMPLE_HELP","Simple Profile No Graphics","","needs_translation","Direct en_US vs ms_MY gap"
"lang\ms_MY\receiptprinter.lang","PROFILE_STAR","Star Profile","","needs_translation","Direct en_US vs ms_MY gap"
"lang\ms_MY\receiptprinter.lang","PROFILE_STAR_HELP","Star Profile","","needs_translation","Direct en_US vs ms_MY gap"
"lang\ms_MY\receiptprinter.lang","ReceiptPrinter","Receipt printers","","needs_translation","Direct en_US vs ms_MY gap"
"lang\ms_MY\receiptprinter.lang","ReceiptPrinterDesc","Setup of RAW/Text printers","","needs_translation","Direct en_US vs ms_MY gap"
"lang\ms_MY\receiptprinter.lang","ReceiptPrinterProfileDesc","Description of RAW/Text Printer's Profile","","needs_translation","Direct en_US vs ms_MY gap"
"lang\ms_MY\receiptprinter.lang","ReceiptPrinterSetup","Setup of module RAW/Text Printers","","needs_translation","Direct en_US vs ms_MY gap"
"lang\ms_MY\receiptprinter.lang","ReceiptPrinterTemplateDesc","Setup of Templates","","needs_translation","Direct en_US vs ms_MY gap"
"lang\ms_MY\receiptprinter.lang","ReceiptPrinterTypeDesc","Example of possible values for the field ""Parameters"" according to the type of driver","","needs_translation","Direct en_US vs ms_MY gap"
"lang\ms_MY\receiptprinter.lang","SetupReceiptTemplate","Template Setup","","needs_translation","Direct en_US vs ms_MY gap"
"lang\ms_MY\receiptprinter.lang","TestSentToPrinter","Test Sent To Printer %s","","needs_translation","Direct en_US vs ms_MY gap"
"lang\ms_MY\receiptprinter.lang","VendorEmail","Vendor email","","needs_translation","Direct en_US vs ms_MY gap"
"lang\ms_MY\receiptprinter.lang","VendorFirstname","Vendor first name","","needs_translation","Direct en_US vs ms_MY gap"
"lang\ms_MY\receiptprinter.lang","VendorLastname","Vendor last name","","needs_translation","Direct en_US vs ms_MY gap"
"lang\ms_MY\receiptprinter.lang","YearInvoice","Invoice year","","needs_translation","Direct en_US vs ms_MY gap"
"lang\ms_MY\receptions.lang","ActionsOnReception","Events on reception","","needs_translation","Direct en_US vs ms_MY gap"
"lang\ms_MY\receptions.lang","AllReceptions","All Receptions","","needs_translation","Direct en_US vs ms_MY gap"
"lang\ms_MY\receptions.lang","AutoValidationNotPossibleWhenStockIsDecreasedOnInvoiceValidation","Automatic validation is not possible when stock is decreased on invoice validation","","needs_translation","Direct en_US vs ms_MY gap"
"lang\ms_MY\receptions.lang","ConfirmCancelReception","Are you sure you want to cancel this reception?","","needs_translation","Direct en_US vs ms_MY gap"
"lang\ms_MY\receptions.lang","ConfirmDeleteReception","Are you sure you want to delete this reception?","","needs_translation","Direct en_US vs ms_MY gap"
"lang\ms_MY\receptions.lang","ConfirmValidateReception","Are you sure you want to validate this reception with the reference <b>%s</b>?","","needs_translation","Direct en_US vs ms_MY gap"
"lang\ms_MY\receptions.lang","DateReception","Reception date","","needs_translation","Direct en_US vs ms_MY gap"
"lang\ms_MY\receptions.lang","LastReceptions","Latest %s receptions","","needs_translation","Direct en_US vs ms_MY gap"
"lang\ms_MY\receptions.lang","NbOfReceptions","Number of receptions","","needs_translation","Direct en_US vs ms_MY gap"
"lang\ms_MY\receptions.lang","NoMorePredefinedProductToDispatch","No more predefined products to dispatch","","needs_translation","Direct en_US vs ms_MY gap"
"lang\ms_MY\receptions.lang","NumberOfReceptionsByMonth","Number of receptions by month","","needs_translation","Direct en_US vs ms_MY gap"
"lang\ms_MY\receptions.lang","OtherReceptionsForSameOrder","Other receptions for this order","","needs_translation","Direct en_US vs ms_MY gap"
"lang\ms_MY\receptions.lang","ProductQtyInReceptionAlreadySent","Product quantity from open sales order already sent","","needs_translation","Direct en_US vs ms_MY gap"
"lang\ms_MY\receptions.lang","ProductQtyInSuppliersReceptionAlreadyRecevied","Product quantity from open supplier order already received","","needs_translation","Direct en_US vs ms_MY gap"
"lang\ms_MY\receptions.lang","QtyInOtherReceptions","Qty in other receptions","","needs_translation","Direct en_US vs ms_MY gap"
"lang\ms_MY\receptions.lang","ReceptionBackToDraftInDolibarr","Reception %s back to draft","","needs_translation","Direct en_US vs ms_MY gap"
"lang\ms_MY\receptions.lang","ReceptionClassifyClosedInDolibarr","Reception %s classified Closed","","needs_translation","Direct en_US vs ms_MY gap"
"lang\ms_MY\receptions.lang","ReceptionCreationIsDoneFromOrder","For the moment, creation of a new reception is done from the Purchase Order.","","needs_translation","Direct en_US vs ms_MY gap"
"lang\ms_MY\receptions.lang","ReceptionDescription","Vendor reception management (Create reception documents)","","needs_translation","Direct en_US vs ms_MY gap"
"lang\ms_MY\receptions.lang","ReceptionDistribution","Reception distribution","","needs_translation","Direct en_US vs ms_MY gap"
"lang\ms_MY\receptions.lang","ReceptionExist","A reception exists","","needs_translation","Direct en_US vs ms_MY gap"
"lang\ms_MY\receptions.lang","ReceptionLine","Reception line","","needs_translation","Direct en_US vs ms_MY gap"
"lang\ms_MY\receptions.lang","ReceptionMethod","Reception method","","needs_translation","Direct en_US vs ms_MY gap"
"lang\ms_MY\receptions.lang","ReceptionMustBeInTheSameCurrencyThanOther","Reception have to be int the same currency than the other","","needs_translation","Direct en_US vs ms_MY gap"
"lang\ms_MY\receptions.lang","ReceptionsAndReceivingForSameOrder","Receptions and receipts for this order","","needs_translation","Direct en_US vs ms_MY gap"
"lang\ms_MY\receptions.lang","ReceptionsArea","Receptions area","","needs_translation","Direct en_US vs ms_MY gap"
"lang\ms_MY\receptions.lang","ReceptionSentByEMail","Reception sent by email","","needs_translation","Direct en_US vs ms_MY gap"
"lang\ms_MY\receptions.lang","ReceptionSheet","Reception sheet","","needs_translation","Direct en_US vs ms_MY gap"
"lang\ms_MY\receptions.lang","ReceptionsNumberingModules","Numbering module for receptions","","needs_translation","Direct en_US vs ms_MY gap"
"lang\ms_MY\receptions.lang","ReceptionsReceiptModel","Document templates for receptions","","needs_translation","Direct en_US vs ms_MY gap"
"lang\ms_MY\receptions.lang","ReceptionsRecorded","Receptions recorded","","needs_translation","Direct en_US vs ms_MY gap"
"lang\ms_MY\receptions.lang","ReceptionsSetup","Vendor Reception setup","","needs_translation","Direct en_US vs ms_MY gap"
"lang\ms_MY\receptions.lang","ReceptionsToValidate","Receptions to validate","","needs_translation","Direct en_US vs ms_MY gap"
"lang\ms_MY\receptions.lang","ReceptionUnClassifyCloseddInDolibarr","Reception %s re-open","","needs_translation","Direct en_US vs ms_MY gap"
"lang\ms_MY\receptions.lang","ReceptionUpdated","Reception successfully updated","","needs_translation","Direct en_US vs ms_MY gap"
"lang\ms_MY\receptions.lang","RefReception","Ref. reception","","needs_translation","Direct en_US vs ms_MY gap"
"lang\ms_MY\receptions.lang","RestoreWithCurrentQtySaved","Fill quantities with latest saved values","","needs_translation","Direct en_US vs ms_MY gap"
"lang\ms_MY\receptions.lang","SendReceptionByEMail","Send reception by email","","needs_translation","Direct en_US vs ms_MY gap"
"lang\ms_MY\receptions.lang","SendReceptionRef","Submission of reception %s","","needs_translation","Direct en_US vs ms_MY gap"
"lang\ms_MY\receptions.lang","SetReceptionDate","Set reception date","","needs_translation","Direct en_US vs ms_MY gap"
"lang\ms_MY\receptions.lang","ShowReception","Show Receptions","","needs_translation","Direct en_US vs ms_MY gap"
"lang\ms_MY\receptions.lang","StatisticsOfReceptions","Statistics for receptions","","needs_translation","Direct en_US vs ms_MY gap"
"lang\ms_MY\receptions.lang","StatsOnReceptionsOnlyValidated","Statistics conducted on validated only receptions. Date used is date of validation of reception (planned delivery date is not always known).","","needs_translation","Direct en_US vs ms_MY gap"
"lang\ms_MY\receptions.lang","StatusReceptionCanceled","Canceled","","needs_translation","Direct en_US vs ms_MY gap"
"lang\ms_MY\receptions.lang","StatusReceptionDraft","Draft","","needs_translation","Direct en_US vs ms_MY gap"
"lang\ms_MY\receptions.lang","StatusReceptionDraftShort","Draft","","needs_translation","Direct en_US vs ms_MY gap"
"lang\ms_MY\receptions.lang","StatusReceptionProcessed","Processed","","needs_translation","Direct en_US vs ms_MY gap"
"lang\ms_MY\receptions.lang","StatusReceptionProcessedShort","Processed","","needs_translation","Direct en_US vs ms_MY gap"
"lang\ms_MY\receptions.lang","StatusReceptionValidated","Validated (products to receive or already received)","","needs_translation","Direct en_US vs ms_MY gap"
"lang\ms_MY\receptions.lang","StatusReceptionValidatedReceived","Validated (products received)","","needs_translation","Direct en_US vs ms_MY gap"
"lang\ms_MY\receptions.lang","StatusReceptionValidatedShort","Validated","","needs_translation","Direct en_US vs ms_MY gap"
"lang\ms_MY\receptions.lang","StatusReceptionValidatedToReceive","Validated (products to receive)","","needs_translation","Direct en_US vs ms_MY gap"
"lang\ms_MY\receptions.lang","ValidateOrderFirstBeforeReception","You must first validate the order before being able to make receptions.","","needs_translation","Direct en_US vs ms_MY gap"
"lang\ms_MY\recruitment.lang","AnswerCandidature","Application answer","","needs_translation","Direct en_US vs ms_MY gap"
"lang\ms_MY\recruitment.lang","ApplyJobCandidature","Apply for this job","","needs_translation","Direct en_US vs ms_MY gap"
"lang\ms_MY\recruitment.lang","ConfirmClose","Confirm cancellation","","needs_translation","Direct en_US vs ms_MY gap"
"lang\ms_MY\recruitment.lang","ConfirmCloseAsk","Are you sure you want to cancel this recruitment candidature","","needs_translation","Direct en_US vs ms_MY gap"
"lang\ms_MY\recruitment.lang","ContactForRecruitment","Contact for recruitment","","needs_translation","Direct en_US vs ms_MY gap"
"lang\ms_MY\recruitment.lang","ContractProposed","Contract proposed","","needs_translation","Direct en_US vs ms_MY gap"
"lang\ms_MY\recruitment.lang","ContractRefused","Contract refused","","needs_translation","Direct en_US vs ms_MY gap"
"lang\ms_MY\recruitment.lang","ContractSigned","Contract signed","","needs_translation","Direct en_US vs ms_MY gap"
"lang\ms_MY\recruitment.lang","DateExpected","Expected date","","needs_translation","Direct en_US vs ms_MY gap"
"lang\ms_MY\recruitment.lang","EmailRecruiter","Email recruiter","","needs_translation","Direct en_US vs ms_MY gap"
"lang\ms_MY\recruitment.lang","EnablePublicRecruitmentPages","Enable public pages of open jobs","","needs_translation","Direct en_US vs ms_MY gap"
"lang\ms_MY\recruitment.lang","ErrorRecruitmmentCandidatureAlreadyExists"," Recruitment candidature already exists with email %s","","needs_translation","Direct en_US vs ms_MY gap"
"lang\ms_MY\recruitment.lang","ExtrafieldsApplication","Complementary attributes (job applications)","","needs_translation","Direct en_US vs ms_MY gap"
"lang\ms_MY\recruitment.lang","ExtrafieldsJobPosition","Complementary attributes (job positions)","","needs_translation","Direct en_US vs ms_MY gap"
"lang\ms_MY\recruitment.lang","FutureManager","Future manager","","needs_translation","Direct en_US vs ms_MY gap"
"lang\ms_MY\recruitment.lang","IfJobIsLocatedAtAPartner","If job is located at a partner place","","needs_translation","Direct en_US vs ms_MY gap"
"lang\ms_MY\recruitment.lang","InterviewToDo","Contacts to follow","","needs_translation","Direct en_US vs ms_MY gap"
"lang\ms_MY\recruitment.lang","JobClosedTextCanceled","The job position is closed.","","needs_translation","Direct en_US vs ms_MY gap"
"lang\ms_MY\recruitment.lang","JobClosedTextCandidateFound","The job position is closed. The position has been filled.","","needs_translation","Direct en_US vs ms_MY gap"
"lang\ms_MY\recruitment.lang","JobLabel","Label of job position","","needs_translation","Direct en_US vs ms_MY gap"
"lang\ms_MY\recruitment.lang","JobOfferToBeFilled","Job position to be filled","","needs_translation","Direct en_US vs ms_MY gap"
"lang\ms_MY\recruitment.lang","JobPositions","Job positions","","needs_translation","Direct en_US vs ms_MY gap"
"lang\ms_MY\recruitment.lang","ListOfCandidatures","List of applications","","needs_translation","Direct en_US vs ms_MY gap"
"lang\ms_MY\recruitment.lang","ListOfPositionsToBeFilled","List of job positions","","needs_translation","Direct en_US vs ms_MY gap"
"lang\ms_MY\recruitment.lang","MakeOffer","Make an offer","","needs_translation","Direct en_US vs ms_MY gap"
"lang\ms_MY\recruitment.lang","ModuleRecruitmentDesc"," Manage and follow recruitment campaigns for new job positions","","needs_translation","Direct en_US vs ms_MY gap"
"lang\ms_MY\recruitment.lang","ModuleRecruitmentName"," Recruitment","","needs_translation","Direct en_US vs ms_MY gap"
"lang\ms_MY\recruitment.lang","NbOfEmployeesExpected","Expected nb of employees","","needs_translation","Direct en_US vs ms_MY gap"
"lang\ms_MY\recruitment.lang","NewCandidature","New application","","needs_translation","Direct en_US vs ms_MY gap"
"lang\ms_MY\recruitment.lang","NewPositionToBeFilled","New job positions","","needs_translation","Direct en_US vs ms_MY gap"
"lang\ms_MY\recruitment.lang","NoOpenJobOffer","No open job offers at the moment","","needs_translation","Direct en_US vs ms_MY gap"
"lang\ms_MY\recruitment.lang","NoPositionOpen","No positions open at the moment","","needs_translation","Direct en_US vs ms_MY gap"
"lang\ms_MY\recruitment.lang","PositionsToBeFilled","Job positions","","needs_translation","Direct en_US vs ms_MY gap"
"lang\ms_MY\recruitment.lang","PositionToBeFilled","Job position","","needs_translation","Direct en_US vs ms_MY gap"
"lang\ms_MY\recruitment.lang","ProposedRemuneration","Proposed salary","","needs_translation","Direct en_US vs ms_MY gap"
"lang\ms_MY\recruitment.lang","PublicInterfaceRecruitmentDesc","Public pages of jobs are public URLs to show and answer to open jobs. There is one different link for each open job, found on each job record.","","needs_translation","Direct en_US vs ms_MY gap"
"lang\ms_MY\recruitment.lang","Recruitment","Recruitment","","needs_translation","Direct en_US vs ms_MY gap"
"lang\ms_MY\recruitment.lang","RecruitmentArea","Recruitement area","","needs_translation","Direct en_US vs ms_MY gap"
"lang\ms_MY\recruitment.lang","RecruitmentCandidature","Application","","needs_translation","Direct en_US vs ms_MY gap"
"lang\ms_MY\recruitment.lang","RecruitmentCandidatures","Applications","","needs_translation","Direct en_US vs ms_MY gap"
"lang\ms_MY\recruitment.lang","RecruitmentCandidatureSaved","Recruitement candidature successfully saved","","needs_translation","Direct en_US vs ms_MY gap"
"lang\ms_MY\recruitment.lang","RecruitmentSetup"," Recruitment setup","","needs_translation","Direct en_US vs ms_MY gap"
"lang\ms_MY\recruitment.lang","RecruitmentSetupPage"," Enter here the setup of main options for the recruitment module","","needs_translation","Direct en_US vs ms_MY gap"
"lang\ms_MY\recruitment.lang","Remuneration","Salary","","needs_translation","Direct en_US vs ms_MY gap"
"lang\ms_MY\recruitment.lang","RequestedRemuneration","Requested salary","","needs_translation","Direct en_US vs ms_MY gap"
"lang\ms_MY\recruitment.lang","ResponsibleOfRecruitement","Responsible of recruitment","","needs_translation","Direct en_US vs ms_MY gap"
"lang\ms_MY\recruitment.lang","ShowPositionToBeFilled","Show Position to be filled","","needs_translation","Direct en_US vs ms_MY gap"
"lang\ms_MY\recruitment.lang","ThisIsInformationOnJobPosition","Information of the job position to be filled","","needs_translation","Direct en_US vs ms_MY gap"
"lang\ms_MY\recruitment.lang","ToUseAGenericEmail","To use a generic email. If not defined, the email of the responsible of recruitment will be used","","needs_translation","Direct en_US vs ms_MY gap"
"lang\ms_MY\recruitment.lang","WeAreRecruiting","We are recruiting. This is a list of open positions to be filled...","","needs_translation","Direct en_US vs ms_MY gap"
"lang\ms_MY\recruitment.lang","WorkPlace","Work place","","needs_translation","Direct en_US vs ms_MY gap"
"lang\ms_MY\recruitment.lang","YourCandidature","Your application","","needs_translation","Direct en_US vs ms_MY gap"
"lang\ms_MY\recruitment.lang","YourCandidatureAnswerMessage","Thanks you for your application.<br>...","","needs_translation","Direct en_US vs ms_MY gap"
"lang\ms_MY\resource.lang","ActionsOnResource","Events about this resource","","needs_translation","Direct en_US vs ms_MY gap"
"lang\ms_MY\resource.lang","AddResource","Create a resource","","needs_translation","Direct en_US vs ms_MY gap"
"lang\ms_MY\resource.lang","AssetNumber","Serial number","","needs_translation","Direct en_US vs ms_MY gap"
"lang\ms_MY\resource.lang","ConfirmDeleteResource","Confirm to delete this resource","","needs_translation","Direct en_US vs ms_MY gap"
"lang\ms_MY\resource.lang","ConfirmDeleteResourceElement","Confirm delete the resource for this element","","needs_translation","Direct en_US vs ms_MY gap"
"lang\ms_MY\resource.lang","DeleteResource","Delete resource","","needs_translation","Direct en_US vs ms_MY gap"
"lang\ms_MY\resource.lang","DictionaryResourceType","Type of resources","","needs_translation","Direct en_US vs ms_MY gap"
"lang\ms_MY\resource.lang","ErrorResourcesAlreadyInUse","Some resources are in use","","needs_translation","Direct en_US vs ms_MY gap"
"lang\ms_MY\resource.lang","ErrorResourceUseInEvent","%s used in %s event","","needs_translation","Direct en_US vs ms_MY gap"
"lang\ms_MY\resource.lang","IdResource","Id resource","","needs_translation","Direct en_US vs ms_MY gap"
"lang\ms_MY\resource.lang","ImportDataset_resource_1","Resources","","needs_translation","Direct en_US vs ms_MY gap"
"lang\ms_MY\resource.lang","MaxUsers","Maximum number of users","","needs_translation","Direct en_US vs ms_MY gap"
"lang\ms_MY\resource.lang","MaxUsersLabel","Maximum users","","needs_translation","Direct en_US vs ms_MY gap"
"lang\ms_MY\resource.lang","MaxUsersResourceDesc","If the resource can be used by several people at once (car, room, ...), you can enter here the maximum number of users allowed to use the resource at the same time (number of seats, places, ...).","","needs_translation","Direct en_US vs ms_MY gap"
"lang\ms_MY\resource.lang","MenuResourceAdd","New resource","","needs_translation","Direct en_US vs ms_MY gap"
"lang\ms_MY\resource.lang","MenuResourceIndex","Resources","","needs_translation","Direct en_US vs ms_MY gap"
"lang\ms_MY\resource.lang","NewResource","New resource","","needs_translation","Direct en_US vs ms_MY gap"
"lang\ms_MY\resource.lang","NoResourceInDatabase","No resource in database.","","needs_translation","Direct en_US vs ms_MY gap"
"lang\ms_MY\resource.lang","NoResourceLinked","No resource linked","","needs_translation","Direct en_US vs ms_MY gap"
"lang\ms_MY\resource.lang","ResourceCard","Resource card","","needs_translation","Direct en_US vs ms_MY gap"
"lang\ms_MY\resource.lang","ResourceCreatedWithSuccess","Resource successfully created","","needs_translation","Direct en_US vs ms_MY gap"
"lang\ms_MY\resource.lang","ResourceElementPage","Element resources","","needs_translation","Direct en_US vs ms_MY gap"
"lang\ms_MY\resource.lang","ResourceFormLabel_description","Resource description","","needs_translation","Direct en_US vs ms_MY gap"
"lang\ms_MY\resource.lang","ResourceFormLabel_ref","Resource name","","needs_translation","Direct en_US vs ms_MY gap"
"lang\ms_MY\resource.lang","ResourceLinkedWithSuccess","Resource linked with success","","needs_translation","Direct en_US vs ms_MY gap"
"lang\ms_MY\resource.lang","ResourcePageIndex","Resources list","","needs_translation","Direct en_US vs ms_MY gap"
"lang\ms_MY\resource.lang","ResourceSingular","Resource","","needs_translation","Direct en_US vs ms_MY gap"
"lang\ms_MY\resource.lang","ResourcesLinkedToElement","Resources linked to element","","needs_translation","Direct en_US vs ms_MY gap"
"lang\ms_MY\resource.lang","ResourceType","Resource type","","needs_translation","Direct en_US vs ms_MY gap"
"lang\ms_MY\resource.lang","ResourceTypeCode","Resource type code","","needs_translation","Direct en_US vs ms_MY gap"
"lang\ms_MY\resource.lang","ResourceTypeID","Resource type ID","","needs_translation","Direct en_US vs ms_MY gap"
"lang\ms_MY\resource.lang","ResourceTypeLabel","Resource type label","","needs_translation","Direct en_US vs ms_MY gap"
"lang\ms_MY\resource.lang","RessourceLineSuccessfullyDeleted","Resource line successfully deleted","","needs_translation","Direct en_US vs ms_MY gap"
"lang\ms_MY\resource.lang","RessourceLineSuccessfullyUpdated","Resource line successfully updated","","needs_translation","Direct en_US vs ms_MY gap"
"lang\ms_MY\resource.lang","RessourceSuccessfullyDeleted","Resource successfully deleted","","needs_translation","Direct en_US vs ms_MY gap"
"lang\ms_MY\resource.lang","SelectResource","Select resource","","needs_translation","Direct en_US vs ms_MY gap"
"lang\ms_MY\resource.lang","ShowResource","Show resource","","needs_translation","Direct en_US vs ms_MY gap"
"lang\ms_MY\salaries.lang","AddSalary","Add salary","","needs_translation","Direct en_US vs ms_MY gap"
"lang\ms_MY\salaries.lang","AddSalaryPayment","Add salary payment","","needs_translation","Direct en_US vs ms_MY gap"
"lang\ms_MY\salaries.lang","AllSalaries","All salaries","","needs_translation","Direct en_US vs ms_MY gap"
"lang\ms_MY\salaries.lang","ConfirmDeleteSalaryPayment","Do you want to delete this salary payment ?","","needs_translation","Direct en_US vs ms_MY gap"
"lang\ms_MY\salaries.lang","CREATE_NEW_SALARY_WITHOUT_AUTO_PAYMENT","By default, leave empty the option ""Automatically create a total payment"" when creating a Salary","","needs_translation","Direct en_US vs ms_MY gap"
"lang\ms_MY\salaries.lang","CurrentMonthShort","Current month","","needs_translation","Direct en_US vs ms_MY gap"
"lang\ms_MY\salaries.lang","CurrentSalary","Current salary","","needs_translation","Direct en_US vs ms_MY gap"
"lang\ms_MY\salaries.lang","CurrentWeekShort","Current week","","needs_translation","Direct en_US vs ms_MY gap"
"lang\ms_MY\salaries.lang","FillEndOfMonth","End of month","","needs_translation","Direct en_US vs ms_MY gap"
"lang\ms_MY\salaries.lang","FillFieldFirst","Fill employee field first","","needs_translation","Direct en_US vs ms_MY gap"
"lang\ms_MY\salaries.lang","LastSalaries","Latest %s salaries","","needs_translation","Direct en_US vs ms_MY gap"
"lang\ms_MY\salaries.lang","MakeTransferRequest","Make transfer request","","needs_translation","Direct en_US vs ms_MY gap"
"lang\ms_MY\salaries.lang","NewSalary","New salary","","needs_translation","Direct en_US vs ms_MY gap"
"lang\ms_MY\salaries.lang","NewSalaryPayment","New salary card","","needs_translation","Direct en_US vs ms_MY gap"
"lang\ms_MY\salaries.lang","OrderWaiting","Pending order","","needs_translation","Direct en_US vs ms_MY gap"
"lang\ms_MY\salaries.lang","PreviousMonthShort","Previous month","","needs_translation","Direct en_US vs ms_MY gap"
"lang\ms_MY\salaries.lang","PreviousWeekShort","Previous week","","needs_translation","Direct en_US vs ms_MY gap"
"lang\ms_MY\salaries.lang","Salaries","Salaries","","needs_translation","Direct en_US vs ms_MY gap"
"lang\ms_MY\salaries.lang","SALARIES_ACCOUNTING_ACCOUNT_CHARGE","Accounting account by default for wage payments","","needs_translation","Direct en_US vs ms_MY gap"
"lang\ms_MY\salaries.lang","SALARIES_ACCOUNTING_ACCOUNT_PAYMENT","Account (from the Chart of Account) used by default for ""users"" on salaries","","needs_translation","Direct en_US vs ms_MY gap"
"lang\ms_MY\salaries.lang","SALARIES_ACCOUNTING_ACCOUNT_PAYMENT_Desc","The dedicated account defined on the user card will be used for Subledger accounting only. This one will be used for General Ledger, but also as the default value of Subledger accounting if no dedicated user accounting account is defined on the user.","","needs_translation","Direct en_US vs ms_MY gap"
"lang\ms_MY\salaries.lang","SalariesAndPayments","Salaries and payments","","needs_translation","Direct en_US vs ms_MY gap"
"lang\ms_MY\salaries.lang","SalariesPayments","Salaries payments","","needs_translation","Direct en_US vs ms_MY gap"
"lang\ms_MY\salaries.lang","SalariesPaymentsOf","Salaries payments of %s","","needs_translation","Direct en_US vs ms_MY gap"
"lang\ms_MY\salaries.lang","SalariesStatistics","Salary statistics","","needs_translation","Direct en_US vs ms_MY gap"
"lang\ms_MY\salaries.lang","Salary","Salary","","needs_translation","Direct en_US vs ms_MY gap"
"lang\ms_MY\salaries.lang","SalaryAmount","Salary amount","","needs_translation","Direct en_US vs ms_MY gap"
"lang\ms_MY\salaries.lang","SalaryID","Salary ID","","needs_translation","Direct en_US vs ms_MY gap"
"lang\ms_MY\salaries.lang","SalaryPayment","Salary payment","","needs_translation","Direct en_US vs ms_MY gap"
"lang\ms_MY\salaries.lang","ShowSalaryPayment","Show salary payment","","needs_translation","Direct en_US vs ms_MY gap"
"lang\ms_MY\salaries.lang","THM","Average hourly rate","","needs_translation","Direct en_US vs ms_MY gap"
"lang\ms_MY\salaries.lang","THMDescription","This value may be used to calculate the cost of time consumed on a project entered by users if module project is used","","needs_translation","Direct en_US vs ms_MY gap"
"lang\ms_MY\salaries.lang","TJM","Average daily rate","","needs_translation","Direct en_US vs ms_MY gap"
"lang\ms_MY\salaries.lang","TJMDescription","This value is currently for information only and is not used for any calculation","","needs_translation","Direct en_US vs ms_MY gap"
"lang\ms_MY\salaries.lang","UpdateAmountWithLastSalary","Set amount of last salary","","needs_translation","Direct en_US vs ms_MY gap"
"lang\ms_MY\salaries.lang","UserPaySlip","Pay Slip","","needs_translation","Direct en_US vs ms_MY gap"
"lang\ms_MY\salaries.lang","VirementOrder","Credit transfer request","","needs_translation","Direct en_US vs ms_MY gap"
"lang\ms_MY\salaries.lang","WithdrawalReceipt","Credit transfer order","","needs_translation","Direct en_US vs ms_MY gap"
"lang\ms_MY\sendings.lang","ActionsOnShipping","Events on shipment","","needs_translation","Direct en_US vs ms_MY gap"
"lang\ms_MY\sendings.lang","AllSendings","All Shipments","","needs_translation","Direct en_US vs ms_MY gap"
"lang\ms_MY\sendings.lang","ClassifyReception","Classify Received","","needs_translation","Direct en_US vs ms_MY gap"
"lang\ms_MY\sendings.lang","CloseShipment","Close shipment","","needs_translation","Direct en_US vs ms_MY gap"
"lang\ms_MY\sendings.lang","ConfirmCancelSending","Are you sure you want to cancel this shipment?","","needs_translation","Direct en_US vs ms_MY gap"
"lang\ms_MY\sendings.lang","ConfirmCloseShipment","Confirm close shipment","","needs_translation","Direct en_US vs ms_MY gap"
"lang\ms_MY\sendings.lang","ConfirmDeleteSending","Are you sure you want to delete this shipment?","","needs_translation","Direct en_US vs ms_MY gap"
"lang\ms_MY\sendings.lang","ConfirmSignShipping","Confirm Sign Shipping","","needs_translation","Direct en_US vs ms_MY gap"
"lang\ms_MY\sendings.lang","ConfirmUnsignShipping","Confirm Unsign Shipping","","needs_translation","Direct en_US vs ms_MY gap"
"lang\ms_MY\sendings.lang","ConfirmValidateSending","Are you sure you want to validate this shipment with the reference <b>%s</b>?","","needs_translation","Direct en_US vs ms_MY gap"
"lang\ms_MY\sendings.lang","CreateDeliveryOrder","Generate delivery receipt","","needs_translation","Direct en_US vs ms_MY gap"
"lang\ms_MY\sendings.lang","CreateInvoiceForThisCustomerFromSendings","Create Bills","","needs_translation","Direct en_US vs ms_MY gap"
"lang\ms_MY\sendings.lang","CreateShipment","Create shipment","","needs_translation","Direct en_US vs ms_MY gap"
"lang\ms_MY\sendings.lang","CreateSimpleShipment","However, your Dolibarr administrator can enable the creation of a simple Shipment from Shipments module setup page.","","needs_translation","Direct en_US vs ms_MY gap"
"lang\ms_MY\sendings.lang","CreationOptions","Available options during shipment creation","","needs_translation","Direct en_US vs ms_MY gap"
"lang\ms_MY\sendings.lang","DateDeliveryPlanned","Planned date of delivery","","needs_translation","Direct en_US vs ms_MY gap"
"lang\ms_MY\sendings.lang","DateReceived","Date delivery received","","needs_translation","Direct en_US vs ms_MY gap"
"lang\ms_MY\sendings.lang","DateShipping","Sending date","","needs_translation","Direct en_US vs ms_MY gap"
"lang\ms_MY\sendings.lang","DeleteDeliveryReceipt","Delete delivery receipt","","needs_translation","Direct en_US vs ms_MY gap"
"lang\ms_MY\sendings.lang","DeleteDeliveryReceiptConfirm","Are you sure you want to delete delivery receipt <b>%s</b>?","","needs_translation","Direct en_US vs ms_MY gap"
"lang\ms_MY\sendings.lang","Deliverer","Deliverer:","","needs_translation","Direct en_US vs ms_MY gap"
"lang\ms_MY\sendings.lang","Delivery","Delivery","","needs_translation","Direct en_US vs ms_MY gap"
"lang\ms_MY\sendings.lang","DeliveryCard","Delivery receipt","","needs_translation","Direct en_US vs ms_MY gap"
"lang\ms_MY\sendings.lang","DeliveryDate","Delivery date","","needs_translation","Direct en_US vs ms_MY gap"
"lang\ms_MY\sendings.lang","DeliveryMethod","Delivery method","","needs_translation","Direct en_US vs ms_MY gap"
"lang\ms_MY\sendings.lang","DeliveryNotValidated","Delivery not validated","","needs_translation","Direct en_US vs ms_MY gap"
"lang\ms_MY\sendings.lang","DeliveryOrder","Delivery receipt","","needs_translation","Direct en_US vs ms_MY gap"
"lang\ms_MY\sendings.lang","DeliveryRef","Ref Delivery","","needs_translation","Direct en_US vs ms_MY gap"
"lang\ms_MY\sendings.lang","DeliveryStateSaved","Delivery state saved","","needs_translation","Direct en_US vs ms_MY gap"
"lang\ms_MY\sendings.lang","DetailChildrenFormat","%s : %s (Qty: %s)","","needs_translation","Direct en_US vs ms_MY gap"
"lang\ms_MY\sendings.lang","DetailWarehouseFormat"," W:%s (Qty: %d)","","needs_translation","Direct en_US vs ms_MY gap"
"lang\ms_MY\sendings.lang","DetailWarehouseNumber"," Warehouse details","","needs_translation","Direct en_US vs ms_MY gap"
"lang\ms_MY\sendings.lang","DocumentModelMerou","Merou A5 model","","needs_translation","Direct en_US vs ms_MY gap"
"lang\ms_MY\sendings.lang","DocumentModelStorm","More complete document model for delivery receipts and extrafields compatibility (logo...)","","needs_translation","Direct en_US vs ms_MY gap"
"lang\ms_MY\sendings.lang","DocumentModelTyphon","More complete document model for delivery receipts (logo...)","","needs_translation","Direct en_US vs ms_MY gap"
"lang\ms_MY\sendings.lang","Error_EXPEDITION_ADDON_NUMBER_NotDefined","Constant EXPEDITION_ADDON_NUMBER not defined","","needs_translation","Direct en_US vs ms_MY gap"
"lang\ms_MY\sendings.lang","ErrorNoCombinationBatchcode","Could not save the line %s as the combination of warehouse-product-lot/serial (%s, %s, %s) was not found in stock.","","needs_translation","Direct en_US vs ms_MY gap"
"lang\ms_MY\sendings.lang","ErrorStockIsNotEnough","There's not enough stock","","needs_translation","Direct en_US vs ms_MY gap"
"lang\ms_MY\sendings.lang","ErrorTooManyCombinationBatchcode","No dispatch for line %s as too many combinations of warehouse, product, batch code was found (%s).","","needs_translation","Direct en_US vs ms_MY gap"
"lang\ms_MY\sendings.lang","ErrorTooMuchShipped","Quantity shipped should not be greater than quantity ordered for line %s","","needs_translation","Direct en_US vs ms_MY gap"
"lang\ms_MY\sendings.lang","GoodStatusDeclaration","Have received the goods above in good condition,","","needs_translation","Direct en_US vs ms_MY gap"
"lang\ms_MY\sendings.lang","IfValidateInvoiceIsNoSendingStayUnbilled","If invoice validation is 'No', the sending will remain to status 'Unbilled' until the invoice is validated.","","needs_translation","Direct en_US vs ms_MY gap"
"lang\ms_MY\sendings.lang","KeepToShip","Remain to ship","","needs_translation","Direct en_US vs ms_MY gap"
"lang\ms_MY\sendings.lang","KeepToShipShort","Remain","","needs_translation","Direct en_US vs ms_MY gap"
"lang\ms_MY\sendings.lang","LastSendings","Latest %s shipments","","needs_translation","Direct en_US vs ms_MY gap"
"lang\ms_MY\sendings.lang","LinkToTrackYourPackage","Link to track your package","","needs_translation","Direct en_US vs ms_MY gap"
"lang\ms_MY\sendings.lang","NameAndSignature","Name and Signature:","","needs_translation","Direct en_US vs ms_MY gap"
"lang\ms_MY\sendings.lang","NbOfSendings","Number of shipments","","needs_translation","Direct en_US vs ms_MY gap"
"lang\ms_MY\sendings.lang","NewSending","New shipment","","needs_translation","Direct en_US vs ms_MY gap"
"lang\ms_MY\sendings.lang","NoLineGoOnTabToAddSome","No line, go on tab ""%s"" to add","","needs_translation","Direct en_US vs ms_MY gap"
"lang\ms_MY\sendings.lang","NonExistentOrder","Nonexistent order","","needs_translation","Direct en_US vs ms_MY gap"
"lang\ms_MY\sendings.lang","NonShippable","Not Shippable","","needs_translation","Direct en_US vs ms_MY gap"
"lang\ms_MY\sendings.lang","NoProductToShipFoundIntoStock","No product to ship found in warehouse <b>%s</b>. Correct stock or go back to choose another warehouse.","","needs_translation","Direct en_US vs ms_MY gap"
"lang\ms_MY\sendings.lang","NoWarehouseInBase","No warehouse in base","","needs_translation","Direct en_US vs ms_MY gap"
"lang\ms_MY\sendings.lang","NumberOfShipmentsByMonth","Number of shipments by month","","needs_translation","Direct en_US vs ms_MY gap"
"lang\ms_MY\sendings.lang","OptionToSetSendingBilledNotEnabled","Option from module Workflow, to set sending to 'Billed' automatically when invoice is validated, is not enabled, so you will have to set the status of sendings to 'Billed' manually after the invoice has been generated.","","needs_translation","Direct en_US vs ms_MY gap"
"lang\ms_MY\sendings.lang","OtherSendingsForSameOrder","Other shipments for this order","","needs_translation","Direct en_US vs ms_MY gap"
"lang\ms_MY\sendings.lang","ProductQtyInCustomersOrdersRunning","Product quantity from open sales orders","","needs_translation","Direct en_US vs ms_MY gap"
"lang\ms_MY\sendings.lang","ProductQtyInShipmentAlreadySent","Product quantity from open sales order already sent","","needs_translation","Direct en_US vs ms_MY gap"
"lang\ms_MY\sendings.lang","ProductQtyInSuppliersOrdersRunning","Product quantity from open purchase orders","","needs_translation","Direct en_US vs ms_MY gap"
"lang\ms_MY\sendings.lang","ProductQtyInSuppliersShipmentAlreadyRecevied","Product quantity from open purchase orders already received","","needs_translation","Direct en_US vs ms_MY gap"
"lang\ms_MY\sendings.lang","QtyInOtherShipments","Qty in other shipments","","needs_translation","Direct en_US vs ms_MY gap"
"lang\ms_MY\sendings.lang","QtyPreparedOrShipped","Qty prepared or shipped","","needs_translation","Direct en_US vs ms_MY gap"
"lang\ms_MY\sendings.lang","QtyReceived","Qty received","","needs_translation","Direct en_US vs ms_MY gap"
"lang\ms_MY\sendings.lang","QtyShipped","Qty shipped","","needs_translation","Direct en_US vs ms_MY gap"
"lang\ms_MY\sendings.lang","QtyShippedShort","Qty ship.","","needs_translation","Direct en_US vs ms_MY gap"
"lang\ms_MY\sendings.lang","QtyToReceive","Qty to receive","","needs_translation","Direct en_US vs ms_MY gap"
"lang\ms_MY\sendings.lang","QtyToShip","Qty to ship","","needs_translation","Direct en_US vs ms_MY gap"
"lang\ms_MY\sendings.lang","Receivings","Delivery Receipts","","needs_translation","Direct en_US vs ms_MY gap"
"lang\ms_MY\sendings.lang","Recipient","Delivery recipient","","needs_translation","Direct en_US vs ms_MY gap"
"lang\ms_MY\sendings.lang","RefDeliveryReceipt","Ref delivery receipt","","needs_translation","Direct en_US vs ms_MY gap"
"lang\ms_MY\sendings.lang","RefSending","Ref. shipment","","needs_translation","Direct en_US vs ms_MY gap"
"lang\ms_MY\sendings.lang","SendDeliveryRef","Submission of delivery %s","","needs_translation","Direct en_US vs ms_MY gap"
"lang\ms_MY\sendings.lang","Sender","Sender","","needs_translation","Direct en_US vs ms_MY gap"
"lang\ms_MY\sendings.lang","Sending","Shipment","","needs_translation","Direct en_US vs ms_MY gap"
"lang\ms_MY\sendings.lang","SendingCard","Shipment","","needs_translation","Direct en_US vs ms_MY gap"
"lang\ms_MY\sendings.lang","SendingMethod","Shipping method","","needs_translation","Direct en_US vs ms_MY gap"
"lang\ms_MY\sendings.lang","Sendings","Shipments","","needs_translation","Direct en_US vs ms_MY gap"
"lang\ms_MY\sendings.lang","SendingsAndReceivingForSameOrder","Shipments and receipts for this order","","needs_translation","Direct en_US vs ms_MY gap"
"lang\ms_MY\sendings.lang","SendingsArea","Shipments area","","needs_translation","Direct en_US vs ms_MY gap"
"lang\ms_MY\sendings.lang","SendingSheet","Shipment sheet","","needs_translation","Direct en_US vs ms_MY gap"
"lang\ms_MY\sendings.lang","SendingsToValidate","Shipments to validate","","needs_translation","Direct en_US vs ms_MY gap"
"lang\ms_MY\sendings.lang","SendShippingByEMail","Send shipment by email","","needs_translation","Direct en_US vs ms_MY gap"
"lang\ms_MY\sendings.lang","SendShippingRef","Submission of shipment %s","","needs_translation","Direct en_US vs ms_MY gap"
"lang\ms_MY\sendings.lang","SetDeliveryDate","Set estimated delivery date","","needs_translation","Direct en_US vs ms_MY gap"
"lang\ms_MY\sendings.lang","SetShippingDate","Set shipping date","","needs_translation","Direct en_US vs ms_MY gap"
"lang\ms_MY\sendings.lang","Shipment","Shipment","","needs_translation","Direct en_US vs ms_MY gap"
"lang\ms_MY\sendings.lang","SHIPMENT_STANDALONE","For the moment, allow the creation of a simple Shipment not yet interconnected with other modules.","","needs_translation","Direct en_US vs ms_MY gap"
"lang\ms_MY\sendings.lang","ShipmentCreationIsDoneFromOrder","For the moment, creation of a new Shipment fully interconnected with other modules is done through the Sales Order module.","","needs_translation","Direct en_US vs ms_MY gap"
"lang\ms_MY\sendings.lang","ShipmentDistribution","Shipment distribution","","needs_translation","Direct en_US vs ms_MY gap"
"lang\ms_MY\sendings.lang","ShipmentIncrementStockOnDelete"," Increase stock on deletion","","needs_translation","Direct en_US vs ms_MY gap"
"lang\ms_MY\sendings.lang","ShipmentLine","Shipment line","","needs_translation","Direct en_US vs ms_MY gap"
"lang\ms_MY\sendings.lang","Shipments","Shipments","","needs_translation","Direct en_US vs ms_MY gap"
"lang\ms_MY\sendings.lang","ShipmentUpdated","Shipment successfully updated","","needs_translation","Direct en_US vs ms_MY gap"
"lang\ms_MY\sendings.lang","Shippable","Shippable","","needs_translation","Direct en_US vs ms_MY gap"
"lang\ms_MY\sendings.lang","SHIPPING_DISPLAY_STOCK_ENTRY_DATE","Display last date of entry in stock during shipment creation for serial number or batch","","needs_translation","Direct en_US vs ms_MY gap"
"lang\ms_MY\sendings.lang","SHIPPING_SELL_EAT_BY_DATE_PRE_SELECT_EARLIEST","Pre-select the batch/serial number with the earliest sell-by/eat-by date when creating a shipment","","needs_translation","Direct en_US vs ms_MY gap"
"lang\ms_MY\sendings.lang","ShowReceiving","Show delivery receipt","","needs_translation","Direct en_US vs ms_MY gap"
"lang\ms_MY\sendings.lang","ShowSending","Show Shipments","","needs_translation","Direct en_US vs ms_MY gap"
"lang\ms_MY\sendings.lang","ShowShippableStatus","Show shippable status","","needs_translation","Direct en_US vs ms_MY gap"
"lang\ms_MY\sendings.lang","SignShipping","Sign Shipping","","needs_translation","Direct en_US vs ms_MY gap"
"lang\ms_MY\sendings.lang","StatisticsOfSendings","Statistics for shipments","","needs_translation","Direct en_US vs ms_MY gap"
"lang\ms_MY\sendings.lang","StatsOnShipmentsOnlyValidated","Statistics are only for validated shipments. Date used is the date of validation of shipment (planned delivery date is not always known)","","needs_translation","Direct en_US vs ms_MY gap"
"lang\ms_MY\sendings.lang","StatusDeliveryCanceled","Canceled","","needs_translation","Direct en_US vs ms_MY gap"
"lang\ms_MY\sendings.lang","StatusDeliveryDraft","Draft","","needs_translation","Direct en_US vs ms_MY gap"
"lang\ms_MY\sendings.lang","StatusDeliveryValidated","Received","","needs_translation","Direct en_US vs ms_MY gap"
"lang\ms_MY\sendings.lang","StatusReceipt","Status delivery receipt","","needs_translation","Direct en_US vs ms_MY gap"
"lang\ms_MY\sendings.lang","StatusSendingCanceled","Canceled","","needs_translation","Direct en_US vs ms_MY gap"
"lang\ms_MY\sendings.lang","StatusSendingCanceledShort","Canceled","","needs_translation","Direct en_US vs ms_MY gap"
"lang\ms_MY\sendings.lang","StatusSendingDraft","Draft","","needs_translation","Direct en_US vs ms_MY gap"
"lang\ms_MY\sendings.lang","StatusSendingDraftShort","Draft","","needs_translation","Direct en_US vs ms_MY gap"
"lang\ms_MY\sendings.lang","StatusSendingProcessed","Processed","","needs_translation","Direct en_US vs ms_MY gap"
"lang\ms_MY\sendings.lang","StatusSendingProcessedShort","Processed","","needs_translation","Direct en_US vs ms_MY gap"
"lang\ms_MY\sendings.lang","StatusSendingValidated","Validated (products to ship or already shipped)","","needs_translation","Direct en_US vs ms_MY gap"
"lang\ms_MY\sendings.lang","StatusSendingValidatedShort","Validated","","needs_translation","Direct en_US vs ms_MY gap"
"lang\ms_MY\sendings.lang","StockQuantitiesAlreadyAllocatedOnPreviousLines"," Stock quantities already allocated on previous lines","","needs_translation","Direct en_US vs ms_MY gap"
"lang\ms_MY\sendings.lang","SumOfProductVolumes","Sum of product volumes","","needs_translation","Direct en_US vs ms_MY gap"
"lang\ms_MY\sendings.lang","SumOfProductWeights","Sum of product weights","","needs_translation","Direct en_US vs ms_MY gap"
"lang\ms_MY\sendings.lang","ToAndDate","To___________________________________ on ____/_____/__________","","needs_translation","Direct en_US vs ms_MY gap"
"lang\ms_MY\sendings.lang","TrackingNumber","Tracking number","","needs_translation","Direct en_US vs ms_MY gap"
"lang\ms_MY\sendings.lang","TypeContact_shipping_external_BILLING","Customer invoice contact","","needs_translation","Direct en_US vs ms_MY gap"
"lang\ms_MY\sendings.lang","TypeContact_shipping_external_CUSTOMER","Customer contact following-up shipping","","needs_translation","Direct en_US vs ms_MY gap"
"lang\ms_MY\sendings.lang","TypeContact_shipping_external_DELIVERY","Customer contact for delivery","","needs_translation","Direct en_US vs ms_MY gap"
"lang\ms_MY\sendings.lang","TypeContact_shipping_external_SHIPPING","Customer contact for shipping","","needs_translation","Direct en_US vs ms_MY gap"
"lang\ms_MY\sendings.lang","TypeContact_shipping_internal_SALESREPFOLL","Representative following-up shipping","","needs_translation","Direct en_US vs ms_MY gap"
"lang\ms_MY\sendings.lang","UnsignShipping","Unsign Shipping","","needs_translation","Direct en_US vs ms_MY gap"
"lang\ms_MY\sendings.lang","ValidateDeliveryReceipt","Validate delivery receipt","","needs_translation","Direct en_US vs ms_MY gap"
"lang\ms_MY\sendings.lang","ValidateDeliveryReceiptConfirm","Are you sure you want to validate this delivery receipt?","","needs_translation","Direct en_US vs ms_MY gap"
"lang\ms_MY\sendings.lang","ValidateOrderFirstBeforeShipment","You must first validate the order before being able to make shipments.","","needs_translation","Direct en_US vs ms_MY gap"
"lang\ms_MY\sendings.lang","WarningNoQtyLeftToSend","Warning, no products waiting to be shipped.","","needs_translation","Direct en_US vs ms_MY gap"
"lang\ms_MY\sendings.lang","WeightVolShort","Weight/Vol.","","needs_translation","Direct en_US vs ms_MY gap"
"lang\ms_MY\sms.lang","AllSms","All SMS campaigns","","needs_translation","Direct en_US vs ms_MY gap"
"lang\ms_MY\sms.lang","ApproveSms","Approve SMS","","needs_translation","Direct en_US vs ms_MY gap"
"lang\ms_MY\sms.lang","ConfirmValidSms","Do you confirm validation of this campaign?","","needs_translation","Direct en_US vs ms_MY gap"
"lang\ms_MY\sms.lang","CreateSms","Create SMS","","needs_translation","Direct en_US vs ms_MY gap"
"lang\ms_MY\sms.lang","DelayBeforeSending","Delay before sending (minutes)","","needs_translation","Direct en_US vs ms_MY gap"
"lang\ms_MY\sms.lang","DeleteASms","Remove a SMS campaign","","needs_translation","Direct en_US vs ms_MY gap"
"lang\ms_MY\sms.lang","DeleteSms","Delete SMS campaign","","needs_translation","Direct en_US vs ms_MY gap"
"lang\ms_MY\sms.lang","DisableStopIfSupported","Disable STOP message (if supported)","","needs_translation","Direct en_US vs ms_MY gap"
"lang\ms_MY\sms.lang","EditSms","Edit SMS","","needs_translation","Direct en_US vs ms_MY gap"
"lang\ms_MY\sms.lang","ErrorSmsRecipientIsEmpty","Number of target is empty","","needs_translation","Direct en_US vs ms_MY gap"
"lang\ms_MY\sms.lang","ListOfSms","List SMS campaigns","","needs_translation","Direct en_US vs ms_MY gap"
"lang\ms_MY\sms.lang","NbOfSms","No. of phone numbers","","needs_translation","Direct en_US vs ms_MY gap"
"lang\ms_MY\sms.lang","NbOfUniqueSms","No. of unique phone numbers","","needs_translation","Direct en_US vs ms_MY gap"
"lang\ms_MY\sms.lang","NewSms","New SMS campaign","","needs_translation","Direct en_US vs ms_MY gap"
"lang\ms_MY\sms.lang","PrepareSms","Prepare SMS","","needs_translation","Direct en_US vs ms_MY gap"
"lang\ms_MY\sms.lang","PreviewSms","Previuw SMS","","needs_translation","Direct en_US vs ms_MY gap"
"lang\ms_MY\sms.lang","ResetSms","New sending","","needs_translation","Direct en_US vs ms_MY gap"
"lang\ms_MY\sms.lang","SendSms","Send SMS","","needs_translation","Direct en_US vs ms_MY gap"
"lang\ms_MY\sms.lang","ShowSms","Show SMS","","needs_translation","Direct en_US vs ms_MY gap"
"lang\ms_MY\sms.lang","Sms","Sms","","needs_translation","Direct en_US vs ms_MY gap"
"lang\ms_MY\sms.lang","SmsCard","SMS Card","","needs_translation","Direct en_US vs ms_MY gap"
"lang\ms_MY\sms.lang","SmsDesc","This page allows you to define global options on SMS features","","needs_translation","Direct en_US vs ms_MY gap"
"lang\ms_MY\sms.lang","SmsFrom","Sender","","needs_translation","Direct en_US vs ms_MY gap"
"lang\ms_MY\sms.lang","SmsInfoCharRemain","No. of remaining characters","","needs_translation","Direct en_US vs ms_MY gap"
"lang\ms_MY\sms.lang","SmsInfoNumero"," (international format i.e.: +33899701761)","","needs_translation","Direct en_US vs ms_MY gap"
"lang\ms_MY\sms.lang","SmsMessage","SMS Message","","needs_translation","Direct en_US vs ms_MY gap"
"lang\ms_MY\sms.lang","SmsNoPossibleRecipientFound","No target available. Check setup of your SMS provider.","","needs_translation","Direct en_US vs ms_MY gap"
"lang\ms_MY\sms.lang","SmsNoPossibleSenderFound","No sender available. Check setup of your SMS provider.","","needs_translation","Direct en_US vs ms_MY gap"
"lang\ms_MY\sms.lang","SmsRecipient","Target","","needs_translation","Direct en_US vs ms_MY gap"
"lang\ms_MY\sms.lang","SmsRecipients","Targets","","needs_translation","Direct en_US vs ms_MY gap"
"lang\ms_MY\sms.lang","SmsResult","Result of SMS sending","","needs_translation","Direct en_US vs ms_MY gap"
"lang\ms_MY\sms.lang","SmsSetup","SMS setup","","needs_translation","Direct en_US vs ms_MY gap"
"lang\ms_MY\sms.lang","SmsStatusApproved","Approved","","needs_translation","Direct en_US vs ms_MY gap"
"lang\ms_MY\sms.lang","SmsStatusDraft","Draft","","needs_translation","Direct en_US vs ms_MY gap"
"lang\ms_MY\sms.lang","SmsStatusError","Error","","needs_translation","Direct en_US vs ms_MY gap"
"lang\ms_MY\sms.lang","SmsStatusNotSent","Not sent","","needs_translation","Direct en_US vs ms_MY gap"
"lang\ms_MY\sms.lang","SmsStatusSent","Sent","","needs_translation","Direct en_US vs ms_MY gap"
"lang\ms_MY\sms.lang","SmsStatusSentCompletely","Sent completely","","needs_translation","Direct en_US vs ms_MY gap"
"lang\ms_MY\sms.lang","SmsStatusSentPartialy","Sent partially","","needs_translation","Direct en_US vs ms_MY gap"
"lang\ms_MY\sms.lang","SmsStatusValidated","Validated","","needs_translation","Direct en_US vs ms_MY gap"
"lang\ms_MY\sms.lang","SmsSuccessfulySent","SMS correctly sent (from %s to %s)","","needs_translation","Direct en_US vs ms_MY gap"
"lang\ms_MY\sms.lang","SmsTargets","Targets","","needs_translation","Direct en_US vs ms_MY gap"
"lang\ms_MY\sms.lang","SmsText","Message","","needs_translation","Direct en_US vs ms_MY gap"
"lang\ms_MY\sms.lang","SmsTitle","Description","","needs_translation","Direct en_US vs ms_MY gap"
"lang\ms_MY\sms.lang","SmsTo","Target","","needs_translation","Direct en_US vs ms_MY gap"
"lang\ms_MY\sms.lang","SmsTopic","Topic of SMS","","needs_translation","Direct en_US vs ms_MY gap"
"lang\ms_MY\sms.lang","TestSms","Test SMS","","needs_translation","Direct en_US vs ms_MY gap"
"lang\ms_MY\sms.lang","ThisIsATestMessage","This is a test message","","needs_translation","Direct en_US vs ms_MY gap"
"lang\ms_MY\sms.lang","ValidSms","Validate SMS","","needs_translation","Direct en_US vs ms_MY gap"
"lang\ms_MY\sms.lang","WarningNoSmsAdded","No new phone number to add to target list","","needs_translation","Direct en_US vs ms_MY gap"
"lang\ms_MY\stocks.lang","AddInventoryProduct","Add product to inventory","","needs_translation","Direct en_US vs ms_MY gap"
"lang\ms_MY\stocks.lang","AddNewProductStockWarehouse","Set new limit for alert and desired optimal stock","","needs_translation","Direct en_US vs ms_MY gap"
"lang\ms_MY\stocks.lang","AddOne","Add one","","needs_translation","Direct en_US vs ms_MY gap"
"lang\ms_MY\stocks.lang","AddProduct","Add","","needs_translation","Direct en_US vs ms_MY gap"
"lang\ms_MY\stocks.lang","AddStockAllProduct","Increase of stocks","","needs_translation","Direct en_US vs ms_MY gap"
"lang\ms_MY\stocks.lang","AddStockAllProductCancel","Cancel increase of stocks","","needs_translation","Direct en_US vs ms_MY gap"
"lang\ms_MY\stocks.lang","AddStockLocationLine","Decrease quantity then click to split the line","","needs_translation","Direct en_US vs ms_MY gap"
"lang\ms_MY\stocks.lang","AddWarehouse","Create warehouse","","needs_translation","Direct en_US vs ms_MY gap"
"lang\ms_MY\stocks.lang","AlertOnly"," Alerts only","","needs_translation","Direct en_US vs ms_MY gap"
"lang\ms_MY\stocks.lang","AllowAddLimitStockByWarehouse","Manage also value for minimum and desired stock per pairing (product-warehouse) in addition to the value for minimum and desired stock per product","","needs_translation","Direct en_US vs ms_MY gap"
"lang\ms_MY\stocks.lang","AllWarehouses","All warehouses","","needs_translation","Direct en_US vs ms_MY gap"
"lang\ms_MY\stocks.lang","AlwaysShowFullArbo","Display the full path of a warehouse (parent warehouses) on the popup of warehouse links (Warning: This may decrease dramatically performances)","","needs_translation","Direct en_US vs ms_MY gap"
"lang\ms_MY\stocks.lang","ApplyPMP","Apply PMP","","needs_translation","Direct en_US vs ms_MY gap"
"lang\ms_MY\stocks.lang","AutofillWithExpected","Fill real quantity with expected quantity","","needs_translation","Direct en_US vs ms_MY gap"
"lang\ms_MY\stocks.lang","AverageUnitPricePMPDesc","The input average unit price paid to get 1 unit of product into the stock","","needs_translation","Direct en_US vs ms_MY gap"
"lang\ms_MY\stocks.lang","AverageUnitPricePMPShort","Weighted average price","","needs_translation","Direct en_US vs ms_MY gap"
"lang\ms_MY\stocks.lang","BatchNotFound","Lot / serial not found for this product","","needs_translation","Direct en_US vs ms_MY gap"
"lang\ms_MY\stocks.lang","BatchStockMouvementAddInGlobal","Batch stock move into global stock (product doesn't use batch anymore)","","needs_translation","Direct en_US vs ms_MY gap"
"lang\ms_MY\stocks.lang","CancelSending","Cancel shipment","","needs_translation","Direct en_US vs ms_MY gap"
"lang\ms_MY\stocks.lang","ChooseFileToImport","Upload file then click on the %s icon to select file as source import file...","","needs_translation","Direct en_US vs ms_MY gap"
"lang\ms_MY\stocks.lang","ClearQtys","Clear all quantities","","needs_translation","Direct en_US vs ms_MY gap"
"lang\ms_MY\stocks.lang","CollapseBatchDetailHelp","You can set batch detail default display in stocks module configuration","","needs_translation","Direct en_US vs ms_MY gap"
"lang\ms_MY\stocks.lang","ColumnNewPMP","New unit PMP","","needs_translation","Direct en_US vs ms_MY gap"
"lang\ms_MY\stocks.lang","ConfirmAddStock","Increase stocks with transfer %s","","needs_translation","Direct en_US vs ms_MY gap"
"lang\ms_MY\stocks.lang","ConfirmAddStockCancel","Cancel increase of stocks with transfer %s","","needs_translation","Direct en_US vs ms_MY gap"
"lang\ms_MY\stocks.lang","ConfirmDeleteBatch","Are you sure you want to delete lot/serial ?","","needs_translation","Direct en_US vs ms_MY gap"
"lang\ms_MY\stocks.lang","ConfirmDeleteWarehouse","Are you sure you want to delete the warehouse <b>%s</b>?","","needs_translation","Direct en_US vs ms_MY gap"
"lang\ms_MY\stocks.lang","ConfirmDestock","Decrease of stocks with transfer %s","","needs_translation","Direct en_US vs ms_MY gap"
"lang\ms_MY\stocks.lang","ConfirmDestockCancel","Cancel decrease of stocks with transfer %s","","needs_translation","Direct en_US vs ms_MY gap"
"lang\ms_MY\stocks.lang","ConfirmFinish","Do you confirm the closing of the inventory ? This will generate all stock movements to update your stock to the real qty you entered into the inventory.","","needs_translation","Direct en_US vs ms_MY gap"
"lang\ms_MY\stocks.lang","ConfirmFlushInventory","Do you confirm this action?","","needs_translation","Direct en_US vs ms_MY gap"
"lang\ms_MY\stocks.lang","ConfirmValidateStockTransfer","Are you sure you want to validate this stocks transfer with the reference <b>%s</b> ?","","needs_translation","Direct en_US vs ms_MY gap"
"lang\ms_MY\stocks.lang","CorrectStock","Correct stock","","needs_translation","Direct en_US vs ms_MY gap"
"lang\ms_MY\stocks.lang","CurentlyUsingPhysicalStock","Physical stock","","needs_translation","Direct en_US vs ms_MY gap"
"lang\ms_MY\stocks.lang","CurentlyUsingVirtualStock","Virtual stock","","needs_translation","Direct en_US vs ms_MY gap"
"lang\ms_MY\stocks.lang","CurentSelectionMode","Current selection mode","","needs_translation","Direct en_US vs ms_MY gap"
"lang\ms_MY\stocks.lang","CurrentPA","Current BP","","needs_translation","Direct en_US vs ms_MY gap"
"lang\ms_MY\stocks.lang","CurrentStock","Current stock","","needs_translation","Direct en_US vs ms_MY gap"
"lang\ms_MY\stocks.lang","DateInventory","Inventory date","","needs_translation","Direct en_US vs ms_MY gap"
"lang\ms_MY\stocks.lang","DateMovement","Date of movement","","needs_translation","Direct en_US vs ms_MY gap"
"lang\ms_MY\stocks.lang","DatePrevueArrivee","Intended date of arrival","","needs_translation","Direct en_US vs ms_MY gap"
"lang\ms_MY\stocks.lang","DatePrevueDepart","Intended date of departure","","needs_translation","Direct en_US vs ms_MY gap"
"lang\ms_MY\stocks.lang","DateReelleArrivee","Real date of arrival","","needs_translation","Direct en_US vs ms_MY gap"
"lang\ms_MY\stocks.lang","DateReelleDepart","Real date of departure","","needs_translation","Direct en_US vs ms_MY gap"
"lang\ms_MY\stocks.lang","DeleteAWarehouse","Delete a warehouse","","needs_translation","Direct en_US vs ms_MY gap"
"lang\ms_MY\stocks.lang","DeleteBatch","Delete lot/serial","","needs_translation","Direct en_US vs ms_MY gap"
"lang\ms_MY\stocks.lang","DeleteSending","Delete shipment","","needs_translation","Direct en_US vs ms_MY gap"
"lang\ms_MY\stocks.lang","DescWareHouse","Description warehouse","","needs_translation","Direct en_US vs ms_MY gap"
"lang\ms_MY\stocks.lang","DesiredStock","Desired Stock","","needs_translation","Direct en_US vs ms_MY gap"
"lang\ms_MY\stocks.lang","DesiredStockDesc","This stock amount will be the value used to fill the stock by replenishment feature.","","needs_translation","Direct en_US vs ms_MY gap"
"lang\ms_MY\stocks.lang","DestockAllProduct","Decrease of stocks","","needs_translation","Direct en_US vs ms_MY gap"
"lang\ms_MY\stocks.lang","DestockAllProductCancel","Cancel decrease of stocks","","needs_translation","Direct en_US vs ms_MY gap"
"lang\ms_MY\stocks.lang","DeStockOnBill","Decrease real stocks on validation of customer invoice/credit note","","needs_translation","Direct en_US vs ms_MY gap"
"lang\ms_MY\stocks.lang","DeStockOnShipment","Decrease real stocks on shipping validation","","needs_translation","Direct en_US vs ms_MY gap"
"lang\ms_MY\stocks.lang","DeStockOnShipmentOnClosing","Decrease real stocks when shipping is set to closed","","needs_translation","Direct en_US vs ms_MY gap"
"lang\ms_MY\stocks.lang","DeStockOnValidateOrder","Decrease real stocks on validation of sales order","","needs_translation","Direct en_US vs ms_MY gap"
"lang\ms_MY\stocks.lang","DisableStockChangeOfSubProduct","Deactivate the stock change for all the subproducts of this Kit during this movement.","","needs_translation","Direct en_US vs ms_MY gap"
"lang\ms_MY\stocks.lang","DispatchVerb","Dispatch","","needs_translation","Direct en_US vs ms_MY gap"
"lang\ms_MY\stocks.lang","EnhancedValue","Value","","needs_translation","Direct en_US vs ms_MY gap"
"lang\ms_MY\stocks.lang","EnhancedValueOfWarehouses","Warehouses value","","needs_translation","Direct en_US vs ms_MY gap"
"lang\ms_MY\stocks.lang","ErrorBarcodeNotFoundForProductWarehouse","Error: barcode not found for product warehouse","","needs_translation","Direct en_US vs ms_MY gap"
"lang\ms_MY\stocks.lang","ErrorCantFindCodeInInventory","Can't find the following code in inventory","","needs_translation","Direct en_US vs ms_MY gap"
"lang\ms_MY\stocks.lang","ErrorCodeScannedIsBothProductAndSerial","Error: code scanned is both product and serial","","needs_translation","Direct en_US vs ms_MY gap"
"lang\ms_MY\stocks.lang","ErrorOnElementsInventory","Operation canceled for the following reason:","","needs_translation","Direct en_US vs ms_MY gap"
"lang\ms_MY\stocks.lang","ErrorSameBatchNumber","Several records for the batch number were found in the inventory sheet. No way to know which one to increase.","","needs_translation","Direct en_US vs ms_MY gap"
"lang\ms_MY\stocks.lang","ErrorWarehouseRefRequired","Warehouse reference name is required","","needs_translation","Direct en_US vs ms_MY gap"
"lang\ms_MY\stocks.lang","ErrorWrongBarcodemode","Unknown Barcode mode","","needs_translation","Direct en_US vs ms_MY gap"
"lang\ms_MY\stocks.lang","EstimatedStockValue","Input stock value","","needs_translation","Direct en_US vs ms_MY gap"
"lang\ms_MY\stocks.lang","EstimatedStockValueSell","Value for sell","","needs_translation","Direct en_US vs ms_MY gap"
"lang\ms_MY\stocks.lang","EstimatedStockValueSellShort","Value for sell","","needs_translation","Direct en_US vs ms_MY gap"
"lang\ms_MY\stocks.lang","EstimatedStockValueShort","Input stock value","","needs_translation","Direct en_US vs ms_MY gap"
"lang\ms_MY\stocks.lang","ExitEditMode","Exit edit mode","","needs_translation","Direct en_US vs ms_MY gap"
"lang\ms_MY\stocks.lang","ExternalWarehouse","External warehouse","","needs_translation","Direct en_US vs ms_MY gap"
"lang\ms_MY\stocks.lang","FlushInventory","Flush inventory","","needs_translation","Direct en_US vs ms_MY gap"
"lang\ms_MY\stocks.lang","ForceTo","Force to","","needs_translation","Direct en_US vs ms_MY gap"
"lang\ms_MY\stocks.lang","ForThisWarehouse","For this warehouse","","needs_translation","Direct en_US vs ms_MY gap"
"lang\ms_MY\stocks.lang","HelpWarehouseStockTransferDestination","If this warehouse is set, only itself and its children will be available as destination warehouse","","needs_translation","Direct en_US vs ms_MY gap"
"lang\ms_MY\stocks.lang","HelpWarehouseStockTransferSource","If this warehouse is set, only itself and its children will be available as source warehouse","","needs_translation","Direct en_US vs ms_MY gap"
"lang\ms_MY\stocks.lang","IdWarehouse","Id warehouse","","needs_translation","Direct en_US vs ms_MY gap"
"lang\ms_MY\stocks.lang","ImportFromCSV","Import CSV list of movement","","needs_translation","Direct en_US vs ms_MY gap"
"lang\ms_MY\stocks.lang","IncludeAlsoDraftOrders","Include also draft orders","","needs_translation","Direct en_US vs ms_MY gap"
"lang\ms_MY\stocks.lang","IncludeEmptyDesiredStock","Include also negative stock with undefined desired stock","","needs_translation","Direct en_US vs ms_MY gap"
"lang\ms_MY\stocks.lang","IncludeProductWithUndefinedAlerts"," Include also negative stock for products with no desired quantity defined, to restore them to 0","","needs_translation","Direct en_US vs ms_MY gap"
"lang\ms_MY\stocks.lang","IncludeSubWarehouse","Include sub-warehouse ?","","needs_translation","Direct en_US vs ms_MY gap"
"lang\ms_MY\stocks.lang","IncludeSubWarehouseExplanation","Check this box if you want to include all sub-warehouses of the associated warehouse in the inventory","","needs_translation","Direct en_US vs ms_MY gap"
"lang\ms_MY\stocks.lang","IndependantSubProductStock","Product stock and subproduct stock are independent","","needs_translation","Direct en_US vs ms_MY gap"
"lang\ms_MY\stocks.lang","InfoTemplateImport","Uploaded file needs to have this format (* are mandatory fields):<br>Source Warehouse* | Target Warehouse* | Product* | Quantity* | Lot/serial number<br>CSV character separator must be ""<b>%s</b>""","","needs_translation","Direct en_US vs ms_MY gap"
"lang\ms_MY\stocks.lang","InternalWarehouse","Internal warehouse","","needs_translation","Direct en_US vs ms_MY gap"
"lang\ms_MY\stocks.lang","INVENTORY_USE_INVENTORY_DATE_FOR_DATE_OF_MVT","Stock movements will have the date of inventory (instead of the date of inventory validation)","","needs_translation","Direct en_US vs ms_MY gap"
"lang\ms_MY\stocks.lang","inventoryChangePMPPermission","Allow to change PMP value for a product","","needs_translation","Direct en_US vs ms_MY gap"
"lang\ms_MY\stocks.lang","InventoryCode","Movement or inventory code","","needs_translation","Direct en_US vs ms_MY gap"
"lang\ms_MY\stocks.lang","InventoryCodeShort","Inv./Mov. code","","needs_translation","Direct en_US vs ms_MY gap"
"lang\ms_MY\stocks.lang","inventoryConfirmCreate","Create","","needs_translation","Direct en_US vs ms_MY gap"
"lang\ms_MY\stocks.lang","inventoryCreate","Create new","","needs_translation","Direct en_US vs ms_MY gap"
"lang\ms_MY\stocks.lang","inventoryCreateDelete","Create/Delete inventory","","needs_translation","Direct en_US vs ms_MY gap"
"lang\ms_MY\stocks.lang","inventoryCreatePermission","Create new inventory","","needs_translation","Direct en_US vs ms_MY gap"
"lang\ms_MY\stocks.lang","InventoryDate","Inventory date","","needs_translation","Direct en_US vs ms_MY gap"
"lang\ms_MY\stocks.lang","inventoryDeleteLine","Delete line","","needs_translation","Direct en_US vs ms_MY gap"
"lang\ms_MY\stocks.lang","inventoryDeletePermission","Delete inventory","","needs_translation","Direct en_US vs ms_MY gap"
"lang\ms_MY\stocks.lang","inventoryDraft","Running","","needs_translation","Direct en_US vs ms_MY gap"
"lang\ms_MY\stocks.lang","inventoryEdit","Edit","","needs_translation","Direct en_US vs ms_MY gap"
"lang\ms_MY\stocks.lang","InventoryEntrepot","Warehouse identity","","needs_translation","Direct en_US vs ms_MY gap"
"lang\ms_MY\stocks.lang","inventoryErrorQtyAdd","Error: one quantity is less than zero","","needs_translation","Direct en_US vs ms_MY gap"
"lang\ms_MY\stocks.lang","InventoryFlushed","Inventory flushed","","needs_translation","Direct en_US vs ms_MY gap"
"lang\ms_MY\stocks.lang","InventoryForASpecificProduct","Inventory for a specific product","","needs_translation","Direct en_US vs ms_MY gap"
"lang\ms_MY\stocks.lang","InventoryForASpecificWarehouse","Inventory for a specific warehouse","","needs_translation","Direct en_US vs ms_MY gap"
"lang\ms_MY\stocks.lang","InventoryId","Inventory id","","needs_translation","Direct en_US vs ms_MY gap"
"lang\ms_MY\stocks.lang","InventoryLine","Inventory line","","needs_translation","Direct en_US vs ms_MY gap"
"lang\ms_MY\stocks.lang","InventoryLineId","Inventory line ID","","needs_translation","Direct en_US vs ms_MY gap"
"lang\ms_MY\stocks.lang","inventoryListEmpty","No inventory in progress","","needs_translation","Direct en_US vs ms_MY gap"
"lang\ms_MY\stocks.lang","inventoryListTitle","Inventories","","needs_translation","Direct en_US vs ms_MY gap"
"lang\ms_MY\stocks.lang","inventoryMvtStock","By inventory","","needs_translation","Direct en_US vs ms_MY gap"
"lang\ms_MY\stocks.lang","inventoryOfWarehouse","Inventory for warehouse: %s","","needs_translation","Direct en_US vs ms_MY gap"
"lang\ms_MY\stocks.lang","inventoryOnDate","Inventory","","needs_translation","Direct en_US vs ms_MY gap"
"lang\ms_MY\stocks.lang","inventoryReadPermission","View inventories","","needs_translation","Direct en_US vs ms_MY gap"
"lang\ms_MY\stocks.lang","InventoryRealQtyHelp","The quantity you found in stock when making the inventory. Set value to 0 to reset qty<br>Keep field empty, or remove line, to keep unchanged","","needs_translation","Direct en_US vs ms_MY gap"
"lang\ms_MY\stocks.lang","InventoryRef","Inventory ref","","needs_translation","Direct en_US vs ms_MY gap"
"lang\ms_MY\stocks.lang","inventorySelectWarehouse","Warehouse choice","","needs_translation","Direct en_US vs ms_MY gap"
"lang\ms_MY\stocks.lang","inventorySetup"," Inventory Setup","","needs_translation","Direct en_US vs ms_MY gap"
"lang\ms_MY\stocks.lang","InventoryStartedShort","Started","","needs_translation","Direct en_US vs ms_MY gap"
"lang\ms_MY\stocks.lang","InventoryStatus","Inventory status","","needs_translation","Direct en_US vs ms_MY gap"
"lang\ms_MY\stocks.lang","inventoryTitle","Inventory","","needs_translation","Direct en_US vs ms_MY gap"
"lang\ms_MY\stocks.lang","inventoryValidate","Validated","","needs_translation","Direct en_US vs ms_MY gap"
"lang\ms_MY\stocks.lang","inventoryValidatePermission","Validate inventory","","needs_translation","Direct en_US vs ms_MY gap"
"lang\ms_MY\stocks.lang","inventoryWarningProductAlreadyExists","This product is already into list","","needs_translation","Direct en_US vs ms_MY gap"
"lang\ms_MY\stocks.lang","inventoryWritePermission","Update inventories","","needs_translation","Direct en_US vs ms_MY gap"
"lang\ms_MY\stocks.lang","IsInPackage","Contained into package","","needs_translation","Direct en_US vs ms_MY gap"
"lang\ms_MY\stocks.lang","LabelMovement","Label movement","","needs_translation","Direct en_US vs ms_MY gap"
"lang\ms_MY\stocks.lang","LabelOfInventoryMovemement","Inventory %s","","needs_translation","Direct en_US vs ms_MY gap"
"lang\ms_MY\stocks.lang","LastMovement","Latest movement","","needs_translation","Direct en_US vs ms_MY gap"
"lang\ms_MY\stocks.lang","LastMovements","Latest movements","","needs_translation","Direct en_US vs ms_MY gap"
"lang\ms_MY\stocks.lang","LastPA","Last BP","","needs_translation","Direct en_US vs ms_MY gap"
"lang\ms_MY\stocks.lang","LatestModifiedWarehouses","Latest %s modified warehouses","","needs_translation","Direct en_US vs ms_MY gap"
"lang\ms_MY\stocks.lang","LatestStockMovements","Latest %s stock movements","","needs_translation","Direct en_US vs ms_MY gap"
"lang\ms_MY\stocks.lang","LeadTimeForWarning","Lead time before alert (in days)","","needs_translation","Direct en_US vs ms_MY gap"
"lang\ms_MY\stocks.lang","LieuWareHouse","Localisation warehouse","","needs_translation","Direct en_US vs ms_MY gap"
"lang\ms_MY\stocks.lang","ListInventory","List","","needs_translation","Direct en_US vs ms_MY gap"
"lang\ms_MY\stocks.lang","ListMouvementStockProject","List of stock movements associated to project","","needs_translation","Direct en_US vs ms_MY gap"
"lang\ms_MY\stocks.lang","Location","Location","","needs_translation","Direct en_US vs ms_MY gap"
"lang\ms_MY\stocks.lang","LocationSummary","Short name of location","","needs_translation","Direct en_US vs ms_MY gap"
"lang\ms_MY\stocks.lang","LotSerial","Lots/Serials","","needs_translation","Direct en_US vs ms_MY gap"
"lang\ms_MY\stocks.lang","LotSerialList","List of lot/serials","","needs_translation","Direct en_US vs ms_MY gap"
"lang\ms_MY\stocks.lang","MainDefaultWarehouse","Default warehouse","","needs_translation","Direct en_US vs ms_MY gap"
"lang\ms_MY\stocks.lang","MainDefaultWarehouseUser","Use a default warehouse for each user","","needs_translation","Direct en_US vs ms_MY gap"
"lang\ms_MY\stocks.lang","MainDefaultWarehouseUserDesc","By activating this option, during creation of a product, the warehouse assigned to the product will be defined on this one. If no warehouse is defined on the user, the default warehouse is defined.","","needs_translation","Direct en_US vs ms_MY gap"
"lang\ms_MY\stocks.lang","MakeMovementsAndClose","Generate movements and close","","needs_translation","Direct en_US vs ms_MY gap"
"lang\ms_MY\stocks.lang","MassMovement","Mass movement","","needs_translation","Direct en_US vs ms_MY gap"
"lang\ms_MY\stocks.lang","MassStockTransferShort","Bulk stock change","","needs_translation","Direct en_US vs ms_MY gap"
"lang\ms_MY\stocks.lang","MenuNewWarehouse","New warehouse","","needs_translation","Direct en_US vs ms_MY gap"
"lang\ms_MY\stocks.lang","MissingStocks","Missing stocks","","needs_translation","Direct en_US vs ms_MY gap"
"lang\ms_MY\stocks.lang","ModuleStockTransferDesc","Advanced management of Stock Transfer, with generation of transfer sheet","","needs_translation","Direct en_US vs ms_MY gap"
"lang\ms_MY\stocks.lang","ModuleStockTransferName","Advanced Stock Transfer","","needs_translation","Direct en_US vs ms_MY gap"
"lang\ms_MY\stocks.lang","MovementCorrectStock","Stock correction for product %s","","needs_translation","Direct en_US vs ms_MY gap"
"lang\ms_MY\stocks.lang","MovementId","Movement ID","","needs_translation","Direct en_US vs ms_MY gap"
"lang\ms_MY\stocks.lang","MovementLabel","Label of movement","","needs_translation","Direct en_US vs ms_MY gap"
"lang\ms_MY\stocks.lang","Movements","Movements","","needs_translation","Direct en_US vs ms_MY gap"
"lang\ms_MY\stocks.lang","MovementsSinceDate","Movements since the date","","needs_translation","Direct en_US vs ms_MY gap"
"lang\ms_MY\stocks.lang","MovementTransferStock","Stock transfer of product %s into another warehouse","","needs_translation","Direct en_US vs ms_MY gap"
"lang\ms_MY\stocks.lang","NbOfProductAfterPeriod","Quantity of product %s in stock after selected period (> %s)","","needs_translation","Direct en_US vs ms_MY gap"
"lang\ms_MY\stocks.lang","NbOfProductBeforePeriod","Quantity of product %s in stock before selected period (< %s)","","needs_translation","Direct en_US vs ms_MY gap"
"lang\ms_MY\stocks.lang","NewInventory","New inventory","","needs_translation","Direct en_US vs ms_MY gap"
"lang\ms_MY\stocks.lang","NewWarehouse","New warehouse / Stock Location","","needs_translation","Direct en_US vs ms_MY gap"
"lang\ms_MY\stocks.lang","NoPendingReceptionOnSupplierOrder","No pending reception due to open purchase order","","needs_translation","Direct en_US vs ms_MY gap"
"lang\ms_MY\stocks.lang","NoPredefinedProductToDispatch","No predefined products for this object. So no dispatching in stock is required.","","needs_translation","Direct en_US vs ms_MY gap"
"lang\ms_MY\stocks.lang","NoStockAction","No stock action","","needs_translation","Direct en_US vs ms_MY gap"
"lang\ms_MY\stocks.lang","NoWarehouseDefinedForTerminal","No warehouse defined for terminal","","needs_translation","Direct en_US vs ms_MY gap"
"lang\ms_MY\stocks.lang","NumberOfDifferentProducts","Number of unique products","","needs_translation","Direct en_US vs ms_MY gap"
"lang\ms_MY\stocks.lang","NumberOfProducts","Total number of products","","needs_translation","Direct en_US vs ms_MY gap"
"lang\ms_MY\stocks.lang","NumberOfUnit","Number of units","","needs_translation","Direct en_US vs ms_MY gap"
"lang\ms_MY\stocks.lang","ObjectNotFound","%s not found","","needs_translation","Direct en_US vs ms_MY gap"
"lang\ms_MY\stocks.lang","OnlyProdsInStock","Do not add product without stock","","needs_translation","Direct en_US vs ms_MY gap"
"lang\ms_MY\stocks.lang","OpenAnyMovement","Open (all movement)","","needs_translation","Direct en_US vs ms_MY gap"
"lang\ms_MY\stocks.lang","OpenInternal","Open (only internal movement)","","needs_translation","Direct en_US vs ms_MY gap"
"lang\ms_MY\stocks.lang","OptionMULTIPRICESIsOn","Option ""several prices per segment"" is on. It means a product has several selling price so value for sell can't be calculated","","needs_translation","Direct en_US vs ms_MY gap"
"lang\ms_MY\stocks.lang","OrderDispatch","Item receipts","","needs_translation","Direct en_US vs ms_MY gap"
"lang\ms_MY\stocks.lang","OrderStatusNotReadyToDispatch","Order has not yet or no more a status that allows dispatching of products in stock warehouses.","","needs_translation","Direct en_US vs ms_MY gap"
"lang\ms_MY\stocks.lang","ParentWarehouse","Parent warehouse","","needs_translation","Direct en_US vs ms_MY gap"
"lang\ms_MY\stocks.lang","PersonalStock","Personal stock %s","","needs_translation","Direct en_US vs ms_MY gap"
"lang\ms_MY\stocks.lang","ProductBarcodeDoesNotExist","Product with barcode does not exist","","needs_translation","Direct en_US vs ms_MY gap"
"lang\ms_MY\stocks.lang","ProductBatchDoesNotExist","Product with batch/serial does not exist","","needs_translation","Direct en_US vs ms_MY gap"
"lang\ms_MY\stocks.lang","ProductDoesNotExist","Product does not exist","","needs_translation","Direct en_US vs ms_MY gap"
"lang\ms_MY\stocks.lang","ProductStockWarehouse","Stock limit for alert and desired optimal stock by product and warehouse","","needs_translation","Direct en_US vs ms_MY gap"
"lang\ms_MY\stocks.lang","ProductStockWarehouseCreated","Stock limit for alert and desired optimal stock correctly created","","needs_translation","Direct en_US vs ms_MY gap"
"lang\ms_MY\stocks.lang","ProductStockWarehouseDeleted","Stock limit for alert and desired optimal stock correctly deleted","","needs_translation","Direct en_US vs ms_MY gap"
"lang\ms_MY\stocks.lang","ProductStockWarehouseUpdated","Stock limit for alert and desired optimal stock correctly updated","","needs_translation","Direct en_US vs ms_MY gap"
"lang\ms_MY\stocks.lang","ProductValuesUsedBecauseNoValuesForThisWarehouse","No value has been defined for this warehouse so we assume it is zero (no need for this product into the warehouse)","","needs_translation","Direct en_US vs ms_MY gap"
"lang\ms_MY\stocks.lang","QtyAtDate","Quantity in stock at date","","needs_translation","Direct en_US vs ms_MY gap"
"lang\ms_MY\stocks.lang","QtyCurrentlyKnownInStock","System estimated quantity you have in stock. As long as the inventory is not closed, this is a realtime value and it may change if you continue to make stock movement during the inventory (not recommended).","","needs_translation","Direct en_US vs ms_MY gap"
"lang\ms_MY\stocks.lang","QtyDispatched","Quantity dispatched","","needs_translation","Direct en_US vs ms_MY gap"
"lang\ms_MY\stocks.lang","QtyDispatchedShort","Qty dispatched","","needs_translation","Direct en_US vs ms_MY gap"
"lang\ms_MY\stocks.lang","QtyInStockWhenInventoryWasValidated","System estimated quantity you had in stock when the inventory was validated (before the stock correction)","","needs_translation","Direct en_US vs ms_MY gap"
"lang\ms_MY\stocks.lang","QtyRegulated","Quantity on stock correction","","needs_translation","Direct en_US vs ms_MY gap"
"lang\ms_MY\stocks.lang","QtyStock","Quantity on stock","","needs_translation","Direct en_US vs ms_MY gap"
"lang\ms_MY\stocks.lang","QtyToDispatchShort","Qty to dispatch","","needs_translation","Direct en_US vs ms_MY gap"
"lang\ms_MY\stocks.lang","qtyToTranferIsNotEnough","You don't have enough stock from your source warehouse and your setup does not allow negative stocks.","","needs_translation","Direct en_US vs ms_MY gap"
"lang\ms_MY\stocks.lang","qtyToTranferLotIsNotEnough","You don't have enough stock, for this lot number, from your source warehouse and your setup does not allow negative stocks (Qty for product '%s' with lot '%s' is %s in warehouse '%s').","","needs_translation","Direct en_US vs ms_MY gap"
"lang\ms_MY\stocks.lang","QtyViewed","Quantity viewed","","needs_translation","Direct en_US vs ms_MY gap"
"lang\ms_MY\stocks.lang","QtyWasAddedToTheScannedBarcode","Success !! The quantity was added to all the requested barcode. You can close the Scanner tool.","","needs_translation","Direct en_US vs ms_MY gap"
"lang\ms_MY\stocks.lang","RealQty","Real Qty","","needs_translation","Direct en_US vs ms_MY gap"
"lang\ms_MY\stocks.lang","RealStockDesc","Physical/real stock is the stock currently in the warehouses.","","needs_translation","Direct en_US vs ms_MY gap"
"lang\ms_MY\stocks.lang","RealStockWillAutomaticallyWhen","The real stock will be modified according to this rule (as defined in the Stock module):","","needs_translation","Direct en_US vs ms_MY gap"
"lang\ms_MY\stocks.lang","RealValue","Real Value","","needs_translation","Direct en_US vs ms_MY gap"
"lang\ms_MY\stocks.lang","ReceiveProducts","Receive items","","needs_translation","Direct en_US vs ms_MY gap"
"lang\ms_MY\stocks.lang","ReceivingForSameOrder","Receipts for this order","","needs_translation","Direct en_US vs ms_MY gap"
"lang\ms_MY\stocks.lang","RecordedQty","Recorded Qty","","needs_translation","Direct en_US vs ms_MY gap"
"lang\ms_MY\stocks.lang","RecordMovement","Record transfer","","needs_translation","Direct en_US vs ms_MY gap"
"lang\ms_MY\stocks.lang","RecordMovements","Record stock movements","","needs_translation","Direct en_US vs ms_MY gap"
"lang\ms_MY\stocks.lang","RegulatedQty","Regulated Qty","","needs_translation","Direct en_US vs ms_MY gap"
"lang\ms_MY\stocks.lang","RegulateStock","Regulate Stock","","needs_translation","Direct en_US vs ms_MY gap"
"lang\ms_MY\stocks.lang","Replenishment","Replenishment","","needs_translation","Direct en_US vs ms_MY gap"
"lang\ms_MY\stocks.lang","ReplenishmentCalculation","Amount to order will be (desired quantity - real stock) instead of (desired quantity - virtual stock)","","needs_translation","Direct en_US vs ms_MY gap"
"lang\ms_MY\stocks.lang","ReplenishmentOrders","Replenishment orders","","needs_translation","Direct en_US vs ms_MY gap"
"lang\ms_MY\stocks.lang","ReplenishmentOrdersDesc","This is a list of all open purchase orders including predefined products. Only open orders with predefined products, so orders that may affect stocks, are visible here.","","needs_translation","Direct en_US vs ms_MY gap"
"lang\ms_MY\stocks.lang","Replenishments","Replenishments","","needs_translation","Direct en_US vs ms_MY gap"
"lang\ms_MY\stocks.lang","ReplenishmentStatusDesc","This is a list of all products with a stock lower than desired stock (or lower than alert value if checkbox ""alert only"" is checked). Using the checkbox, you can create purchase orders to fill the difference.","","needs_translation","Direct en_US vs ms_MY gap"
"lang\ms_MY\stocks.lang","ReplenishmentStatusDescPerWarehouse","If you want a replenishment based on desired quantity defined per warehouse, you must add a filter on the warehouse.","","needs_translation","Direct en_US vs ms_MY gap"
"lang\ms_MY\stocks.lang","ReStockOnBill","Increase real stocks on validation of vendor invoice/credit note","","needs_translation","Direct en_US vs ms_MY gap"
"lang\ms_MY\stocks.lang","ReStockOnDispatchOrder","Increase real stocks on manual dispatching into warehouse, after purchase order receipt of goods","","needs_translation","Direct en_US vs ms_MY gap"
"lang\ms_MY\stocks.lang","ReStockOnValidateOrder","Increase real stocks on purchase order approval","","needs_translation","Direct en_US vs ms_MY gap"
"lang\ms_MY\stocks.lang","ReverseConfirmed","Stock movement has been reversed successfully","","needs_translation","Direct en_US vs ms_MY gap"
"lang\ms_MY\stocks.lang","RevertProductsToStock","Revert products to stock ?","","needs_translation","Direct en_US vs ms_MY gap"
"lang\ms_MY\stocks.lang","RuleForStockAvailability","Rules on stock requirements","","needs_translation","Direct en_US vs ms_MY gap"
"lang\ms_MY\stocks.lang","RuleForStockManagementDecrease","Choose Rule for automatic stock decrease (manual decrease is always possible, even if an automatic decrease rule is activated)","","needs_translation","Direct en_US vs ms_MY gap"
"lang\ms_MY\stocks.lang","RuleForStockManagementIncrease","Choose Rule for automatic stock increase (manual increase is always possible, even if an automatic increase rule is activated)","","needs_translation","Direct en_US vs ms_MY gap"
"lang\ms_MY\stocks.lang","RuleForStockReplenishment","Rule for stocks replenishment","","needs_translation","Direct en_US vs ms_MY gap"
"lang\ms_MY\stocks.lang","RuleForWarehouse","Rule for warehouses","","needs_translation","Direct en_US vs ms_MY gap"
"lang\ms_MY\stocks.lang","SaveQtyFirst","Save the real inventoried quantities first, before asking creation of the stock movement.","","needs_translation","Direct en_US vs ms_MY gap"
"lang\ms_MY\stocks.lang","SelectAStockMovementFileToImport","select a stock movement file to import","","needs_translation","Direct en_US vs ms_MY gap"
"lang\ms_MY\stocks.lang","SelectCategory","Category filter","","needs_translation","Direct en_US vs ms_MY gap"
"lang\ms_MY\stocks.lang","SelectedWarehouse","Select a warehouse","","needs_translation","Direct en_US vs ms_MY gap"
"lang\ms_MY\stocks.lang","SelectFournisseur","Vendor filter","","needs_translation","Direct en_US vs ms_MY gap"
"lang\ms_MY\stocks.lang","SelectProductInAndOutWareHouse","Select a source warehouse (optional), a target warehouse, a product and a quantity then click ""%s"". Once this is done for all required movements, click on ""%s"".","","needs_translation","Direct en_US vs ms_MY gap"
"lang\ms_MY\stocks.lang","SelectProductWithNotNullQty","Select at least one product with a qty not null and a vendor","","needs_translation","Direct en_US vs ms_MY gap"
"lang\ms_MY\stocks.lang","SelectWarehouseForStockDecrease","Choose warehouse to use for stock decrease","","needs_translation","Direct en_US vs ms_MY gap"
"lang\ms_MY\stocks.lang","SelectWarehouseForStockIncrease","Choose warehouse to use for stock increase","","needs_translation","Direct en_US vs ms_MY gap"
"lang\ms_MY\stocks.lang","SellPriceMin","Selling Unit Price","","needs_translation","Direct en_US vs ms_MY gap"
"lang\ms_MY\stocks.lang","ShowAllBatchByDefault","By default, show batch details on product ""stock"" tab","","needs_translation","Direct en_US vs ms_MY gap"
"lang\ms_MY\stocks.lang","ShowWarehouse","Show warehouse","","needs_translation","Direct en_US vs ms_MY gap"
"lang\ms_MY\stocks.lang","StockAtDate","Stocks at date","","needs_translation","Direct en_US vs ms_MY gap"
"lang\ms_MY\stocks.lang","StockAtDateFutureDesc","You can view here the stock (virtual stock) at a given date in the future","","needs_translation","Direct en_US vs ms_MY gap"
"lang\ms_MY\stocks.lang","StockAtDateInFuture","Date in the future","","needs_translation","Direct en_US vs ms_MY gap"
"lang\ms_MY\stocks.lang","StockAtDateInPast","Date in the past","","needs_translation","Direct en_US vs ms_MY gap"
"lang\ms_MY\stocks.lang","StockAtDatePastDesc","You can view here the stock (real stock) at a given date in the past","","needs_translation","Direct en_US vs ms_MY gap"
"lang\ms_MY\stocks.lang","StockChangeDisabled","Stock change disabled","","needs_translation","Direct en_US vs ms_MY gap"
"lang\ms_MY\stocks.lang","StockDecreaseAfterCorrectTransfer","Decrease by correction/transfer","","needs_translation","Direct en_US vs ms_MY gap"
"lang\ms_MY\stocks.lang","StockDiffPhysicTeoric","Explanation for difference between physical and virtual stock","","needs_translation","Direct en_US vs ms_MY gap"
"lang\ms_MY\stocks.lang","StockEntryDate","Date of <br>entry in stock","","needs_translation","Direct en_US vs ms_MY gap"
"lang\ms_MY\stocks.lang","StockIncreaseAfterCorrectTransfer","Increase by correction/transfer","","needs_translation","Direct en_US vs ms_MY gap"
"lang\ms_MY\stocks.lang","StockIsRequiredToChooseWhichLotToUse","An existing stock is required to be able to choose which lot to use","","needs_translation","Direct en_US vs ms_MY gap"
"lang\ms_MY\stocks.lang","StockLimit","Stock limit for alert","","needs_translation","Direct en_US vs ms_MY gap"
"lang\ms_MY\stocks.lang","StockLimitDesc","(empty) means no warning.<br>0 can be used to trigger a warning as soon as the stock is empty.","","needs_translation","Direct en_US vs ms_MY gap"
"lang\ms_MY\stocks.lang","StockLimitShort","Limit for alert","","needs_translation","Direct en_US vs ms_MY gap"
"lang\ms_MY\stocks.lang","StockLowerThanLimit","Stock lower than alert limit (%s)","","needs_translation","Direct en_US vs ms_MY gap"
"lang\ms_MY\stocks.lang","StockMovementForId","Movement ID %d","","needs_translation","Direct en_US vs ms_MY gap"
"lang\ms_MY\stocks.lang","StockMovementNotYetRecorded","Stock movement will not be affected by this step","","needs_translation","Direct en_US vs ms_MY gap"
"lang\ms_MY\stocks.lang","StockMovementRecorded","Stock movements recorded","","needs_translation","Direct en_US vs ms_MY gap"
"lang\ms_MY\stocks.lang","StockMovementWillBeRecorded","Stock movement will be recorded","","needs_translation","Direct en_US vs ms_MY gap"
"lang\ms_MY\stocks.lang","StockMustBeEnoughForInvoice","Stock level must be enough to add product/service to invoice (check is done on current real stock when adding a line into invoice whatever the rule for automatic stock change)","","needs_translation","Direct en_US vs ms_MY gap"
"lang\ms_MY\stocks.lang","StockMustBeEnoughForOrder","Stock level must be enough to add product/service to order (check is done on current real stock when adding a line into order whatever the rule for automatic stock change)","","needs_translation","Direct en_US vs ms_MY gap"
"lang\ms_MY\stocks.lang","StockMustBeEnoughForShipment"," Stock level must be enough to add product/service to shipment (check is done on current real stock when adding a line into shipment whatever the rule for automatic stock change)","","needs_translation","Direct en_US vs ms_MY gap"
"lang\ms_MY\stocks.lang","StockOnReception","Increase real stocks on validation of reception","","needs_translation","Direct en_US vs ms_MY gap"
"lang\ms_MY\stocks.lang","StockOnReceptionOnClosing","Increase real stocks when reception is set to closed","","needs_translation","Direct en_US vs ms_MY gap"
"lang\ms_MY\stocks.lang","StocksArea","Warehouses area","","needs_translation","Direct en_US vs ms_MY gap"
"lang\ms_MY\stocks.lang","StocksByLotSerial","Stocks by lot/serial","","needs_translation","Direct en_US vs ms_MY gap"
"lang\ms_MY\stocks.lang","StockStransferDecremented","Source warehouses decreased","","needs_translation","Direct en_US vs ms_MY gap"
"lang\ms_MY\stocks.lang","StockStransferDecrementedCancel","Decrease of source warehouses canceled","","needs_translation","Direct en_US vs ms_MY gap"
"lang\ms_MY\stocks.lang","StockStransferIncremented","Closed - Stocks transferred","","needs_translation","Direct en_US vs ms_MY gap"
"lang\ms_MY\stocks.lang","StockStransferIncrementedShort","Stocks transferred","","needs_translation","Direct en_US vs ms_MY gap"
"lang\ms_MY\stocks.lang","StockStransferIncrementedShortCancel","Increase of destination warehouses canceled","","needs_translation","Direct en_US vs ms_MY gap"
"lang\ms_MY\stocks.lang","StockSupportServices","Stock management supports Services","","needs_translation","Direct en_US vs ms_MY gap"
"lang\ms_MY\stocks.lang","StockSupportServicesDesc","By default, you can stock only products of type ""product"". You may also stock a product of type ""service"" if both module Services and this option are enabled.","","needs_translation","Direct en_US vs ms_MY gap"
"lang\ms_MY\stocks.lang","StockToBuy","To order","","needs_translation","Direct en_US vs ms_MY gap"
"lang\ms_MY\stocks.lang","StockTooLow","Stock too low","","needs_translation","Direct en_US vs ms_MY gap"
"lang\ms_MY\stocks.lang","StockTransferDecrementation","Decrease source warehouses","","needs_translation","Direct en_US vs ms_MY gap"
"lang\ms_MY\stocks.lang","StockTransferDecrementationCancel","Cancel decrease of source warehouses","","needs_translation","Direct en_US vs ms_MY gap"
"lang\ms_MY\stocks.lang","StockTransferIncrementation","Increase destination warehouses","","needs_translation","Direct en_US vs ms_MY gap"
"lang\ms_MY\stocks.lang","StockTransferIncrementationCancel","Cancel increase of destination warehouses","","needs_translation","Direct en_US vs ms_MY gap"
"lang\ms_MY\stocks.lang","StockTransferList","Stock transfers list","","needs_translation","Direct en_US vs ms_MY gap"
"lang\ms_MY\stocks.lang","StockTransferNew","New stock transfer","","needs_translation","Direct en_US vs ms_MY gap"
"lang\ms_MY\stocks.lang","StockTransferNoBatchForProduct","Product %s doesn't use batch, clear batch on line and retry","","needs_translation","Direct en_US vs ms_MY gap"
"lang\ms_MY\stocks.lang","StockTransferRightCreateUpdate","Create/Update stocks transfers","","needs_translation","Direct en_US vs ms_MY gap"
"lang\ms_MY\stocks.lang","StockTransferRightDelete","Delete stocks transfers","","needs_translation","Direct en_US vs ms_MY gap"
"lang\ms_MY\stocks.lang","StockTransferRightRead","Read stocks transfers","","needs_translation","Direct en_US vs ms_MY gap"
"lang\ms_MY\stocks.lang","StockTransferSetup"," Stocks Transfer module configuration","","needs_translation","Direct en_US vs ms_MY gap"
"lang\ms_MY\stocks.lang","StockTransferSetupPage"," Configuration page for stocks transfer module","","needs_translation","Direct en_US vs ms_MY gap"
"lang\ms_MY\stocks.lang","StockTransferSheet","Stocks transfer sheet","","needs_translation","Direct en_US vs ms_MY gap"
"lang\ms_MY\stocks.lang","StockTransferSheetProforma","Proforma stocks transfer sheet","","needs_translation","Direct en_US vs ms_MY gap"
"lang\ms_MY\stocks.lang","SubjectToLotSerialOnly","Products subject to lot/serial only","","needs_translation","Direct en_US vs ms_MY gap"
"lang\ms_MY\stocks.lang","TheoricalQty","Theoretical qty","","needs_translation","Direct en_US vs ms_MY gap"
"lang\ms_MY\stocks.lang","TheoricalValue","Theoretical qty","","needs_translation","Direct en_US vs ms_MY gap"
"lang\ms_MY\stocks.lang","ThisSerialAlreadyExistWithDifferentDate","This lot/serial number (<strong>%s</strong>) already exists but with different eatby or sellby date (found <strong>%s</strong> but you enter <strong>%s</strong>).","","needs_translation","Direct en_US vs ms_MY gap"
"lang\ms_MY\stocks.lang","ThisWarehouseIsPersonalStock","This warehouse represents personal stock of %s %s","","needs_translation","Direct en_US vs ms_MY gap"
"lang\ms_MY\stocks.lang","ToStart","Start","","needs_translation","Direct en_US vs ms_MY gap"
"lang\ms_MY\stocks.lang","TotalStock","Total stock","","needs_translation","Direct en_US vs ms_MY gap"
"lang\ms_MY\stocks.lang","TypeContact_stocktransfer_internal_STDEST","Recipient of stocks transfer","","needs_translation","Direct en_US vs ms_MY gap"
"lang\ms_MY\stocks.lang","TypeContact_stocktransfer_internal_STFROM","Sender of stocks transfer","","needs_translation","Direct en_US vs ms_MY gap"
"lang\ms_MY\stocks.lang","TypeContact_stocktransfer_internal_STRESP","Responsible of stocks transfer","","needs_translation","Direct en_US vs ms_MY gap"
"lang\ms_MY\stocks.lang","TypeMovement","Direction of movement","","needs_translation","Direct en_US vs ms_MY gap"
"lang\ms_MY\stocks.lang","UnitPurchaseValue","Unit purchase price","","needs_translation","Direct en_US vs ms_MY gap"
"lang\ms_MY\stocks.lang","Units","Units","","needs_translation","Direct en_US vs ms_MY gap"
"lang\ms_MY\stocks.lang","UpdateByScaning","Complete real qty by scanning","","needs_translation","Direct en_US vs ms_MY gap"
"lang\ms_MY\stocks.lang","UpdateByScaningLot","Update by scan (lot|serial barcode)","","needs_translation","Direct en_US vs ms_MY gap"
"lang\ms_MY\stocks.lang","UpdateByScaningProductBarcode","Update by scan (product barcode)","","needs_translation","Direct en_US vs ms_MY gap"
"lang\ms_MY\stocks.lang","UseDispatchStatus","Use a dispatch status (approve/refuse) for product lines on purchase order reception","","needs_translation","Direct en_US vs ms_MY gap"
"lang\ms_MY\stocks.lang","UsePhysicalStock","Use physical stock","","needs_translation","Direct en_US vs ms_MY gap"
"lang\ms_MY\stocks.lang","UserDefaultWarehouse","Set a warehouse on Users","","needs_translation","Direct en_US vs ms_MY gap"
"lang\ms_MY\stocks.lang","UseRealStockByDefault","Use real stock, instead of virtual stock, for replenishment feature","","needs_translation","Direct en_US vs ms_MY gap"
"lang\ms_MY\stocks.lang","UserWarehouseAutoCreate","Create a user warehouse automatically when creating a user","","needs_translation","Direct en_US vs ms_MY gap"
"lang\ms_MY\stocks.lang","UseVirtualStock","Use virtual stock","","needs_translation","Direct en_US vs ms_MY gap"
"lang\ms_MY\stocks.lang","ValidateInventory","Inventory validation","","needs_translation","Direct en_US vs ms_MY gap"
"lang\ms_MY\stocks.lang","ValidateSending","Confirm shipment","","needs_translation","Direct en_US vs ms_MY gap"
"lang\ms_MY\stocks.lang","VirtualDiffersFromPhysical","According to increase/decrease stock options, physical stock and virtual stock (physical stock + open orders) may differ","","needs_translation","Direct en_US vs ms_MY gap"
"lang\ms_MY\stocks.lang","VirtualStockAtDate","Virtual stock at a future date","","needs_translation","Direct en_US vs ms_MY gap"
"lang\ms_MY\stocks.lang","VirtualStockAtDateDesc","Virtual stock once all the pending orders that are planned to be processed before the chosen date will be finished","","needs_translation","Direct en_US vs ms_MY gap"
"lang\ms_MY\stocks.lang","VirtualStockDesc","Virtual stock is the stock that will remain after all open/pending actions (that affect stocks) have been performed (purchase orders received, sales orders shipped, manufacturing orders produced, etc)","","needs_translation","Direct en_US vs ms_MY gap"
"lang\ms_MY\stocks.lang","WarehouseAllowNegativeTransfer","Stock can be negative","","needs_translation","Direct en_US vs ms_MY gap"
"lang\ms_MY\stocks.lang","WarehouseAskWarehouseDuringOrder","Set a warehouse on Sales Orders","","needs_translation","Direct en_US vs ms_MY gap"
"lang\ms_MY\stocks.lang","WarehouseAskWarehouseDuringProject","Set a warehouse on Projects","","needs_translation","Direct en_US vs ms_MY gap"
"lang\ms_MY\stocks.lang","WarehouseAskWarehouseDuringPropal","Set a warehouse on Commercial proposals","","needs_translation","Direct en_US vs ms_MY gap"
"lang\ms_MY\stocks.lang","WarehouseAskWarehouseOnThirparty","Set a warehouse on Third-parties","","needs_translation","Direct en_US vs ms_MY gap"
"lang\ms_MY\stocks.lang","WarehouseCard","Warehouse card","","needs_translation","Direct en_US vs ms_MY gap"
"lang\ms_MY\stocks.lang","WarehouseEdit","Modify warehouse","","needs_translation","Direct en_US vs ms_MY gap"
"lang\ms_MY\stocks.lang","WarehouseForStockDecrease","The warehouse <b>%s</b> will be used for stock decrease","","needs_translation","Direct en_US vs ms_MY gap"
"lang\ms_MY\stocks.lang","WarehouseForStockIncrease","The warehouse <b>%s</b> will be used for stock increase","","needs_translation","Direct en_US vs ms_MY gap"
"lang\ms_MY\stocks.lang","WarehouseId","Warehouse ID","","needs_translation","Direct en_US vs ms_MY gap"
"lang\ms_MY\stocks.lang","WarehouseRef","Warehouse Ref","","needs_translation","Direct en_US vs ms_MY gap"
"lang\ms_MY\stocks.lang","WarehousesAndProducts","Warehouses and products","","needs_translation","Direct en_US vs ms_MY gap"
"lang\ms_MY\stocks.lang","WarehousesAndProductsBatchDetail","Warehouses and products (with detail per lot/serial)","","needs_translation","Direct en_US vs ms_MY gap"
"lang\ms_MY\stocks.lang","WarehouseSource","Source warehouse","","needs_translation","Direct en_US vs ms_MY gap"
"lang\ms_MY\stocks.lang","WarehouseSourceNotDefined","No warehouse defined,","","needs_translation","Direct en_US vs ms_MY gap"
"lang\ms_MY\stocks.lang","WarehouseTarget","Target warehouse","","needs_translation","Direct en_US vs ms_MY gap"
"lang\ms_MY\stocks.lang","WarehouseUsage","Warehouse usage","","needs_translation","Direct en_US vs ms_MY gap"
"lang\ms_MY\stocks.lang","WarningThisWIllAlsoDeleteStock","Warning, this will also destroy all quantities in stock in the warehouse","","needs_translation","Direct en_US vs ms_MY gap"
"lang\ms_MY\stripe.lang","AccountParameter","Account parameters","","needs_translation","Direct en_US vs ms_MY gap"
"lang\ms_MY\stripe.lang","BankAccountForBankTransfer","Bank account for fund payouts","","needs_translation","Direct en_US vs ms_MY gap"
"lang\ms_MY\stripe.lang","ClickHereToTryAgain","<a href=""%s"">Click here to try again...</a>","","needs_translation","Direct en_US vs ms_MY gap"
"lang\ms_MY\stripe.lang","ConfirmDeleteCard","Are you sure you want to delete this Credit or Debit card?","","needs_translation","Direct en_US vs ms_MY gap"
"lang\ms_MY\stripe.lang","Continue","Next","","needs_translation","Direct en_US vs ms_MY gap"
"lang\ms_MY\stripe.lang","CreateBANOnStripe","Create bank on Stripe","","needs_translation","Direct en_US vs ms_MY gap"
"lang\ms_MY\stripe.lang","CreateCardOnStripe","Create card on Stripe","","needs_translation","Direct en_US vs ms_MY gap"
"lang\ms_MY\stripe.lang","CreateCustomerOnStripe","Create customer on Stripe","","needs_translation","Direct en_US vs ms_MY gap"
"lang\ms_MY\stripe.lang","CreationOfPaymentModeMustBeDoneFromStripeInterface","Due to Strong Customer Authentication rules, creation of a card must be done from Stripe back office. You can click here to switch on Stripe customer record: %s","","needs_translation","Direct en_US vs ms_MY gap"
"lang\ms_MY\stripe.lang","Creditor","Creditor","","needs_translation","Direct en_US vs ms_MY gap"
"lang\ms_MY\stripe.lang","CSSUrlForPaymentForm","CSS style sheet url for payment form","","needs_translation","Direct en_US vs ms_MY gap"
"lang\ms_MY\stripe.lang","CVN","CVN","","needs_translation","Direct en_US vs ms_MY gap"
"lang\ms_MY\stripe.lang","DeleteACard","Delete Card","","needs_translation","Direct en_US vs ms_MY gap"
"lang\ms_MY\stripe.lang","ExampleOfTestBankAcountForSEPA","Example of bank account BAN for direct debit test: %s","","needs_translation","Direct en_US vs ms_MY gap"
"lang\ms_MY\stripe.lang","ExampleOfTestCreditCard","Example of credit card for a test payment: %s => valid, %s => error CVC, %s => expired, %s => charge fails","","needs_translation","Direct en_US vs ms_MY gap"
"lang\ms_MY\stripe.lang","ExampleOnlyForATBEDEITNLESCustomers","Only for customers from Austria, Belgium, Germany, Italy, Netherlands, Spain","","needs_translation","Direct en_US vs ms_MY gap"
"lang\ms_MY\stripe.lang","ExampleOnlyForBECustomers","Only for belgium customers","","needs_translation","Direct en_US vs ms_MY gap"
"lang\ms_MY\stripe.lang","ExampleOnlyForDECustomers","Only for german customers","","needs_translation","Direct en_US vs ms_MY gap"
"lang\ms_MY\stripe.lang","ExampleOnlyForNLCustomers","Only for dutch customers","","needs_translation","Direct en_US vs ms_MY gap"
"lang\ms_MY\stripe.lang","ExpiryDate","Expiry Date","","needs_translation","Direct en_US vs ms_MY gap"
"lang\ms_MY\stripe.lang","FailedToChargeCard","Failed to charge card","","needs_translation","Direct en_US vs ms_MY gap"
"lang\ms_MY\stripe.lang","FailedToChargeSEPA","Failed to charge SEPA","","needs_translation","Direct en_US vs ms_MY gap"
"lang\ms_MY\stripe.lang","FollowingUrlAreAvailableToMakePayments","Following URLs are available to offer a page to a customer to make a payment on Dolibarr objects","","needs_translation","Direct en_US vs ms_MY gap"
"lang\ms_MY\stripe.lang","InformationToFindParameters","Help to find your %s account information","","needs_translation","Direct en_US vs ms_MY gap"
"lang\ms_MY\stripe.lang","ListOfSupportedHooksToActivate","List of supported hooks to activate","","needs_translation","Direct en_US vs ms_MY gap"
"lang\ms_MY\stripe.lang","LocalID","Local ID","","needs_translation","Direct en_US vs ms_MY gap"
"lang\ms_MY\stripe.lang","NameOnCard","Name on card","","needs_translation","Direct en_US vs ms_MY gap"
"lang\ms_MY\stripe.lang","NewPayboxPaymentFailed","New Paybox payment tried but failed","","needs_translation","Direct en_US vs ms_MY gap"
"lang\ms_MY\stripe.lang","NewPayboxPaymentReceived","New Paybox payment received","","needs_translation","Direct en_US vs ms_MY gap"
"lang\ms_MY\stripe.lang","NewStripePaymentFailed","New Stripe payment tried but failed","","needs_translation","Direct en_US vs ms_MY gap"
"lang\ms_MY\stripe.lang","NewStripePaymentReceived","New Stripe payment received","","needs_translation","Direct en_US vs ms_MY gap"
"lang\ms_MY\stripe.lang","OAUTH_STRIPE_LIVE_ID","Stripe Connect Client ID (ca_...)","","needs_translation","Direct en_US vs ms_MY gap"
"lang\ms_MY\stripe.lang","OAUTH_STRIPE_TEST_ID","Stripe Connect Client ID (ca_...)","","needs_translation","Direct en_US vs ms_MY gap"
"lang\ms_MY\stripe.lang","ONLINE_PAYMENT_WAREHOUSE","Stock to use for stock decrease when online payment is done<br>(TODO When option to decrease stock is done on an action on invoice and the online payment generate itself the invoice ?)","","needs_translation","Direct en_US vs ms_MY gap"
"lang\ms_MY\stripe.lang","PAYBOX_CGI_URL_V2","Url of Paybox CGI module for payment","","needs_translation","Direct en_US vs ms_MY gap"
"lang\ms_MY\stripe.lang","PAYBOX_HMAC_KEY","HMAC key","","needs_translation","Direct en_US vs ms_MY gap"
"lang\ms_MY\stripe.lang","PAYBOX_PAYONLINE_SENDEMAIL","Email notification after payment attempt (success or fail)","","needs_translation","Direct en_US vs ms_MY gap"
"lang\ms_MY\stripe.lang","PAYBOX_PBX_IDENTIFIANT","Value for PBX ID","","needs_translation","Direct en_US vs ms_MY gap"
"lang\ms_MY\stripe.lang","PAYBOX_PBX_RANG","Value for PBX Rang","","needs_translation","Direct en_US vs ms_MY gap"
"lang\ms_MY\stripe.lang","PAYBOX_PBX_SITE","Value for PBX SITE","","needs_translation","Direct en_US vs ms_MY gap"
"lang\ms_MY\stripe.lang","PayBoxDesc","This module offer pages to allow payment on <a href=""https://www.paybox.com"" target=""_blank"" rel=""noopener noreferrer external"">Paybox</a> by customers. This can be used for a free payment or for a payment on a particular Dolibarr object (invoice, order, ...)","","needs_translation","Direct en_US vs ms_MY gap"
"lang\ms_MY\stripe.lang","PayBoxDoPayment","Pay with Paybox","","needs_translation","Direct en_US vs ms_MY gap"
"lang\ms_MY\stripe.lang","PayBoxSetup","PayBox module setup","","needs_translation","Direct en_US vs ms_MY gap"
"lang\ms_MY\stripe.lang","PaymentCode","Payment code","","needs_translation","Direct en_US vs ms_MY gap"
"lang\ms_MY\stripe.lang","PaymentForm","Payment form","","needs_translation","Direct en_US vs ms_MY gap"
"lang\ms_MY\stripe.lang","PaymentWillBeRecordedForNextPeriod","Payment will be recorded for the next period.","","needs_translation","Direct en_US vs ms_MY gap"
"lang\ms_MY\stripe.lang","RequesCreditTransferWithStripe","Make SEPA Credit Transfer with Stripe","","needs_translation","Direct en_US vs ms_MY gap"
"lang\ms_MY\stripe.lang","RequestDirectDebitWithStripe","Request SEPA Direct Debit with Stripe","","needs_translation","Direct en_US vs ms_MY gap"
"lang\ms_MY\stripe.lang","SetupPayBoxToHavePaymentCreatedAutomatically","Setup your Paybox with url <b>%s</b> to have payment created automatically when validated by Paybox.","","needs_translation","Direct en_US vs ms_MY gap"
"lang\ms_MY\stripe.lang","SetupStripeToHavePaymentCreatedAutomatically","Setup your Stripe with url <b>%s</b> to have payment created automatically when validated by Stripe.","","needs_translation","Direct en_US vs ms_MY gap"
"lang\ms_MY\stripe.lang","ShowInStripe","Show in Stripe","","needs_translation","Direct en_US vs ms_MY gap"
"lang\ms_MY\stripe.lang","STRIPE_BANCONTACT","Enable the payments using BANCONTACT","","needs_translation","Direct en_US vs ms_MY gap"
"lang\ms_MY\stripe.lang","STRIPE_CARD_PRESENT","Card Present for Stripe Terminals","","needs_translation","Direct en_US vs ms_MY gap"
"lang\ms_MY\stripe.lang","STRIPE_CGI_URL_V2","Url of Stripe CGI module for payment","","needs_translation","Direct en_US vs ms_MY gap"
"lang\ms_MY\stripe.lang","STRIPE_GIROPAY","Enable the payments using GIROPAY","","needs_translation","Direct en_US vs ms_MY gap"
"lang\ms_MY\stripe.lang","STRIPE_IDEAL","Enable the payments using IDEAL","","needs_translation","Direct en_US vs ms_MY gap"
"lang\ms_MY\stripe.lang","STRIPE_KLARNA","Enable the payments using Klarna","","needs_translation","Direct en_US vs ms_MY gap"
"lang\ms_MY\stripe.lang","STRIPE_LIVE_PUBLISHABLE_KEY","Publishable live key","","needs_translation","Direct en_US vs ms_MY gap"
"lang\ms_MY\stripe.lang","STRIPE_LIVE_SECRET_KEY","Secret live key","","needs_translation","Direct en_US vs ms_MY gap"
"lang\ms_MY\stripe.lang","STRIPE_LIVE_WEBHOOK_KEY","Webhook live key","","needs_translation","Direct en_US vs ms_MY gap"
"lang\ms_MY\stripe.lang","STRIPE_PAYONLINE_SENDEMAIL","Email notification after a payment attempt (success or fail)","","needs_translation","Direct en_US vs ms_MY gap"
"lang\ms_MY\stripe.lang","STRIPE_SEPA_CREDIT_TRANSFER","Enable SEPA Credit Transfer payments with Stripe","","needs_translation","Direct en_US vs ms_MY gap"
"lang\ms_MY\stripe.lang","STRIPE_SEPA_DIRECT_DEBIT","Enable SEPA Direct Debit payments with Stripe","","needs_translation","Direct en_US vs ms_MY gap"
"lang\ms_MY\stripe.lang","STRIPE_SOFORT","Enable the payments using SOFORT","","needs_translation","Direct en_US vs ms_MY gap"
"lang\ms_MY\stripe.lang","STRIPE_TEST_PUBLISHABLE_KEY","Publishable test key","","needs_translation","Direct en_US vs ms_MY gap"
"lang\ms_MY\stripe.lang","STRIPE_TEST_SECRET_KEY","Secret test key","","needs_translation","Direct en_US vs ms_MY gap"
"lang\ms_MY\stripe.lang","STRIPE_TEST_WEBHOOK_KEY","Webhook test key","","needs_translation","Direct en_US vs ms_MY gap"
"lang\ms_MY\stripe.lang","StripeAutoRecordPayout","Enable the auto recording of Stripe payouts","","needs_translation","Direct en_US vs ms_MY gap"
"lang\ms_MY\stripe.lang","StripeAutoRecordPayout2","When Stripe is doing a payout to transfer your earnings to your bank, and is calling the webhook IPN %s","","needs_translation","Direct en_US vs ms_MY gap"
"lang\ms_MY\stripe.lang","StripeChargeList","Stripe charges","","needs_translation","Direct en_US vs ms_MY gap"
"lang\ms_MY\stripe.lang","StripeConnect_Mode","Stripe Connect mode","","needs_translation","Direct en_US vs ms_MY gap"
"lang\ms_MY\stripe.lang","StripeCustomerId","Stripe customer id","","needs_translation","Direct en_US vs ms_MY gap"
"lang\ms_MY\stripe.lang","StripeDesc","Offer your customers an online payment page for payments with credit/debit cards via <a href=""https://www.stripe.com"" target=""_blank"" rel=""noopener noreferrer external"">Stripe</a>. This can be used to allow your customers to make ad-hoc payments or for payments related to a particular Dolibarr object (invoice, order, ...)","","needs_translation","Direct en_US vs ms_MY gap"
"lang\ms_MY\stripe.lang","StripeDoPayment","Pay with Stripe","","needs_translation","Direct en_US vs ms_MY gap"
"lang\ms_MY\stripe.lang","StripeGateways","Stripe gateways","","needs_translation","Direct en_US vs ms_MY gap"
"lang\ms_MY\stripe.lang","StripeID","Stripe ID","","needs_translation","Direct en_US vs ms_MY gap"
"lang\ms_MY\stripe.lang","StripeImportPayment","Import Stripe payments","","needs_translation","Direct en_US vs ms_MY gap"
"lang\ms_MY\stripe.lang","StripeLiveEnabled","Stripe live enabled (otherwise test/sandbox mode)","","needs_translation","Direct en_US vs ms_MY gap"
"lang\ms_MY\stripe.lang","StripeOrCBDoPayment","Pay with credit card or Stripe","","needs_translation","Direct en_US vs ms_MY gap"
"lang\ms_MY\stripe.lang","StripePaymentId","Stripe payment id","","needs_translation","Direct en_US vs ms_MY gap"
"lang\ms_MY\stripe.lang","StripePaymentModes","Stripe payment modes","","needs_translation","Direct en_US vs ms_MY gap"
"lang\ms_MY\stripe.lang","StripePayoutList","Stripe payouts","","needs_translation","Direct en_US vs ms_MY gap"
"lang\ms_MY\stripe.lang","StripeSetup","Stripe module setup","","needs_translation","Direct en_US vs ms_MY gap"
"lang\ms_MY\stripe.lang","StripeTransactionList","Stripe transactions","","needs_translation","Direct en_US vs ms_MY gap"
"lang\ms_MY\stripe.lang","StripeUserAccountForActions","User account to use for email notification of some Stripe events (Stripe payouts)","","needs_translation","Direct en_US vs ms_MY gap"
"lang\ms_MY\stripe.lang","TERMINAL_LOCATION","Location (address) for Stripe Terminals","","needs_translation","Direct en_US vs ms_MY gap"
"lang\ms_MY\stripe.lang","ThisIsInformationOnPayment","This is information on payment to do","","needs_translation","Direct en_US vs ms_MY gap"
"lang\ms_MY\stripe.lang","ThisScreenAllowsYouToPay","This screen allow you to make an online payment to %s.","","needs_translation","Direct en_US vs ms_MY gap"
"lang\ms_MY\stripe.lang","ToComplete","To complete","","needs_translation","Direct en_US vs ms_MY gap"
"lang\ms_MY\stripe.lang","ToOfferALinkForLiveWebhook","Link to setup Stripe WebHook to call the IPN (live mode)","","needs_translation","Direct en_US vs ms_MY gap"
"lang\ms_MY\stripe.lang","ToOfferALinkForOnlinePayment","URL for %s payment","","needs_translation","Direct en_US vs ms_MY gap"
"lang\ms_MY\stripe.lang","ToOfferALinkForOnlinePaymentOnContractLine","URL to offer a %s online payment page for a contract line","","needs_translation","Direct en_US vs ms_MY gap"
"lang\ms_MY\stripe.lang","ToOfferALinkForOnlinePaymentOnDonation","URL to offer a %s online payment page for payment of a donation","","needs_translation","Direct en_US vs ms_MY gap"
"lang\ms_MY\stripe.lang","ToOfferALinkForOnlinePaymentOnFreeAmount","URL to offer a %s online payment page of any amount with no existing object","","needs_translation","Direct en_US vs ms_MY gap"
"lang\ms_MY\stripe.lang","ToOfferALinkForOnlinePaymentOnInvoice","URL to offer a %s online payment page for a customer invoice","","needs_translation","Direct en_US vs ms_MY gap"
"lang\ms_MY\stripe.lang","ToOfferALinkForOnlinePaymentOnMemberSubscription","URL to offer a %s online payment page for a member subscription","","needs_translation","Direct en_US vs ms_MY gap"
"lang\ms_MY\stripe.lang","ToOfferALinkForOnlinePaymentOnOrder","URL to offer a %s online payment page for a sales order","","needs_translation","Direct en_US vs ms_MY gap"
"lang\ms_MY\stripe.lang","ToOfferALinkForTestWebhook","Link to setup Stripe WebHook to call the IPN (test mode)","","needs_translation","Direct en_US vs ms_MY gap"
"lang\ms_MY\stripe.lang","UsageParameter","Usage parameters","","needs_translation","Direct en_US vs ms_MY gap"
"lang\ms_MY\stripe.lang","WelcomeOnPaymentPage","Welcome to our online payment service","","needs_translation","Direct en_US vs ms_MY gap"
"lang\ms_MY\stripe.lang","YouCanAddTagOnUrl","You can also add url parameter <b>&tag=value</b> to any of those URL (mandatory only for payment not linked to an object) to add your own payment comment tag.<br>For the URL of payments with no existing object, you may also add the parameter <strong>&noidempotency=1</strong> so the same link with same tag can be used several times (some payment mode may limit the payment to 1 for each different link without this parameter)","","needs_translation","Direct en_US vs ms_MY gap"
"lang\ms_MY\stripe.lang","YouCanEmbedOnWebsite","If you want to integrate the payment page into a Dolibarr website, you can include the parameter: <b>&ws=website_ref</b>.<br>Additionally, two pages named <b>paymentok</b> and <b>paymentko</b> must be created in the website to receive the redirect after a successful of failed online payment.","","needs_translation","Direct en_US vs ms_MY gap"
"lang\ms_MY\stripe.lang","YourEMail","Email to receive payment confirmation","","needs_translation","Direct en_US vs ms_MY gap"
"lang\ms_MY\stripe.lang","YourPaymentHasBeenRecorded","This page confirms that your payment has been recorded. Thank you.","","needs_translation","Direct en_US vs ms_MY gap"
"lang\ms_MY\stripe.lang","YourPaymentHasNotBeenRecorded","Your payment has NOT been recorded and the transaction has been canceled. Thank you.","","needs_translation","Direct en_US vs ms_MY gap"
"lang\ms_MY\stripe.lang","YouWillBeRedirectedOnPayBox","You will be redirected on secured Paybox page to input you credit card information","","needs_translation","Direct en_US vs ms_MY gap"
"lang\ms_MY\stripe.lang","YouWillBeRedirectedOnStripe","You will be redirected on secured Stripe page to input you credit card information","","needs_translation","Direct en_US vs ms_MY gap"
"lang\ms_MY\subtotals.lang","AddSubtotalLine","Add subtotal line","","needs_translation","Direct en_US vs ms_MY gap"
"lang\ms_MY\subtotals.lang","AddTitleLine","Add title line","","needs_translation","Direct en_US vs ms_MY gap"
"lang\ms_MY\subtotals.lang","ApplyDiscountForBlock","Apply discount for this block","","needs_translation","Direct en_US vs ms_MY gap"
"lang\ms_MY\subtotals.lang","ApplyVATForBlock","Apply VAT for this block","","needs_translation","Direct en_US vs ms_MY gap"
"lang\ms_MY\subtotals.lang","ConfirmDeleteSubtotalLine","Are you sure you want to delete this subtotal line?","","needs_translation","Direct en_US vs ms_MY gap"
"lang\ms_MY\subtotals.lang","ConfirmDeleteTitleLine","Are you sure you want to delete this title line?","","needs_translation","Direct en_US vs ms_MY gap"
"lang\ms_MY\subtotals.lang","CorrespondingTitleLine","Corresponding title line","","needs_translation","Direct en_US vs ms_MY gap"
"lang\ms_MY\subtotals.lang","CorrespondingTitleNotFound","The corresponding title was not found","","needs_translation","Direct en_US vs ms_MY gap"
"lang\ms_MY\subtotals.lang","DeleteCorrespondingSubtotalLine","Delete the corresponding subtotal line ?","","needs_translation","Direct en_US vs ms_MY gap"
"lang\ms_MY\subtotals.lang","DeleteSubtotalLine","Delete subtotal line","","needs_translation","Direct en_US vs ms_MY gap"
"lang\ms_MY\subtotals.lang","DeleteTitleLine","Delete title line","","needs_translation","Direct en_US vs ms_MY gap"
"lang\ms_MY\subtotals.lang","EnterRemisePercent","Enter discount percent","","needs_translation","Direct en_US vs ms_MY gap"
"lang\ms_MY\subtotals.lang","ForcePageBreak","Force page break before title","","needs_translation","Direct en_US vs ms_MY gap"
"lang\ms_MY\subtotals.lang","MaxSubtotalLevel","Maximum level","","needs_translation","Direct en_US vs ms_MY gap"
"lang\ms_MY\subtotals.lang","NoTitleError","You have no title line or they already all have a corresponding subtotal line","","needs_translation","Direct en_US vs ms_MY gap"
"lang\ms_MY\subtotals.lang","NotSupportedByAllPDF","Will work with newer PDF but not with old ones %s","","needs_translation","Direct en_US vs ms_MY gap"
"lang\ms_MY\subtotals.lang","PreviousTitleLevelTooHigh","Previous title is two level or more greater than moved line.","","needs_translation","Direct en_US vs ms_MY gap"
"lang\ms_MY\subtotals.lang","SelectVATRate","Select VAT rate","","needs_translation","Direct en_US vs ms_MY gap"
"lang\ms_MY\subtotals.lang","ShowTotalExludingVATOnPDF","Show the total excluding VAT on the PDF","","needs_translation","Direct en_US vs ms_MY gap"
"lang\ms_MY\subtotals.lang","ShowUPOnPDF","Show unit price on PDF","","needs_translation","Direct en_US vs ms_MY gap"
"lang\ms_MY\subtotals.lang","STLineUnderCorrespondingTitle","Subtotal line must be under a title of the same level and the same description.","","needs_translation","Direct en_US vs ms_MY gap"
"lang\ms_MY\subtotals.lang","STLineUnderCorrespondingTitleDesc","Subtotal line must be under a title with the same level that has the same description.","","needs_translation","Direct en_US vs ms_MY gap"
"lang\ms_MY\subtotals.lang","STLineUnderTitle","Subtotal line must be under its title","","needs_translation","Direct en_US vs ms_MY gap"
"lang\ms_MY\subtotals.lang","Subtotal","Subtotals","","needs_translation","Direct en_US vs ms_MY gap"
"lang\ms_MY\subtotals.lang","SubtotalLevel","Level %s","","needs_translation","Direct en_US vs ms_MY gap"
"lang\ms_MY\subtotals.lang","SubtotalLineBackColor","Level %s lines background color","","needs_translation","Direct en_US vs ms_MY gap"
"lang\ms_MY\subtotals.lang","SubtotalLineDesc","Line description","","needs_translation","Direct en_US vs ms_MY gap"
"lang\ms_MY\subtotals.lang","SubtotalLineLevel","Line level","","needs_translation","Direct en_US vs ms_MY gap"
"lang\ms_MY\subtotals.lang","SubTotalModuleDesc","Subtotal and title lines for certain documents","","needs_translation","Direct en_US vs ms_MY gap"
"lang\ms_MY\subtotals.lang","SubtotalOf","Subtotal of %s:","","needs_translation","Direct en_US vs ms_MY gap"
"lang\ms_MY\subtotals.lang","SubtotalSetup","Subtotals module setup","","needs_translation","Direct en_US vs ms_MY gap"
"lang\ms_MY\subtotals.lang","TitleAddedLevelTooHigh","Added title level too high (added with level %s instead).","","needs_translation","Direct en_US vs ms_MY gap"
"lang\ms_MY\subtotals.lang","TitleAfterStLineOfSameLevelTitle","Title must be after the subtotal line of the previous title.","","needs_translation","Direct en_US vs ms_MY gap"
"lang\ms_MY\subtotals.lang","TitleEditedLevelTooHigh","Edited title level too high (edited with level %s instead).","","needs_translation","Direct en_US vs ms_MY gap"
"lang\ms_MY\subtotals.lang","TitleNeedDesc","You must enter a valid description to create a title.","","needs_translation","Direct en_US vs ms_MY gap"
"lang\ms_MY\subtotals.lang","TitleUnderSameLevelOrGreater","Title must be under a title of the same level or greater.","","needs_translation","Direct en_US vs ms_MY gap"
"lang\ms_MY\subtotals.lang","TitleUnderSameLevelSTLine","Title of the same level must be under the previous title's subtotal line.","","needs_translation","Direct en_US vs ms_MY gap"
"lang\ms_MY\subtotals.lang","UnsupportedModuleError","You can't add a subtotals line in unsupported module","","needs_translation","Direct en_US vs ms_MY gap"
"lang\ms_MY\supplier_proposal.lang","ActionsOnSupplierProposal","Events on price request","","needs_translation","Direct en_US vs ms_MY gap"
"lang\ms_MY\supplier_proposal.lang","AllPriceRequests","All requests","","needs_translation","Direct en_US vs ms_MY gap"
"lang\ms_MY\supplier_proposal.lang","AskPrice","Price request","","needs_translation","Direct en_US vs ms_MY gap"
"lang\ms_MY\supplier_proposal.lang","CommercialAsk","Price request","","needs_translation","Direct en_US vs ms_MY gap"
"lang\ms_MY\supplier_proposal.lang","CommRequest","Price request","","needs_translation","Direct en_US vs ms_MY gap"
"lang\ms_MY\supplier_proposal.lang","CommRequests","Price requests","","needs_translation","Direct en_US vs ms_MY gap"
"lang\ms_MY\supplier_proposal.lang","ConfirmDeleteAsk","Are you sure you want to delete this price request <b>%s</b>?","","needs_translation","Direct en_US vs ms_MY gap"
"lang\ms_MY\supplier_proposal.lang","ConfirmReOpenAsk","Are you sure you want to open back the price request <b>%s</b>?","","needs_translation","Direct en_US vs ms_MY gap"
"lang\ms_MY\supplier_proposal.lang","ConfirmValidateAsk","Are you sure you want to validate this price request under name <b>%s</b>?","","needs_translation","Direct en_US vs ms_MY gap"
"lang\ms_MY\supplier_proposal.lang","CopyAskFrom","Create a price request by copying an existing request","","needs_translation","Direct en_US vs ms_MY gap"
"lang\ms_MY\supplier_proposal.lang","CreateEmptyAsk","Create blank request","","needs_translation","Direct en_US vs ms_MY gap"
"lang\ms_MY\supplier_proposal.lang","DefaultModelSupplierProposalClosed","Default template when closing a price request (refused)","","needs_translation","Direct en_US vs ms_MY gap"
"lang\ms_MY\supplier_proposal.lang","DefaultModelSupplierProposalCreate","Default model creation","","needs_translation","Direct en_US vs ms_MY gap"
"lang\ms_MY\supplier_proposal.lang","DefaultModelSupplierProposalToBill","Default template when closing a price request (accepted)","","needs_translation","Direct en_US vs ms_MY gap"
"lang\ms_MY\supplier_proposal.lang","DeleteAsk","Delete request","","needs_translation","Direct en_US vs ms_MY gap"
"lang\ms_MY\supplier_proposal.lang","DocModelAuroreDescription","A complete template for a vendor quotation request (old implementation of Sponge template)","","needs_translation","Direct en_US vs ms_MY gap"
"lang\ms_MY\supplier_proposal.lang","DocModelZenithDescription","A complete template for a vendor quotation request","","needs_translation","Direct en_US vs ms_MY gap"
"lang\ms_MY\supplier_proposal.lang","DraftRequests","Draft requests","","needs_translation","Direct en_US vs ms_MY gap"
"lang\ms_MY\supplier_proposal.lang","LastModifiedRequests","Latest %s modified price requests","","needs_translation","Direct en_US vs ms_MY gap"
"lang\ms_MY\supplier_proposal.lang","LastSupplierProposals","Latest %s price requests","","needs_translation","Direct en_US vs ms_MY gap"
"lang\ms_MY\supplier_proposal.lang","ListOfSupplierProposals","List of vendor proposal requests","","needs_translation","Direct en_US vs ms_MY gap"
"lang\ms_MY\supplier_proposal.lang","ListSupplierProposalsAssociatedProject","List of vendor proposals associated with project","","needs_translation","Direct en_US vs ms_MY gap"
"lang\ms_MY\supplier_proposal.lang","NewAskPrice","New price request","","needs_translation","Direct en_US vs ms_MY gap"
"lang\ms_MY\supplier_proposal.lang","RequestsOpened","Open price requests","","needs_translation","Direct en_US vs ms_MY gap"
"lang\ms_MY\supplier_proposal.lang","SearchRequest","Find a request","","needs_translation","Direct en_US vs ms_MY gap"
"lang\ms_MY\supplier_proposal.lang","SendAskByMail","Send price request by mail","","needs_translation","Direct en_US vs ms_MY gap"
"lang\ms_MY\supplier_proposal.lang","SendAskRef","Sending the price request %s","","needs_translation","Direct en_US vs ms_MY gap"
"lang\ms_MY\supplier_proposal.lang","ShowSupplierProposal","Show price request","","needs_translation","Direct en_US vs ms_MY gap"
"lang\ms_MY\supplier_proposal.lang","supplier_proposalDESC","Manage price requests to suppliers","","needs_translation","Direct en_US vs ms_MY gap"
"lang\ms_MY\supplier_proposal.lang","SupplierProposalArea","Vendor proposals area","","needs_translation","Direct en_US vs ms_MY gap"
"lang\ms_MY\supplier_proposal.lang","SupplierProposalNew","New price request","","needs_translation","Direct en_US vs ms_MY gap"
"lang\ms_MY\supplier_proposal.lang","SupplierProposalRefFourn","Vendor ref","","needs_translation","Direct en_US vs ms_MY gap"
"lang\ms_MY\supplier_proposal.lang","SupplierProposalRefFournNotice","Before closing to ""Accepted"", think to grasp suppliers references.","","needs_translation","Direct en_US vs ms_MY gap"
"lang\ms_MY\supplier_proposal.lang","SupplierProposalsDraft","Draft vendor proposals","","needs_translation","Direct en_US vs ms_MY gap"
"lang\ms_MY\supplier_proposal.lang","SupplierProposalShort","Vendor proposal","","needs_translation","Direct en_US vs ms_MY gap"
"lang\ms_MY\supplier_proposal.lang","SupplierProposalsShort","Vendor proposals","","needs_translation","Direct en_US vs ms_MY gap"
"lang\ms_MY\supplier_proposal.lang","SupplierProposalStatusClosed","Closed","","needs_translation","Direct en_US vs ms_MY gap"
"lang\ms_MY\supplier_proposal.lang","SupplierProposalStatusClosedShort","Closed","","needs_translation","Direct en_US vs ms_MY gap"
"lang\ms_MY\supplier_proposal.lang","SupplierProposalStatusDraft","Draft (needs to be validated)","","needs_translation","Direct en_US vs ms_MY gap"
"lang\ms_MY\supplier_proposal.lang","SupplierProposalStatusDraftShort","Draft","","needs_translation","Direct en_US vs ms_MY gap"
"lang\ms_MY\supplier_proposal.lang","SupplierProposalStatusNotSigned","Refused","","needs_translation","Direct en_US vs ms_MY gap"
"lang\ms_MY\supplier_proposal.lang","SupplierProposalStatusNotSignedShort","Refused","","needs_translation","Direct en_US vs ms_MY gap"
"lang\ms_MY\supplier_proposal.lang","SupplierProposalStatusSigned","Accepted","","needs_translation","Direct en_US vs ms_MY gap"
"lang\ms_MY\supplier_proposal.lang","SupplierProposalStatusSignedShort","Accepted","","needs_translation","Direct en_US vs ms_MY gap"
"lang\ms_MY\supplier_proposal.lang","SupplierProposalStatusValidated","Validated (request is open)","","needs_translation","Direct en_US vs ms_MY gap"
"lang\ms_MY\supplier_proposal.lang","SupplierProposalStatusValidatedShort","Validated","","needs_translation","Direct en_US vs ms_MY gap"
"lang\ms_MY\supplier_proposal.lang","SupplierProposalsToClose","Vendor proposals to close","","needs_translation","Direct en_US vs ms_MY gap"
"lang\ms_MY\supplier_proposal.lang","SupplierProposalsToProcess","Vendor proposals to process","","needs_translation","Direct en_US vs ms_MY gap"
"lang\ms_MY\supplier_proposal.lang","TypeContact_supplier_proposal_external_BILLING","Vendor contact for billing","","needs_translation","Direct en_US vs ms_MY gap"
"lang\ms_MY\supplier_proposal.lang","TypeContact_supplier_proposal_external_SERVICE","Representative following-up proposal","","needs_translation","Direct en_US vs ms_MY gap"
"lang\ms_MY\supplier_proposal.lang","TypeContact_supplier_proposal_external_SHIPPING","Vendor contact for delivery","","needs_translation","Direct en_US vs ms_MY gap"
"lang\ms_MY\supplier_proposal.lang","ValidateAsk","Validate request","","needs_translation","Direct en_US vs ms_MY gap"
"lang\ms_MY\suppliers.lang","AddSupplierInvoice","Create vendor invoice","","needs_translation","Direct en_US vs ms_MY gap"
"lang\ms_MY\suppliers.lang","AddSupplierOrder","Create Purchase Order","","needs_translation","Direct en_US vs ms_MY gap"
"lang\ms_MY\suppliers.lang","AddSupplierPrice","Add buying price","","needs_translation","Direct en_US vs ms_MY gap"
"lang\ms_MY\suppliers.lang","AllProductReferencesOfSupplier","All references of vendor","","needs_translation","Direct en_US vs ms_MY gap"
"lang\ms_MY\suppliers.lang","AllProductServicePrices","All product / service prices","","needs_translation","Direct en_US vs ms_MY gap"
"lang\ms_MY\suppliers.lang","ApproveThisOrder","Approve this order","","needs_translation","Direct en_US vs ms_MY gap"
"lang\ms_MY\suppliers.lang","Availability","Availability","","needs_translation","Direct en_US vs ms_MY gap"
"lang\ms_MY\suppliers.lang","BuyerName","Buyer name","","needs_translation","Direct en_US vs ms_MY gap"
"lang\ms_MY\suppliers.lang","BuyingPriceMin","Best buying price","","needs_translation","Direct en_US vs ms_MY gap"
"lang\ms_MY\suppliers.lang","BuyingPriceMinShort","Best buying price","","needs_translation","Direct en_US vs ms_MY gap"
"lang\ms_MY\suppliers.lang","BuyingPriceNumShort","Vendor prices","","needs_translation","Direct en_US vs ms_MY gap"
"lang\ms_MY\suppliers.lang","ChangeSupplierPrice","Change buying price","","needs_translation","Direct en_US vs ms_MY gap"
"lang\ms_MY\suppliers.lang","ConfirmApproveThisOrder","Are you sure you want to approve order <b>%s</b>?","","needs_translation","Direct en_US vs ms_MY gap"
"lang\ms_MY\suppliers.lang","ConfirmCancelThisOrder","Are you sure you want to cancel this order <b>%s</b>?","","needs_translation","Direct en_US vs ms_MY gap"
"lang\ms_MY\suppliers.lang","ConfirmDenyingThisOrder","Are you sure you want to deny this order <b>%s</b>?","","needs_translation","Direct en_US vs ms_MY gap"
"lang\ms_MY\suppliers.lang","DenyingThisOrder","Deny this order","","needs_translation","Direct en_US vs ms_MY gap"
"lang\ms_MY\suppliers.lang","DescNbDaysToDelivery","The longest delivery delay of the products from this order","","needs_translation","Direct en_US vs ms_MY gap"
"lang\ms_MY\suppliers.lang","DoNotOrderThisProductToThisSupplier","Do not order","","needs_translation","Direct en_US vs ms_MY gap"
"lang\ms_MY\suppliers.lang","ExportDataset_fournisseur_1","Vendor invoices and invoice details","","needs_translation","Direct en_US vs ms_MY gap"
"lang\ms_MY\suppliers.lang","ExportDataset_fournisseur_2","Vendor invoices and payments","","needs_translation","Direct en_US vs ms_MY gap"
"lang\ms_MY\suppliers.lang","ExportDataset_fournisseur_3","Purchase orders and order details","","needs_translation","Direct en_US vs ms_MY gap"
"lang\ms_MY\suppliers.lang","GeneratedFromSupplierTemplate","Generated from supplier invoice template %s","","needs_translation","Direct en_US vs ms_MY gap"
"lang\ms_MY\suppliers.lang","ListOfSupplierOrders","List of purchase orders","","needs_translation","Direct en_US vs ms_MY gap"
"lang\ms_MY\suppliers.lang","ListOfSupplierProductForSupplier","List of products and prices for vendor <b>%s</b>","","needs_translation","Direct en_US vs ms_MY gap"
"lang\ms_MY\suppliers.lang","ListOfSuppliers","List of vendors","","needs_translation","Direct en_US vs ms_MY gap"
"lang\ms_MY\suppliers.lang","MenuOrdersSupplierToBill","Purchase orders to invoice","","needs_translation","Direct en_US vs ms_MY gap"
"lang\ms_MY\suppliers.lang","NbDaysToDelivery","Delivery delay","","needs_translation","Direct en_US vs ms_MY gap"
"lang\ms_MY\suppliers.lang","NewSupplier","New vendor","","needs_translation","Direct en_US vs ms_MY gap"
"lang\ms_MY\suppliers.lang","NewSupplierInvoice"," New vendor invoice","","needs_translation","Direct en_US vs ms_MY gap"
"lang\ms_MY\suppliers.lang","NoRecordedSuppliers","No vendor recorded","","needs_translation","Direct en_US vs ms_MY gap"
"lang\ms_MY\suppliers.lang","NotTheGoodQualitySupplier","Low quality","","needs_translation","Direct en_US vs ms_MY gap"
"lang\ms_MY\suppliers.lang","RecurringSupplierInvoices","Recurring supplier invoices","","needs_translation","Direct en_US vs ms_MY gap"
"lang\ms_MY\suppliers.lang","ReferenceReputation","Reference reputation","","needs_translation","Direct en_US vs ms_MY gap"
"lang\ms_MY\suppliers.lang","ReferenceSupplierIsAlreadyAssociatedWithAProduct","This vendor reference is already associated with a product: %s","","needs_translation","Direct en_US vs ms_MY gap"
"lang\ms_MY\suppliers.lang","RefSupplierShort","Ref. vendor","","needs_translation","Direct en_US vs ms_MY gap"
"lang\ms_MY\suppliers.lang","RepeatableSupplierInvoice","Template supplier invoice","","needs_translation","Direct en_US vs ms_MY gap"
"lang\ms_MY\suppliers.lang","RepeatableSupplierInvoices","Template supplier invoices","","needs_translation","Direct en_US vs ms_MY gap"
"lang\ms_MY\suppliers.lang","RepeatableSupplierInvoicesList","Template supplier invoices","","needs_translation","Direct en_US vs ms_MY gap"
"lang\ms_MY\suppliers.lang","ReputationForThisProduct","Reputation","","needs_translation","Direct en_US vs ms_MY gap"
"lang\ms_MY\suppliers.lang","SentToSuppliers","Sent to vendors","","needs_translation","Direct en_US vs ms_MY gap"
"lang\ms_MY\suppliers.lang","ShowSupplier","Show vendor","","needs_translation","Direct en_US vs ms_MY gap"
"lang\ms_MY\suppliers.lang","ShowSupplierInvoice","Show Vendor Invoice","","needs_translation","Direct en_US vs ms_MY gap"
"lang\ms_MY\suppliers.lang","SomeSubProductHaveNoPrices","Some sub-products have no price defined","","needs_translation","Direct en_US vs ms_MY gap"
"lang\ms_MY\suppliers.lang","SupplierInvoiceGeneratedFromTemplate","Supplier invoice %s Generated from supplier invoice template %s","","needs_translation","Direct en_US vs ms_MY gap"
"lang\ms_MY\suppliers.lang","SupplierInvoices","Vendor invoices","","needs_translation","Direct en_US vs ms_MY gap"
"lang\ms_MY\suppliers.lang","SupplierPayment","Vendor payment","","needs_translation","Direct en_US vs ms_MY gap"
"lang\ms_MY\suppliers.lang","SupplierPrices","Vendor prices","","needs_translation","Direct en_US vs ms_MY gap"
"lang\ms_MY\suppliers.lang","SupplierReputation","Vendor reputation","","needs_translation","Direct en_US vs ms_MY gap"
"lang\ms_MY\suppliers.lang","Suppliers","Vendors","","needs_translation","Direct en_US vs ms_MY gap"
"lang\ms_MY\suppliers.lang","SuppliersArea","Vendor area","","needs_translation","Direct en_US vs ms_MY gap"
"lang\ms_MY\suppliers.lang","SuppliersInvoice","Vendor invoice","","needs_translation","Direct en_US vs ms_MY gap"
"lang\ms_MY\suppliers.lang","ToCreateAPredefinedSupplierInvoice","In order to create template supplier invoice, you must create a standard invoice, then, without validating it, click on the ""%s"" button.","","needs_translation","Direct en_US vs ms_MY gap"
"lang\ms_MY\suppliers.lang","TotalBuyingPriceMinShort","Total of subproducts buying prices","","needs_translation","Direct en_US vs ms_MY gap"
"lang\ms_MY\suppliers.lang","TotalSellingPriceMinShort","Total of subproducts selling prices","","needs_translation","Direct en_US vs ms_MY gap"
"lang\ms_MY\ticket.lang","AbandonTicket","Abandon","","needs_translation","Direct en_US vs ms_MY gap"
"lang\ms_MY\ticket.lang","ActionsOnTicket","Events on ticket","","needs_translation","Direct en_US vs ms_MY gap"
"lang\ms_MY\ticket.lang","AddContributor","Add external contributor","","needs_translation","Direct en_US vs ms_MY gap"
"lang\ms_MY\ticket.lang","Assigned","Assigned","","needs_translation","Direct en_US vs ms_MY gap"
"lang\ms_MY\ticket.lang","AssignUser","Assign to user","","needs_translation","Direct en_US vs ms_MY gap"
"lang\ms_MY\ticket.lang","BoxLastModifiedTicket","Latest modified tickets","","needs_translation","Direct en_US vs ms_MY gap"
"lang\ms_MY\ticket.lang","BoxLastModifiedTicketContent","","","needs_translation","Direct en_US vs ms_MY gap"
"lang\ms_MY\ticket.lang","BoxLastModifiedTicketDescription","Latest %s modified tickets","","needs_translation","Direct en_US vs ms_MY gap"
"lang\ms_MY\ticket.lang","BoxLastModifiedTicketNoRecordedTickets","No recent modified tickets","","needs_translation","Direct en_US vs ms_MY gap"
"lang\ms_MY\ticket.lang","BoxLastTicket","Latest created tickets","","needs_translation","Direct en_US vs ms_MY gap"
"lang\ms_MY\ticket.lang","BoxLastTicketContent","","","needs_translation","Direct en_US vs ms_MY gap"
"lang\ms_MY\ticket.lang","BoxLastTicketDescription","Latest %s created tickets","","needs_translation","Direct en_US vs ms_MY gap"
"lang\ms_MY\ticket.lang","BoxLastTicketNoRecordedTickets","No recent unread tickets","","needs_translation","Direct en_US vs ms_MY gap"
"lang\ms_MY\ticket.lang","BoxNewTicketVSClose","Number of tickets versus closed tickets (today)","","needs_translation","Direct en_US vs ms_MY gap"
"lang\ms_MY\ticket.lang","BoxNoTicketLastXDays","No new tickets the last %s days","","needs_translation","Direct en_US vs ms_MY gap"
"lang\ms_MY\ticket.lang","BoxNoTicketSeverity","No tickets opened","","needs_translation","Direct en_US vs ms_MY gap"
"lang\ms_MY\ticket.lang","BoxNumberOfTicketByDay","Number of new tickets by day","","needs_translation","Direct en_US vs ms_MY gap"
"lang\ms_MY\ticket.lang","BoxTicketLastXDays","Number of new tickets by days the last %s days","","needs_translation","Direct en_US vs ms_MY gap"
"lang\ms_MY\ticket.lang","BoxTicketLastXDayswidget"," Number of new tickets by days the last X days","","needs_translation","Direct en_US vs ms_MY gap"
"lang\ms_MY\ticket.lang","BoxTicketSeverity","Number of open tickets by severity","","needs_translation","Direct en_US vs ms_MY gap"
"lang\ms_MY\ticket.lang","BoxTicketType","Distribution of open tickets by type","","needs_translation","Direct en_US vs ms_MY gap"
"lang\ms_MY\ticket.lang","CloseATicket","Close|Solve a ticket","","needs_translation","Direct en_US vs ms_MY gap"
"lang\ms_MY\ticket.lang","CloseTicket","Close|Solve","","needs_translation","Direct en_US vs ms_MY gap"
"lang\ms_MY\ticket.lang","ConfirmAbandonTicket","Do you confirm the closing of the ticket to status 'Abandonned'","","needs_translation","Direct en_US vs ms_MY gap"
"lang\ms_MY\ticket.lang","ConfirmCloseAticket","Confirm ticket closing","","needs_translation","Direct en_US vs ms_MY gap"
"lang\ms_MY\ticket.lang","ConfirmDeleteTicket","Please confirm ticket deleting","","needs_translation","Direct en_US vs ms_MY gap"
"lang\ms_MY\ticket.lang","ConfirmMassTicketClosingSendEmail","Automatically send emails when closing tickets","","needs_translation","Direct en_US vs ms_MY gap"
"lang\ms_MY\ticket.lang","ConfirmMassTicketClosingSendEmailQuestion","Do you want to notify thirdparties when closing these tickets ?","","needs_translation","Direct en_US vs ms_MY gap"
"lang\ms_MY\ticket.lang","ConfirmReOpenTicket","Confirm reopen this ticket ?","","needs_translation","Direct en_US vs ms_MY gap"
"lang\ms_MY\ticket.lang","CreatedBy","Created by","","needs_translation","Direct en_US vs ms_MY gap"
"lang\ms_MY\ticket.lang","CreateTicket","Create ticket","","needs_translation","Direct en_US vs ms_MY gap"
"lang\ms_MY\ticket.lang","Deleted","Deleted","","needs_translation","Direct en_US vs ms_MY gap"
"lang\ms_MY\ticket.lang","EditTicket","Edit ticket","","needs_translation","Direct en_US vs ms_MY gap"
"lang\ms_MY\ticket.lang","EmailReferences","References in Emails","","needs_translation","Direct en_US vs ms_MY gap"
"lang\ms_MY\ticket.lang","EmailReplyto","Reply-To in Email","","needs_translation","Direct en_US vs ms_MY gap"
"lang\ms_MY\ticket.lang","ErrorBadEmailAddress","Field '%s' incorrect","","needs_translation","Direct en_US vs ms_MY gap"
"lang\ms_MY\ticket.lang","ErrorEmailMustExistToCreateTicket","Error: email address not found in our database","","needs_translation","Direct en_US vs ms_MY gap"
"lang\ms_MY\ticket.lang","ErrorEmailOrTrackingInvalid","Bad value for tracking ID or email","","needs_translation","Direct en_US vs ms_MY gap"
"lang\ms_MY\ticket.lang","ErrorMailRecipientIsEmptyForSendTicketMessage","Recipient is empty. No email send","","needs_translation","Direct en_US vs ms_MY gap"
"lang\ms_MY\ticket.lang","ErrorTicketNotFound","Ticket with tracking ID %s not found!","","needs_translation","Direct en_US vs ms_MY gap"
"lang\ms_MY\ticket.lang","ErrorTicketRefRequired","Ticket reference name is required","","needs_translation","Direct en_US vs ms_MY gap"
"lang\ms_MY\ticket.lang","ExportDataset_ticket_1","Tickets","","needs_translation","Direct en_US vs ms_MY gap"
"lang\ms_MY\ticket.lang","ExternalContributors","External contributors","","needs_translation","Direct en_US vs ms_MY gap"
"lang\ms_MY\ticket.lang","ExtraFieldsTicket","Extra attributes","","needs_translation","Direct en_US vs ms_MY gap"
"lang\ms_MY\ticket.lang","ForEmailMessageWillBeCompletedWith","For email messages sent to external users, the message will be completed with","","needs_translation","Direct en_US vs ms_MY gap"
"lang\ms_MY\ticket.lang","InitialMessage","Initial Message","","needs_translation","Direct en_US vs ms_MY gap"
"lang\ms_MY\ticket.lang","KMFoundForTicketGroup","Checkout our FAQ","","needs_translation","Direct en_US vs ms_MY gap"
"lang\ms_MY\ticket.lang","LatestNewTickets","Latest %s newest tickets (not read)","","needs_translation","Direct en_US vs ms_MY gap"
"lang\ms_MY\ticket.lang","LinkToAContract","Link to a contract","","needs_translation","Direct en_US vs ms_MY gap"
"lang\ms_MY\ticket.lang","MailToSendTicketMessage","To send email from ticket message","","needs_translation","Direct en_US vs ms_MY gap"
"lang\ms_MY\ticket.lang","MarkAsRead","Mark ticket as read","","needs_translation","Direct en_US vs ms_MY gap"
"lang\ms_MY\ticket.lang","MarkMessageAsPrivate","Mark message as private","","needs_translation","Direct en_US vs ms_MY gap"
"lang\ms_MY\ticket.lang","MenuListNonClosed","Open tickets","","needs_translation","Direct en_US vs ms_MY gap"
"lang\ms_MY\ticket.lang","MenuTicketMyAssign","My tickets","","needs_translation","Direct en_US vs ms_MY gap"
"lang\ms_MY\ticket.lang","MenuTicketMyAssignNonClosed","My open tickets","","needs_translation","Direct en_US vs ms_MY gap"
"lang\ms_MY\ticket.lang","MesgInfosPublicTicketCreatedWithTrackId","A new ticket has been created with ID %s and Ref %s.","","needs_translation","Direct en_US vs ms_MY gap"
"lang\ms_MY\ticket.lang","MessageSuccessfullyAdded","Ticket added","","needs_translation","Direct en_US vs ms_MY gap"
"lang\ms_MY\ticket.lang","Module56000Desc","Ticket system for issue or request management","","needs_translation","Direct en_US vs ms_MY gap"
"lang\ms_MY\ticket.lang","Module56000Name","Tickets","","needs_translation","Direct en_US vs ms_MY gap"
"lang\ms_MY\ticket.lang","NbOfTickets","Number of tickets","","needs_translation","Direct en_US vs ms_MY gap"
"lang\ms_MY\ticket.lang","NeedMoreInformation","Waiting for reporter feedback","","needs_translation","Direct en_US vs ms_MY gap"
"lang\ms_MY\ticket.lang","NeedMoreInformationShort","Waiting for feedback","","needs_translation","Direct en_US vs ms_MY gap"
"lang\ms_MY\ticket.lang","NewTicket","New Ticket","","needs_translation","Direct en_US vs ms_MY gap"
"lang\ms_MY\ticket.lang","NewUser","New user","","needs_translation","Direct en_US vs ms_MY gap"
"lang\ms_MY\ticket.lang","NoLogForThisTicket","No log for this ticket yet","","needs_translation","Direct en_US vs ms_MY gap"
"lang\ms_MY\ticket.lang","NoMsgForThisTicket","No message for this ticket","","needs_translation","Direct en_US vs ms_MY gap"
"lang\ms_MY\ticket.lang","NoTicketsFound","No ticket found","","needs_translation","Direct en_US vs ms_MY gap"
"lang\ms_MY\ticket.lang","Notify_TICKET_SENTBYMAIL","Send ticket message by email","","needs_translation","Direct en_US vs ms_MY gap"
"lang\ms_MY\ticket.lang","NotifyThirdpartyOnTicketClosing","Contacts to notify while closing the ticket","","needs_translation","Direct en_US vs ms_MY gap"
"lang\ms_MY\ticket.lang","NoUnreadTicketsFound","No unread ticket found","","needs_translation","Direct en_US vs ms_MY gap"
"lang\ms_MY\ticket.lang","NumberOfTicketsByMonth","Number of tickets per month","","needs_translation","Direct en_US vs ms_MY gap"
"lang\ms_MY\ticket.lang","OldUser","Old user","","needs_translation","Direct en_US vs ms_MY gap"
"lang\ms_MY\ticket.lang","OneOfTicketTrackId","One of your tracking ID","","needs_translation","Direct en_US vs ms_MY gap"
"lang\ms_MY\ticket.lang","OrderByDateAsc","Sort by ascending date","","needs_translation","Direct en_US vs ms_MY gap"
"lang\ms_MY\ticket.lang","OrderByDateDesc","Sort by descending date","","needs_translation","Direct en_US vs ms_MY gap"
"lang\ms_MY\ticket.lang","OriginEmail","Reporter Email","","needs_translation","Direct en_US vs ms_MY gap"
"lang\ms_MY\ticket.lang","Permission56001","See tickets","","needs_translation","Direct en_US vs ms_MY gap"
"lang\ms_MY\ticket.lang","Permission56002","Modify tickets","","needs_translation","Direct en_US vs ms_MY gap"
"lang\ms_MY\ticket.lang","Permission56003","Delete tickets","","needs_translation","Direct en_US vs ms_MY gap"
"lang\ms_MY\ticket.lang","Permission56004","Manage tickets","","needs_translation","Direct en_US vs ms_MY gap"
"lang\ms_MY\ticket.lang","Permission56005","See tickets of all third parties (not effective for external users, always be limited to the third party they depend on)","","needs_translation","Direct en_US vs ms_MY gap"
"lang\ms_MY\ticket.lang","Permission56006","Export tickets","","needs_translation","Direct en_US vs ms_MY gap"
"lang\ms_MY\ticket.lang","PleaseRememberThisId","Please keep the tracking number that we might ask you later.","","needs_translation","Direct en_US vs ms_MY gap"
"lang\ms_MY\ticket.lang","PublicInterface","Public interface","","needs_translation","Direct en_US vs ms_MY gap"
"lang\ms_MY\ticket.lang","Read","Read","","needs_translation","Direct en_US vs ms_MY gap"
"lang\ms_MY\ticket.lang","RelatedTickets","Related tickets","","needs_translation","Direct en_US vs ms_MY gap"
"lang\ms_MY\ticket.lang","SeeThisTicketIntomanagementInterface","See ticket in management interface","","needs_translation","Direct en_US vs ms_MY gap"
"lang\ms_MY\ticket.lang","SeeTicket","See ticket","","needs_translation","Direct en_US vs ms_MY gap"
"lang\ms_MY\ticket.lang","SendMessageByEmail","Send message by email","","needs_translation","Direct en_US vs ms_MY gap"
"lang\ms_MY\ticket.lang","SetTitle","Set title","","needs_translation","Direct en_US vs ms_MY gap"
"lang\ms_MY\ticket.lang","Severity","Severity","","needs_translation","Direct en_US vs ms_MY gap"
"lang\ms_MY\ticket.lang","ShowListTicketWithTrackId","Display ticket list from track ID","","needs_translation","Direct en_US vs ms_MY gap"
"lang\ms_MY\ticket.lang","ShowTicket","See ticket","","needs_translation","Direct en_US vs ms_MY gap"
"lang\ms_MY\ticket.lang","ShowTicketWithTrackId","Display ticket from track ID","","needs_translation","Direct en_US vs ms_MY gap"
"lang\ms_MY\ticket.lang","SolvedClosed","Closed","","needs_translation","Direct en_US vs ms_MY gap"
"lang\ms_MY\ticket.lang","Subject","Subject","","needs_translation","Direct en_US vs ms_MY gap"
"lang\ms_MY\ticket.lang","SubjectAnswerToTicket","Ticket answer","","needs_translation","Direct en_US vs ms_MY gap"
"lang\ms_MY\ticket.lang","Ticket","Ticket","","needs_translation","Direct en_US vs ms_MY gap"
"lang\ms_MY\ticket.lang","TicketAddIntervention","Create intervention","","needs_translation","Direct en_US vs ms_MY gap"
"lang\ms_MY\ticket.lang","TicketAddMessage","Add or send a message","","needs_translation","Direct en_US vs ms_MY gap"
"lang\ms_MY\ticket.lang","TicketAddPrivateMessage","Add a private message","","needs_translation","Direct en_US vs ms_MY gap"
"lang\ms_MY\ticket.lang","TicketAssignContactToMessage","Assign an external contact to a message","","needs_translation","Direct en_US vs ms_MY gap"
"lang\ms_MY\ticket.lang","TicketAssignContactToMessageHelp","When a known contact answer to a message, his name is displayed on the ticket messages list.","","needs_translation","Direct en_US vs ms_MY gap"
"lang\ms_MY\ticket.lang","TicketAssigned","Ticket is now assigned","","needs_translation","Direct en_US vs ms_MY gap"
"lang\ms_MY\ticket.lang","TicketAssignedCustomerBody","This is an automatic email to confirm your ticket has been assigned for processing.","","needs_translation","Direct en_US vs ms_MY gap"
"lang\ms_MY\ticket.lang","TicketAssignedCustomerEmail","Your ticket has been assigned for processing.","","needs_translation","Direct en_US vs ms_MY gap"
"lang\ms_MY\ticket.lang","TicketAssignedEmailBody","You have been assigned the ticket #%s by %s","","needs_translation","Direct en_US vs ms_MY gap"
"lang\ms_MY\ticket.lang","TicketAssignedToMeInfos","This page display ticket list created by or assigned to current user","","needs_translation","Direct en_US vs ms_MY gap"
"lang\ms_MY\ticket.lang","TicketAssignedToYou","Ticket assigned","","needs_translation","Direct en_US vs ms_MY gap"
"lang\ms_MY\ticket.lang","TicketAutoChangeStatusOnAnswer","Automatically assign a status when answering a ticket","","needs_translation","Direct en_US vs ms_MY gap"
"lang\ms_MY\ticket.lang","TicketAutoChangeStatusOnAnswerHelp","When a user answers to a ticket, the status will automatically be applied to the ticket","","needs_translation","Direct en_US vs ms_MY gap"
"lang\ms_MY\ticket.lang","TicketAutoCheckNotifyThirdParty","Check by default “Notify third party” when creating a ticket","","needs_translation","Direct en_US vs ms_MY gap"
"lang\ms_MY\ticket.lang","TicketAutoCheckNotifyThirdPartyHelp","When creating a ticket, the option ""Notify third-party"" will be automatically checked.","","needs_translation","Direct en_US vs ms_MY gap"
"lang\ms_MY\ticket.lang","TicketCard","Ticket card","","needs_translation","Direct en_US vs ms_MY gap"
"lang\ms_MY\ticket.lang","TicketCategory","Ticket group","","needs_translation","Direct en_US vs ms_MY gap"
"lang\ms_MY\ticket.lang","TicketCategoryShortOTHER","Other","","needs_translation","Direct en_US vs ms_MY gap"
"lang\ms_MY\ticket.lang","TicketChangeCategory","Change analytic code","","needs_translation","Direct en_US vs ms_MY gap"
"lang\ms_MY\ticket.lang","TicketChangeSeverity","Change severity","","needs_translation","Direct en_US vs ms_MY gap"
"lang\ms_MY\ticket.lang","TicketChangeStatus","Change status","","needs_translation","Direct en_US vs ms_MY gap"
"lang\ms_MY\ticket.lang","TicketChangeType","Change type","","needs_translation","Direct en_US vs ms_MY gap"
"lang\ms_MY\ticket.lang","TicketChooseProductCategory","Product category for ticket support","","needs_translation","Direct en_US vs ms_MY gap"
"lang\ms_MY\ticket.lang","TicketChooseProductCategoryHelp","Select the product category for support. The category will be used to find all contracts that include a product in this category. All contracts found will be linked to the created ticket.","","needs_translation","Direct en_US vs ms_MY gap"
"lang\ms_MY\ticket.lang","TicketCkEditorEmailNotActivated","HTML editor is not activated. Please put FCKEDITOR_ENABLE_MAIL content to 1 to get it.","","needs_translation","Direct en_US vs ms_MY gap"
"lang\ms_MY\ticket.lang","TicketClosedToday","Ticket closed today","","needs_translation","Direct en_US vs ms_MY gap"
"lang\ms_MY\ticket.lang","TicketCloseEmailBodyAdmin","A ticket with ID #%s has just been closed, see information:","","needs_translation","Direct en_US vs ms_MY gap"
"lang\ms_MY\ticket.lang","TicketCloseEmailBodyCustomer","This is an automatic message to notify you that ticket %s has just been closed.","","needs_translation","Direct en_US vs ms_MY gap"
"lang\ms_MY\ticket.lang","TicketCloseEmailBodyInfosTrackUrlCustomer","You can consult the history of this ticket by clicking the following link","","needs_translation","Direct en_US vs ms_MY gap"
"lang\ms_MY\ticket.lang","TicketCloseEmailSubjectAdmin","Ticket closed - Réf %s (public ticket ID %s)","","needs_translation","Direct en_US vs ms_MY gap"
"lang\ms_MY\ticket.lang","TicketCloseEmailSubjectCustomer","Ticket closed","","needs_translation","Direct en_US vs ms_MY gap"
"lang\ms_MY\ticket.lang","TicketCloseOn","Closing date","","needs_translation","Direct en_US vs ms_MY gap"
"lang\ms_MY\ticket.lang","TicketConfirmChangeStatus","Confirm the status change: %s ?","","needs_translation","Direct en_US vs ms_MY gap"
"lang\ms_MY\ticket.lang","TicketContacts","Contacts ticket","","needs_translation","Direct en_US vs ms_MY gap"
"lang\ms_MY\ticket.lang","TicketCreatedToday","Ticket created today","","needs_translation","Direct en_US vs ms_MY gap"
"lang\ms_MY\ticket.lang","TicketCreateThirdPartyWithContactIfNotExist","Ask name and company name for unknown emails.","","needs_translation","Direct en_US vs ms_MY gap"
"lang\ms_MY\ticket.lang","TicketCreateThirdPartyWithContactIfNotExistHelp","Check if a third party or a contact exists for the email entered. If not, ask a name and a company name to create a third party with contact.","","needs_translation","Direct en_US vs ms_MY gap"
"lang\ms_MY\ticket.lang","TicketDeletedSuccess","Ticket deleted with success","","needs_translation","Direct en_US vs ms_MY gap"
"lang\ms_MY\ticket.lang","TicketDictCategory","Ticket - Groups","","needs_translation","Direct en_US vs ms_MY gap"
"lang\ms_MY\ticket.lang","TicketDictResolution","Ticket - Resolution","","needs_translation","Direct en_US vs ms_MY gap"
"lang\ms_MY\ticket.lang","TicketDictSeverity","Ticket - Severities","","needs_translation","Direct en_US vs ms_MY gap"
"lang\ms_MY\ticket.lang","TicketDictType","Ticket - Types","","needs_translation","Direct en_US vs ms_MY gap"
"lang\ms_MY\ticket.lang","TicketDocumentsLinked","Documents linked to ticket","","needs_translation","Direct en_US vs ms_MY gap"
"lang\ms_MY\ticket.lang","TicketDurationAuto","Duration of interventions","","needs_translation","Direct en_US vs ms_MY gap"
"lang\ms_MY\ticket.lang","TicketDurationAutoInfos","Duration calculated automatically from related interventions","","needs_translation","Direct en_US vs ms_MY gap"
"lang\ms_MY\ticket.lang","TicketEmailNotificationFrom","E-mail of sender allowed to send technical notification about tickets (""From"" email for creation of ticket or update of messages)","","needs_translation","Direct en_US vs ms_MY gap"
"lang\ms_MY\ticket.lang","TicketEmailNotificationFromHelp","Sender e-mail to use as the From to send the notification emails for tickets creation or message addition. For example: noreply@example.com or robot@example.com","","needs_translation","Direct en_US vs ms_MY gap"
"lang\ms_MY\ticket.lang","TicketEmailNotificationReplyTo","E-mail that must appears to recipient as the sender of the notification (""Reply-To"" email for creation of ticket or update of messages)","","needs_translation","Direct en_US vs ms_MY gap"
"lang\ms_MY\ticket.lang","TicketEmailNotificationReplyToHelp","Sender e-mail to use as the Reply-To to send the notification emails for tickets creation or message addition. If defined, this is the email that the recipient will reply to instead of the From. For example: support@example.com","","needs_translation","Direct en_US vs ms_MY gap"
"lang\ms_MY\ticket.lang","TicketEmailNotificationTo","Notify ticket creation to this e-mail address","","needs_translation","Direct en_US vs ms_MY gap"
"lang\ms_MY\ticket.lang","TicketEmailNotificationToHelp","If present, this e-mail address will be notified of a ticket creation (in addition to any other default recipients)","","needs_translation","Direct en_US vs ms_MY gap"
"lang\ms_MY\ticket.lang","TicketEmailOriginIssuer","Issuer at origin of the tickets","","needs_translation","Direct en_US vs ms_MY gap"
"lang\ms_MY\ticket.lang","TicketEmailPleaseDoNotReplyToThisEmail","Please do not reply directly to this email! Use the link to reply into the interface.","","needs_translation","Direct en_US vs ms_MY gap"
"lang\ms_MY\ticket.lang","TicketEmailPleaseDoNotReplyToThisEmailNoInterface","Please do not reply directly to this email!","","needs_translation","Direct en_US vs ms_MY gap"
"lang\ms_MY\ticket.lang","TicketGoIntoContactTab","Please go into ""Contacts"" tab to select them","","needs_translation","Direct en_US vs ms_MY gap"
"lang\ms_MY\ticket.lang","TicketGroupIsPublic","Group is public","","needs_translation","Direct en_US vs ms_MY gap"
"lang\ms_MY\ticket.lang","TicketGroupIsPublicDesc","If a ticket group is public, it will be visible in the form when creating a ticket from the public interface","","needs_translation","Direct en_US vs ms_MY gap"
"lang\ms_MY\ticket.lang","TicketHistory","Ticket history","","needs_translation","Direct en_US vs ms_MY gap"
"lang\ms_MY\ticket.lang","TicketInitialMessageModified","Initial message modified","","needs_translation","Direct en_US vs ms_MY gap"
"lang\ms_MY\ticket.lang","TicketList","List of tickets","","needs_translation","Direct en_US vs ms_MY gap"
"lang\ms_MY\ticket.lang","TicketLogAssignedTo","Ticket %s assigned to %s","","needs_translation","Direct en_US vs ms_MY gap"
"lang\ms_MY\ticket.lang","TicketLogClosedBy","Ticket %s closed by %s","","needs_translation","Direct en_US vs ms_MY gap"
"lang\ms_MY\ticket.lang","TicketLogMesgReadBy","Ticket %s read by %s","","needs_translation","Direct en_US vs ms_MY gap"
"lang\ms_MY\ticket.lang","TicketLogPropertyChanged","Ticket %s modified: classification from %s to %s","","needs_translation","Direct en_US vs ms_MY gap"
"lang\ms_MY\ticket.lang","TicketLogReopen","Ticket %s re-open","","needs_translation","Direct en_US vs ms_MY gap"
"lang\ms_MY\ticket.lang","TicketLogStatusChanged","Status changed: %s to %s","","needs_translation","Direct en_US vs ms_MY gap"
"lang\ms_MY\ticket.lang","TicketMailExchanges","Mail exchanges","","needs_translation","Direct en_US vs ms_MY gap"
"lang\ms_MY\ticket.lang","TicketManyContractsLinked","Many contracts have been automatically linked to this ticket. Make sure to verify which should be chosen.","","needs_translation","Direct en_US vs ms_MY gap"
"lang\ms_MY\ticket.lang","TicketMarkedAsClosed","Ticket marked as closed","","needs_translation","Direct en_US vs ms_MY gap"
"lang\ms_MY\ticket.lang","TicketMarkedAsRead","Ticket has been marked as read","","needs_translation","Direct en_US vs ms_MY gap"
"lang\ms_MY\ticket.lang","TicketMessageHelp","Only this text will be saved in the message list on ticket card.","","needs_translation","Direct en_US vs ms_MY gap"
"lang\ms_MY\ticket.lang","TicketMessageMailFooter","Message footer","","needs_translation","Direct en_US vs ms_MY gap"
"lang\ms_MY\ticket.lang","TicketMessageMailFooterHelp","This text is added only at the end of the message sent by email and will not be saved.","","needs_translation","Direct en_US vs ms_MY gap"
"lang\ms_MY\ticket.lang","TicketMessageMailFooterHelpAdmin","This text will be inserted after the response message.","","needs_translation","Direct en_US vs ms_MY gap"
"lang\ms_MY\ticket.lang","TicketMessageMailFooterText","Message sent by <b>%s</b> via Dolibarr","","needs_translation","Direct en_US vs ms_MY gap"
"lang\ms_MY\ticket.lang","TicketMessageMailIntro","Message header","","needs_translation","Direct en_US vs ms_MY gap"
"lang\ms_MY\ticket.lang","TicketMessageMailIntroAutoNewPublicMessage","A new message was posted on the ticket with the subject %s:","","needs_translation","Direct en_US vs ms_MY gap"
"lang\ms_MY\ticket.lang","TicketMessageMailIntroHelp","This text is added only at the beginning of the email and will not be saved.","","needs_translation","Direct en_US vs ms_MY gap"
"lang\ms_MY\ticket.lang","TicketMessageMailIntroHelpAdmin","This text will be inserted before the answer when replying to a ticket from Dolibarr","","needs_translation","Direct en_US vs ms_MY gap"
"lang\ms_MY\ticket.lang","TicketMessageMailIntroText","Hello,<br>A new answer has been added to a ticket that you follow. Here is the message:<br>","","needs_translation","Direct en_US vs ms_MY gap"
"lang\ms_MY\ticket.lang","TicketMessagePrivateHelp","This message will not be visible to external users","","needs_translation","Direct en_US vs ms_MY gap"
"lang\ms_MY\ticket.lang","TicketMessageRecipientsHelp","Recipient field completed with active contacts linked to the ticket","","needs_translation","Direct en_US vs ms_MY gap"
"lang\ms_MY\ticket.lang","TicketMessageSendEmailHelp","An email will be sent to all assigned contact","","needs_translation","Direct en_US vs ms_MY gap"
"lang\ms_MY\ticket.lang","TicketMessageSendEmailHelp2a","(internal contacts, but also external contacts except if the option ""%s"" is checked)","","needs_translation","Direct en_US vs ms_MY gap"
"lang\ms_MY\ticket.lang","TicketMessageSendEmailHelp2b","(internal contacts, but also external contacts)","","needs_translation","Direct en_US vs ms_MY gap"
"lang\ms_MY\ticket.lang","TicketMessagesList","Message list","","needs_translation","Direct en_US vs ms_MY gap"
"lang\ms_MY\ticket.lang","TicketMessageSubstitutionReplacedByGenericValues","Substitutions variables are replaced by generic values.","","needs_translation","Direct en_US vs ms_MY gap"
"lang\ms_MY\ticket.lang","TicketMessageSuccesfullyUpdated","Message successfully updated","","needs_translation","Direct en_US vs ms_MY gap"
"lang\ms_MY\ticket.lang","TicketMessageSuccessfullyAdded","Message successfully added","","needs_translation","Direct en_US vs ms_MY gap"
"lang\ms_MY\ticket.lang","TicketNewEmailBody","This is an automatic email to confirm you have registered a new ticket.","","needs_translation","Direct en_US vs ms_MY gap"
"lang\ms_MY\ticket.lang","TicketNewEmailBodyAdmin","<p>Ticket has just been created with ID #%s, see information:</p>","","needs_translation","Direct en_US vs ms_MY gap"
"lang\ms_MY\ticket.lang","TicketNewEmailBodyCustomer","This is an automatic email to confirm a new ticket has just been created into your account.","","needs_translation","Direct en_US vs ms_MY gap"
"lang\ms_MY\ticket.lang","TicketNewEmailBodyHelp","The text specified here will be inserted into the email confirming the creation of a new ticket from the public interface. Information on the consultation of the ticket are automatically added.","","needs_translation","Direct en_US vs ms_MY gap"
"lang\ms_MY\ticket.lang","TicketNewEmailBodyInfosTicket","Information for monitoring the ticket","","needs_translation","Direct en_US vs ms_MY gap"
"lang\ms_MY\ticket.lang","TicketNewEmailBodyInfosTrackId","Ticket tracking number: %s","","needs_translation","Direct en_US vs ms_MY gap"
"lang\ms_MY\ticket.lang","TicketNewEmailBodyInfosTrackUrl","You can view the progress of the ticket by clicking the following link","","needs_translation","Direct en_US vs ms_MY gap"
"lang\ms_MY\ticket.lang","TicketNewEmailBodyInfosTrackUrlCustomer","You can view the progress of the ticket in the public ticket portal by clicking the following link","","needs_translation","Direct en_US vs ms_MY gap"
"lang\ms_MY\ticket.lang","TicketNewEmailBodyLabel","Text message sent after creating a ticket","","needs_translation","Direct en_US vs ms_MY gap"
"lang\ms_MY\ticket.lang","TicketNewEmailSubject","Ticket creation confirmation - Ref %s (public ticket ID %s)","","needs_translation","Direct en_US vs ms_MY gap"
"lang\ms_MY\ticket.lang","TicketNewEmailSubjectAdmin","New ticket created - Ref %s (public ticket ID %s)","","needs_translation","Direct en_US vs ms_MY gap"
"lang\ms_MY\ticket.lang","TicketNewEmailSubjectCustomer","New support ticket","","needs_translation","Direct en_US vs ms_MY gap"
"lang\ms_MY\ticket.lang","TicketNewMessage","New message","","needs_translation","Direct en_US vs ms_MY gap"
"lang\ms_MY\ticket.lang","TicketNoContractFoundToLink","No contract was found to be automatically linked to this ticket. Please link a contract manually.","","needs_translation","Direct en_US vs ms_MY gap"
"lang\ms_MY\ticket.lang","TicketNotCreatedFromPublicInterface","Not available. Ticket was not created from public interface.","","needs_translation","Direct en_US vs ms_MY gap"
"lang\ms_MY\ticket.lang","TicketNotificationEmailBody","This is an automatic message to notify you that ticket %s has just been updated","","needs_translation","Direct en_US vs ms_MY gap"
"lang\ms_MY\ticket.lang","TicketNotificationEmailBodyInfosTrackUrlinternal","View ticket into interface","","needs_translation","Direct en_US vs ms_MY gap"
"lang\ms_MY\ticket.lang","TicketNotificationEmailSubject","Ticket %s updated","","needs_translation","Direct en_US vs ms_MY gap"
"lang\ms_MY\ticket.lang","TicketNotificationLogMessage","Log message","","needs_translation","Direct en_US vs ms_MY gap"
"lang\ms_MY\ticket.lang","TicketNotificationNumberEmailSent","Notification email sent: %s","","needs_translation","Direct en_US vs ms_MY gap"
"lang\ms_MY\ticket.lang","TicketNotificationRecipient","Notification recipient","","needs_translation","Direct en_US vs ms_MY gap"
"lang\ms_MY\ticket.lang","TicketNotifyAllTiersAtClose","All related contacts","","needs_translation","Direct en_US vs ms_MY gap"
"lang\ms_MY\ticket.lang","TicketNotifyTiersAtCreation","Notify third party at creation","","needs_translation","Direct en_US vs ms_MY gap"
"lang\ms_MY\ticket.lang","TicketNotNotifyTiersAtClose","No related contact","","needs_translation","Direct en_US vs ms_MY gap"
"lang\ms_MY\ticket.lang","TicketNotNotifyTiersAtCreate","Not notify company at create","","needs_translation","Direct en_US vs ms_MY gap"
"lang\ms_MY\ticket.lang","TicketNumberingModules","Tickets numbering module","","needs_translation","Direct en_US vs ms_MY gap"
"lang\ms_MY\ticket.lang","TicketParamMail","Email setup","","needs_translation","Direct en_US vs ms_MY gap"
"lang\ms_MY\ticket.lang","TicketParamModule","Module variable setup","","needs_translation","Direct en_US vs ms_MY gap"
"lang\ms_MY\ticket.lang","TicketParamPublicInterface","Public interface setup","","needs_translation","Direct en_US vs ms_MY gap"
"lang\ms_MY\ticket.lang","TicketParams","Params","","needs_translation","Direct en_US vs ms_MY gap"
"lang\ms_MY\ticket.lang","TicketPleaseSelectAContract","Select a contract","","needs_translation","Direct en_US vs ms_MY gap"
"lang\ms_MY\ticket.lang","TicketProperties","Classification","","needs_translation","Direct en_US vs ms_MY gap"
"lang\ms_MY\ticket.lang","TicketPublicAccess","A public interface requiring no identification is available at the following url","","needs_translation","Direct en_US vs ms_MY gap"
"lang\ms_MY\ticket.lang","TicketPublicDesc","You can create a support ticket or check from an existing ID.","","needs_translation","Direct en_US vs ms_MY gap"
"lang\ms_MY\ticket.lang","TicketPublicInfoCreateTicket","This form allows you to record a support ticket in our management system.","","needs_translation","Direct en_US vs ms_MY gap"
"lang\ms_MY\ticket.lang","TicketPublicInterfaceForbidden","The public interface for the tickets was not enabled","","needs_translation","Direct en_US vs ms_MY gap"
"lang\ms_MY\ticket.lang","TicketPublicInterfaceTextHelpMessageHelpAdmin","This text will appear above the message input area of the user.","","needs_translation","Direct en_US vs ms_MY gap"
"lang\ms_MY\ticket.lang","TicketPublicInterfaceTextHelpMessageLabelAdmin","Help text to the message entry","","needs_translation","Direct en_US vs ms_MY gap"
"lang\ms_MY\ticket.lang","TicketPublicInterfaceTextHome","You can create a support ticket or view existing from its identifier tracking ticket.","","needs_translation","Direct en_US vs ms_MY gap"
"lang\ms_MY\ticket.lang","TicketPublicInterfaceTextHomeHelpAdmin","The text defined here will appear on the home page of the public interface.","","needs_translation","Direct en_US vs ms_MY gap"
"lang\ms_MY\ticket.lang","TicketPublicInterfaceTextHomeLabelAdmin","Welcome text of the public interface","","needs_translation","Direct en_US vs ms_MY gap"
"lang\ms_MY\ticket.lang","TicketPublicInterfaceTopicHelp","This text will appear as the title of the public interface.","","needs_translation","Direct en_US vs ms_MY gap"
"lang\ms_MY\ticket.lang","TicketPublicInterfaceTopicLabelAdmin","Interface title","","needs_translation","Direct en_US vs ms_MY gap"
"lang\ms_MY\ticket.lang","TicketPublicMsgViewLogIn","Please enter ticket tracking ID","","needs_translation","Direct en_US vs ms_MY gap"
"lang\ms_MY\ticket.lang","TicketPublicNotificationNewMessageDefaultEmail","Notifications email to (update)","","needs_translation","Direct en_US vs ms_MY gap"
"lang\ms_MY\ticket.lang","TicketPublicNotificationNewMessageDefaultEmailHelp","Send an email to this address for each new message notifications if the ticket doesn't have a user assigned to it or if the user doesn't have any known email.","","needs_translation","Direct en_US vs ms_MY gap"
"lang\ms_MY\ticket.lang","TicketPublicPleaseBeAccuratelyDescribe","Please accurately describe your request. Provide the most information possible to allow us to correctly identify your request.","","needs_translation","Direct en_US vs ms_MY gap"
"lang\ms_MY\ticket.lang","TicketReadOn","Read on","","needs_translation","Direct en_US vs ms_MY gap"
"lang\ms_MY\ticket.lang","TicketRefAlreadyUsed","The reference [%s] is already used, your new reference is [%s]","","needs_translation","Direct en_US vs ms_MY gap"
"lang\ms_MY\ticket.lang","Tickets","Tickets","","needs_translation","Direct en_US vs ms_MY gap"
"lang\ms_MY\ticket.lang","TicketsActivatePublicInterface","Activate public interface","","needs_translation","Direct en_US vs ms_MY gap"
"lang\ms_MY\ticket.lang","TicketsActivatePublicInterfaceHelp","Public interface allow any visitors to create tickets.","","needs_translation","Direct en_US vs ms_MY gap"
"lang\ms_MY\ticket.lang","TicketsAllowClassificationModificationIfClosed","Allow to modify classification of closed tickets","","needs_translation","Direct en_US vs ms_MY gap"
"lang\ms_MY\ticket.lang","TicketsAllowClassificationModificationIfClosedHelp","Allow to modify classification (type, ticket group, severity) even if tickets are closed.","","needs_translation","Direct en_US vs ms_MY gap"
"lang\ms_MY\ticket.lang","TicketsAutoAssignTicket","Automatically assign the user who created the ticket","","needs_translation","Direct en_US vs ms_MY gap"
"lang\ms_MY\ticket.lang","TicketsAutoAssignTicketHelp","When creating a ticket, the user can be automatically assigned to the ticket<br>Examples: 0=Never automatically assigned to the ticket, 1=Automatically assigned to the ticket if no one is assigned, 2=Automatically assigned to the ticket even if someone was defined","","needs_translation","Direct en_US vs ms_MY gap"
"lang\ms_MY\ticket.lang","TicketsAutoNotifyClose","Automatically notify the third party when closing a ticket","","needs_translation","Direct en_US vs ms_MY gap"
"lang\ms_MY\ticket.lang","TicketsAutoNotifyCloseHelp","When closing a ticket, you will be proposed to send a message to one of third-party contacts. On mass closing, a message will be sent to one contact of the third party linked to the ticket.","","needs_translation","Direct en_US vs ms_MY gap"
"lang\ms_MY\ticket.lang","TicketsAutoReadTicket","Automatically mark the ticket as read (when created from back office)","","needs_translation","Direct en_US vs ms_MY gap"
"lang\ms_MY\ticket.lang","TicketsAutoReadTicketHelp","Automatically mark the ticket as read when created from back office. When ticket is create from the public interface, ticket remains with the status ""Not Read"".","","needs_translation","Direct en_US vs ms_MY gap"
"lang\ms_MY\ticket.lang","TicketsDelayBeforeFirstAnswer","A new ticket should receive a first answer before (hours):","","needs_translation","Direct en_US vs ms_MY gap"
"lang\ms_MY\ticket.lang","TicketsDelayBeforeFirstAnswerHelp","If a new ticket has not received an answer after this time period (in hours), an important warning icon will be displayed in the list view.","","needs_translation","Direct en_US vs ms_MY gap"
"lang\ms_MY\ticket.lang","TicketsDelayBetweenAnswers","An unresolved ticket should not be unactive during (hours):","","needs_translation","Direct en_US vs ms_MY gap"
"lang\ms_MY\ticket.lang","TicketsDelayBetweenAnswersHelp","If an unresolved ticket that has already received an answer has not had further interaction after this time period (in hours), a warning icon will be displayed in the list view.","","needs_translation","Direct en_US vs ms_MY gap"
"lang\ms_MY\ticket.lang","TicketsDelayForFirstResponseTooLong","Too much time elapsed since ticket opening without any answer.","","needs_translation","Direct en_US vs ms_MY gap"
"lang\ms_MY\ticket.lang","TicketsDelayFromLastResponseTooLong","Too much time elapsed since last answer on this ticket.","","needs_translation","Direct en_US vs ms_MY gap"
"lang\ms_MY\ticket.lang","TicketsDisableCustomerEmail","Always disable emails to third parties when a ticket is created from the backoffice","","needs_translation","Direct en_US vs ms_MY gap"
"lang\ms_MY\ticket.lang","TicketsDisableEmail","Do not send emails for ticket creation or message recording","","needs_translation","Direct en_US vs ms_MY gap"
"lang\ms_MY\ticket.lang","TicketsDisableEmailHelp","By default, notification emails to third parties are sent when new tickets or messages are created for both backoffice and public interface. Enable this option to disable email notifications to thirdparties when creation is done from backoffice.","","needs_translation","Direct en_US vs ms_MY gap"
"lang\ms_MY\ticket.lang","TicketsEmailAlsoSendToMainAddress","Also send a notification to the main email address","","needs_translation","Direct en_US vs ms_MY gap"
"lang\ms_MY\ticket.lang","TicketsEmailAlsoSendToMainAddressHelp","Enable this option to also send an email to the address defined into setup ""%s"" (see tab ""%s"")","","needs_translation","Direct en_US vs ms_MY gap"
"lang\ms_MY\ticket.lang","TicketsEmailMustExist","Require an existing email address to create a ticket","","needs_translation","Direct en_US vs ms_MY gap"
"lang\ms_MY\ticket.lang","TicketsEmailMustExistHelp","In the public interface, the email address should already be filled in the database to create a new ticket.","","needs_translation","Direct en_US vs ms_MY gap"
"lang\ms_MY\ticket.lang","TicketSendToInternalCC","Force an email as CC recipient to all messages send from ticket page.","","needs_translation","Direct en_US vs ms_MY gap"
"lang\ms_MY\ticket.lang","TicketSendToInternalCCHelp","Enter the email you want to use automatically as a Carbon Copy recipient when sending an email from ticket page.","","needs_translation","Direct en_US vs ms_MY gap"
"lang\ms_MY\ticket.lang","TicketSettings","Settings","","needs_translation","Direct en_US vs ms_MY gap"
"lang\ms_MY\ticket.lang","TicketSetup","Ticket module setup","","needs_translation","Direct en_US vs ms_MY gap"
"lang\ms_MY\ticket.lang","TicketSetupDictionaries","The type of ticket, severity and analytic codes are configurable from dictionaries","","needs_translation","Direct en_US vs ms_MY gap"
"lang\ms_MY\ticket.lang","TicketSeverity","Severity","","needs_translation","Direct en_US vs ms_MY gap"
"lang\ms_MY\ticket.lang","TicketSeverityShortBLOCKING","Critical, Blocking","","needs_translation","Direct en_US vs ms_MY gap"
"lang\ms_MY\ticket.lang","TicketSeverityShortHIGH","High","","needs_translation","Direct en_US vs ms_MY gap"
"lang\ms_MY\ticket.lang","TicketSeverityShortLOW","Low","","needs_translation","Direct en_US vs ms_MY gap"
"lang\ms_MY\ticket.lang","TicketSeverityShortNORMAL","Normal","","needs_translation","Direct en_US vs ms_MY gap"
"lang\ms_MY\ticket.lang","TicketsIndex","Tickets area","","needs_translation","Direct en_US vs ms_MY gap"
"lang\ms_MY\ticket.lang","TicketsLimitViewAssignedOnly","Restrict the display to tickets assigned to the current user (not effective for external users, always be limited to the third party they depend on)","","needs_translation","Direct en_US vs ms_MY gap"
"lang\ms_MY\ticket.lang","TicketsLimitViewAssignedOnlyHelp","Only tickets assigned to the current user will be visible. Does not apply to a user with tickets management rights.","","needs_translation","Direct en_US vs ms_MY gap"
"lang\ms_MY\ticket.lang","TicketsLogEnableEmail","Enable log by email","","needs_translation","Direct en_US vs ms_MY gap"
"lang\ms_MY\ticket.lang","TicketsLogEnableEmailHelp","At each change, an email will be sent **to each contact** associated with the ticket.","","needs_translation","Direct en_US vs ms_MY gap"
"lang\ms_MY\ticket.lang","TicketsManagement","Tickets Management","","needs_translation","Direct en_US vs ms_MY gap"
"lang\ms_MY\ticket.lang","TicketsModelModule","Document templates for tickets","","needs_translation","Direct en_US vs ms_MY gap"
"lang\ms_MY\ticket.lang","TicketsNotifyThirdPartyFromBackOfficeByDefault","Notify third party by default on ticket creation from backoffice","","needs_translation","Direct en_US vs ms_MY gap"
"lang\ms_MY\ticket.lang","TicketsNotifyThirdPartyFromBackOfficeByDefaultHelp","When creating a ticket from the backoffice, the option ""Notify third party"" will be checked by default","","needs_translation","Direct en_US vs ms_MY gap"
"lang\ms_MY\ticket.lang","TicketsPublicNotificationNewMessage","Send email(s) when a new message/comment is added to a ticket","","needs_translation","Direct en_US vs ms_MY gap"
"lang\ms_MY\ticket.lang","TicketsPublicNotificationNewMessageHelp","Send email(s) when a new message is added from public interface (to assigned user or the notifications email to (update) and/or the notifications email to)","","needs_translation","Direct en_US vs ms_MY gap"
"lang\ms_MY\ticket.lang","TicketsShowCompanyFooter","Display the footer of the company in the public interface","","needs_translation","Direct en_US vs ms_MY gap"
"lang\ms_MY\ticket.lang","TicketsShowCompanyFooterHelp","Enable this option to show the footer of the main company in the pages of the public interface","","needs_translation","Direct en_US vs ms_MY gap"
"lang\ms_MY\ticket.lang","TicketsShowCompanyLogo","Display the logo of the company in the public interface","","needs_translation","Direct en_US vs ms_MY gap"
"lang\ms_MY\ticket.lang","TicketsShowCompanyLogoHelp","Enable this option to show the logo of the main company in the pages of the public interface","","needs_translation","Direct en_US vs ms_MY gap"
"lang\ms_MY\ticket.lang","TicketsShowModuleLogo","Display the logo of the module in the public interface","","needs_translation","Direct en_US vs ms_MY gap"
"lang\ms_MY\ticket.lang","TicketsShowModuleLogoHelp","Enable this option to hide the logo module in the pages of the public interface","","needs_translation","Direct en_US vs ms_MY gap"
"lang\ms_MY\ticket.lang","TicketsShowProgression","Display the ticket progress in the public interface","","needs_translation","Direct en_US vs ms_MY gap"
"lang\ms_MY\ticket.lang","TicketsShowProgressionHelp","Enable this option to hide the progress of the ticket in the public interface pages","","needs_translation","Direct en_US vs ms_MY gap"
"lang\ms_MY\ticket.lang","TicketStatByStatus","Tickets by status","","needs_translation","Direct en_US vs ms_MY gap"
"lang\ms_MY\ticket.lang","TicketSystem","Ticket system","","needs_translation","Direct en_US vs ms_MY gap"
"lang\ms_MY\ticket.lang","TicketTimeElapsedBeforeSince","Time elapsed before / since","","needs_translation","Direct en_US vs ms_MY gap"
"lang\ms_MY\ticket.lang","TicketTimeToRead","Time elapsed before read","","needs_translation","Direct en_US vs ms_MY gap"
"lang\ms_MY\ticket.lang","TicketTrackId","Tracking ID","","needs_translation","Direct en_US vs ms_MY gap"
"lang\ms_MY\ticket.lang","TicketTypeRequest","Request type","","needs_translation","Direct en_US vs ms_MY gap"
"lang\ms_MY\ticket.lang","TicketTypeShortCOM","Commercial question","","needs_translation","Direct en_US vs ms_MY gap"
"lang\ms_MY\ticket.lang","TicketTypeShortHELP","Request for functional help","","needs_translation","Direct en_US vs ms_MY gap"
"lang\ms_MY\ticket.lang","TicketTypeShortISSUE","Issue or bug","","needs_translation","Direct en_US vs ms_MY gap"
"lang\ms_MY\ticket.lang","TicketTypeShortOTHER","Other","","needs_translation","Direct en_US vs ms_MY gap"
"lang\ms_MY\ticket.lang","TicketTypeShortPROBLEM","Problem","","needs_translation","Direct en_US vs ms_MY gap"
"lang\ms_MY\ticket.lang","TicketTypeShortPROJET","Project","","needs_translation","Direct en_US vs ms_MY gap"
"lang\ms_MY\ticket.lang","TicketTypeShortREQUEST","Change or enhancement request","","needs_translation","Direct en_US vs ms_MY gap"
"lang\ms_MY\ticket.lang","TicketUpdated","Ticket updated","","needs_translation","Direct en_US vs ms_MY gap"
"lang\ms_MY\ticket.lang","TicketUseCaptchaCode","Use graphical code (CAPTCHA) when creating a ticket","","needs_translation","Direct en_US vs ms_MY gap"
"lang\ms_MY\ticket.lang","TicketUseCaptchaCodeHelp","Adds CAPTCHA verification when creating a new ticket.","","needs_translation","Direct en_US vs ms_MY gap"
"lang\ms_MY\ticket.lang","TicketViewAllTickets","View all tickets","","needs_translation","Direct en_US vs ms_MY gap"
"lang\ms_MY\ticket.lang","TicketViewNonClosedOnly","View only open tickets","","needs_translation","Direct en_US vs ms_MY gap"
"lang\ms_MY\ticket.lang","TicketWrongContact","Provided contact is not part of current ticket contacts. Email not sent.","","needs_translation","Direct en_US vs ms_MY gap"
"lang\ms_MY\ticket.lang","TimeElapsedSince","Time elapsed since","","needs_translation","Direct en_US vs ms_MY gap"
"lang\ms_MY\ticket.lang","TypeContact_ticket_external_CONTRIBUTOR","External contributor","","needs_translation","Direct en_US vs ms_MY gap"
"lang\ms_MY\ticket.lang","TypeContact_ticket_external_SUPPORTCLI","Customer contact / incident tracking","","needs_translation","Direct en_US vs ms_MY gap"
"lang\ms_MY\ticket.lang","TypeContact_ticket_internal_CONTRIBUTOR","Contributor","","needs_translation","Direct en_US vs ms_MY gap"
"lang\ms_MY\ticket.lang","TypeContact_ticket_internal_SUPPORTTEC","Assigned user","","needs_translation","Direct en_US vs ms_MY gap"
"lang\ms_MY\ticket.lang","UnableToCreateInterIfNoSocid","Can not create an intervention when no third party is defined","","needs_translation","Direct en_US vs ms_MY gap"
"lang\ms_MY\ticket.lang","Unread","Unread","","needs_translation","Direct en_US vs ms_MY gap"
"lang\ms_MY\ticket.lang","ViewMyTicketList","View my ticket list","","needs_translation","Direct en_US vs ms_MY gap"
"lang\ms_MY\ticket.lang","ViewTicket","View ticket","","needs_translation","Direct en_US vs ms_MY gap"
"lang\ms_MY\ticket.lang","Waiting","Waiting","","needs_translation","Direct en_US vs ms_MY gap"
"lang\ms_MY\ticket.lang","YourTicketSuccessfullySaved","Ticket has been successfully saved!","","needs_translation","Direct en_US vs ms_MY gap"
"lang\ms_MY\trips.lang","ACCOUNTING_ACCOUNT_EXPENSEREPORT","Account (from the Chart of Account) used by default for ""users"" on expense reports","","needs_translation","Direct en_US vs ms_MY gap"
"lang\ms_MY\trips.lang","ACCOUNTING_ACCOUNT_EXPENSEREPORT_Desc","The dedicated account defined on the user card will be used for Subledger accounting only. This one will be used for General Ledger, and also as the default value of Subledger accounting if no dedicated accounting account is not defined on the user.","","needs_translation","Direct en_US vs ms_MY gap"
"lang\ms_MY\trips.lang","AddTrip","Create expense report","","needs_translation","Direct en_US vs ms_MY gap"
"lang\ms_MY\trips.lang","AllExpenseReport","All type of expense report","","needs_translation","Direct en_US vs ms_MY gap"
"lang\ms_MY\trips.lang","AllExpenseReports","All expense reports","","needs_translation","Direct en_US vs ms_MY gap"
"lang\ms_MY\trips.lang","AnyOtherInThisListCanValidate","Person to be informed for validating the request.","","needs_translation","Direct en_US vs ms_MY gap"
"lang\ms_MY\trips.lang","AttachTheNewLineToTheDocument","Attach the line to an uploaded document","","needs_translation","Direct en_US vs ms_MY gap"
"lang\ms_MY\trips.lang","AucuneLigne","There is no expense report declared yet","","needs_translation","Direct en_US vs ms_MY gap"
"lang\ms_MY\trips.lang","AUTHOR","Recorded by","","needs_translation","Direct en_US vs ms_MY gap"
"lang\ms_MY\trips.lang","AUTHORPAIEMENT","Paid by","","needs_translation","Direct en_US vs ms_MY gap"
"lang\ms_MY\trips.lang","BrouillonnerTrip","Move back expense report to status ""Draft""","","needs_translation","Direct en_US vs ms_MY gap"
"lang\ms_MY\trips.lang","byEX_DAY","by day (limitation to %s)","","needs_translation","Direct en_US vs ms_MY gap"
"lang\ms_MY\trips.lang","byEX_EXP","by line (limitation to %s)","","needs_translation","Direct en_US vs ms_MY gap"
"lang\ms_MY\trips.lang","byEX_MON","by month (limitation to %s)","","needs_translation","Direct en_US vs ms_MY gap"
"lang\ms_MY\trips.lang","byEX_YEA","by year (limitation to %s)","","needs_translation","Direct en_US vs ms_MY gap"
"lang\ms_MY\trips.lang","CANCEL_USER","Deleted by","","needs_translation","Direct en_US vs ms_MY gap"
"lang\ms_MY\trips.lang","CarCategory","Vehicle category","","needs_translation","Direct en_US vs ms_MY gap"
"lang\ms_MY\trips.lang","ClassifyRefunded","Classify 'Refunded'","","needs_translation","Direct en_US vs ms_MY gap"
"lang\ms_MY\trips.lang","CompanyVisited","Company/organization visited","","needs_translation","Direct en_US vs ms_MY gap"
"lang\ms_MY\trips.lang","ConfirmBrouillonnerTrip","Are you sure you want to move this expense report to status ""Draft""?","","needs_translation","Direct en_US vs ms_MY gap"
"lang\ms_MY\trips.lang","ConfirmCancelTrip","Are you sure you want to cancel this expense report?","","needs_translation","Direct en_US vs ms_MY gap"
"lang\ms_MY\trips.lang","ConfirmCloneExpenseReport","Are you sure you want to clone this expense report ?","","needs_translation","Direct en_US vs ms_MY gap"
"lang\ms_MY\trips.lang","ConfirmDeleteTrip","Are you sure you want to delete this expense report?","","needs_translation","Direct en_US vs ms_MY gap"
"lang\ms_MY\trips.lang","ConfirmPaidTrip","Are you sure you want to change status of this expense report to ""Paid""?","","needs_translation","Direct en_US vs ms_MY gap"
"lang\ms_MY\trips.lang","ConfirmRefuseTrip","Are you sure you want to deny this expense report?","","needs_translation","Direct en_US vs ms_MY gap"
"lang\ms_MY\trips.lang","ConfirmSaveTrip","Are you sure you want to validate this expense report?","","needs_translation","Direct en_US vs ms_MY gap"
"lang\ms_MY\trips.lang","ConfirmValideTrip","Are you sure you want to approve this expense report?","","needs_translation","Direct en_US vs ms_MY gap"
"lang\ms_MY\trips.lang","DATE_CANCEL","Cancellation date","","needs_translation","Direct en_US vs ms_MY gap"
"lang\ms_MY\trips.lang","DATE_PAIEMENT","Payment date","","needs_translation","Direct en_US vs ms_MY gap"
"lang\ms_MY\trips.lang","DATE_REFUS","Deny date","","needs_translation","Direct en_US vs ms_MY gap"
"lang\ms_MY\trips.lang","DATE_SAVE","Validation date","","needs_translation","Direct en_US vs ms_MY gap"
"lang\ms_MY\trips.lang","DefaultCategoryCar","Default transportation mode","","needs_translation","Direct en_US vs ms_MY gap"
"lang\ms_MY\trips.lang","DefaultRangeNumber","Default range number","","needs_translation","Direct en_US vs ms_MY gap"
"lang\ms_MY\trips.lang","DeleteTrip","Delete expense report","","needs_translation","Direct en_US vs ms_MY gap"
"lang\ms_MY\trips.lang","Error_EXPENSEREPORT_ADDON_NotDefined","Error, the rule for expense report numbering ref was not defined into setup of module 'Expense Report'","","needs_translation","Direct en_US vs ms_MY gap"
"lang\ms_MY\trips.lang","errorComputeTtcOnMileageExpense","Error on computing mileage expense","","needs_translation","Direct en_US vs ms_MY gap"
"lang\ms_MY\trips.lang","ErrorDoubleDeclaration","You have declared another expense report into a similar date range.","","needs_translation","Direct en_US vs ms_MY gap"
"lang\ms_MY\trips.lang","EX_BRE","Breakfast","","needs_translation","Direct en_US vs ms_MY gap"
"lang\ms_MY\trips.lang","EX_CAM","CV maintenance and repair","","needs_translation","Direct en_US vs ms_MY gap"
"lang\ms_MY\trips.lang","EX_CAM_VP","PV maintenance and repair","","needs_translation","Direct en_US vs ms_MY gap"
"lang\ms_MY\trips.lang","EX_CAR","Car rental","","needs_translation","Direct en_US vs ms_MY gap"
"lang\ms_MY\trips.lang","EX_CUR","Customers receiving","","needs_translation","Direct en_US vs ms_MY gap"
"lang\ms_MY\trips.lang","EX_DOC","Documentation","","needs_translation","Direct en_US vs ms_MY gap"
"lang\ms_MY\trips.lang","EX_EMM","Employees meal","","needs_translation","Direct en_US vs ms_MY gap"
"lang\ms_MY\trips.lang","EX_FUE","Fuel CV","","needs_translation","Direct en_US vs ms_MY gap"
"lang\ms_MY\trips.lang","EX_FUE_VP","Fuel PV","","needs_translation","Direct en_US vs ms_MY gap"
"lang\ms_MY\trips.lang","EX_GUM","Guests meal","","needs_translation","Direct en_US vs ms_MY gap"
"lang\ms_MY\trips.lang","EX_HOT","Hotel","","needs_translation","Direct en_US vs ms_MY gap"
"lang\ms_MY\trips.lang","EX_IND","Indemnity transportation subscription","","needs_translation","Direct en_US vs ms_MY gap"
"lang\ms_MY\trips.lang","EX_KME","Mileage costs","","needs_translation","Direct en_US vs ms_MY gap"
"lang\ms_MY\trips.lang","EX_OTR","Other receiving","","needs_translation","Direct en_US vs ms_MY gap"
"lang\ms_MY\trips.lang","EX_PAR","Parking CV","","needs_translation","Direct en_US vs ms_MY gap"
"lang\ms_MY\trips.lang","EX_PAR_VP","Parking PV","","needs_translation","Direct en_US vs ms_MY gap"
"lang\ms_MY\trips.lang","EX_POS","Postage","","needs_translation","Direct en_US vs ms_MY gap"
"lang\ms_MY\trips.lang","EX_SUM","Maintenance supply","","needs_translation","Direct en_US vs ms_MY gap"
"lang\ms_MY\trips.lang","EX_SUO","Office supplies","","needs_translation","Direct en_US vs ms_MY gap"
"lang\ms_MY\trips.lang","EX_TAX","Various Taxes","","needs_translation","Direct en_US vs ms_MY gap"
"lang\ms_MY\trips.lang","EX_TOL","Toll CV","","needs_translation","Direct en_US vs ms_MY gap"
"lang\ms_MY\trips.lang","EX_TOL_VP","Toll PV","","needs_translation","Direct en_US vs ms_MY gap"
"lang\ms_MY\trips.lang","ExpenseRangeOffset","Offset amount: %s","","needs_translation","Direct en_US vs ms_MY gap"
"lang\ms_MY\trips.lang","ExpenseReportApplyTo","Apply to","","needs_translation","Direct en_US vs ms_MY gap"
"lang\ms_MY\trips.lang","ExpenseReportApproved","An expense report was approved","","needs_translation","Direct en_US vs ms_MY gap"
"lang\ms_MY\trips.lang","ExpenseReportApprovedMessage","The expense report %s was approved.<br> - User: %s<br> - Approved by: %s<br>Click here to show the expense report: %s","","needs_translation","Direct en_US vs ms_MY gap"
"lang\ms_MY\trips.lang","ExpenseReportCanceled","An expense report was canceled","","needs_translation","Direct en_US vs ms_MY gap"
"lang\ms_MY\trips.lang","ExpenseReportCanceledMessage","The expense report %s was canceled.<br> - User: %s<br> - Canceled by: %s<br> - Motive for cancellation: %s<br>Click here to show the expense report: %s","","needs_translation","Direct en_US vs ms_MY gap"
"lang\ms_MY\trips.lang","expenseReportCatDisabled","Category disabled - see the c_exp_tax_cat dictionary","","needs_translation","Direct en_US vs ms_MY gap"
"lang\ms_MY\trips.lang","expenseReportCoef","Coefficient","","needs_translation","Direct en_US vs ms_MY gap"
"lang\ms_MY\trips.lang","expenseReportCoefUndefined","(value not defined)","","needs_translation","Direct en_US vs ms_MY gap"
"lang\ms_MY\trips.lang","ExpenseReportConstraintViolationError","Max amount exceeded (rule %s): %s is higher than %s (Exceeding forbidden)","","needs_translation","Direct en_US vs ms_MY gap"
"lang\ms_MY\trips.lang","ExpenseReportConstraintViolationWarning","Max amount exceeded (rule %s): %s is higher than %s (Exceeding authorized)","","needs_translation","Direct en_US vs ms_MY gap"
"lang\ms_MY\trips.lang","ExpenseReportDateEnd","Date end","","needs_translation","Direct en_US vs ms_MY gap"
"lang\ms_MY\trips.lang","ExpenseReportDateStart","Date start","","needs_translation","Direct en_US vs ms_MY gap"
"lang\ms_MY\trips.lang","ExpenseReportDomain","Domain to apply","","needs_translation","Direct en_US vs ms_MY gap"
"lang\ms_MY\trips.lang","ExpenseReportIkDesc","You can modify the calculation of kilometers expense by category and range who they are previously defined. <b>d</b> is the distance in kilometers","","needs_translation","Direct en_US vs ms_MY gap"
"lang\ms_MY\trips.lang","ExpenseReportLimitAmount","Max amount","","needs_translation","Direct en_US vs ms_MY gap"
"lang\ms_MY\trips.lang","ExpenseReportLimitOn","Limit on","","needs_translation","Direct en_US vs ms_MY gap"
"lang\ms_MY\trips.lang","ExpenseReportLine","Expense report line","","needs_translation","Direct en_US vs ms_MY gap"
"lang\ms_MY\trips.lang","expenseReportOffset","Offset","","needs_translation","Direct en_US vs ms_MY gap"
"lang\ms_MY\trips.lang","ExpenseReportPaid","An expense report was paid","","needs_translation","Direct en_US vs ms_MY gap"
"lang\ms_MY\trips.lang","ExpenseReportPaidMessage","The expense report %s was paid.<br> - User: %s<br> - Paid by: %s<br>Click here to show the expense report: %s","","needs_translation","Direct en_US vs ms_MY gap"
"lang\ms_MY\trips.lang","ExpenseReportPayment","Expense report payment","","needs_translation","Direct en_US vs ms_MY gap"
"lang\ms_MY\trips.lang","ExpenseReportPayments","Expense report payments","","needs_translation","Direct en_US vs ms_MY gap"
"lang\ms_MY\trips.lang","expenseReportPrintExample","offset + (d x coef) = %s","","needs_translation","Direct en_US vs ms_MY gap"
"lang\ms_MY\trips.lang","expenseReportRangeDisabled","Range disabled - see the c_exp_tax_range dictionary","","needs_translation","Direct en_US vs ms_MY gap"
"lang\ms_MY\trips.lang","expenseReportRangeFromTo","from %d to %d","","needs_translation","Direct en_US vs ms_MY gap"
"lang\ms_MY\trips.lang","expenseReportRangeMoreThan","more than %d","","needs_translation","Direct en_US vs ms_MY gap"
"lang\ms_MY\trips.lang","ExpenseReportRef","Ref. expense report","","needs_translation","Direct en_US vs ms_MY gap"
"lang\ms_MY\trips.lang","ExpenseReportRefused","An expense report was refused","","needs_translation","Direct en_US vs ms_MY gap"
"lang\ms_MY\trips.lang","ExpenseReportRefusedMessage","The expense report %s was refused.<br> - User: %s<br> - Refused by: %s<br> - Motive for refusal: %s<br>Click here to show the expense report: %s","","needs_translation","Direct en_US vs ms_MY gap"
"lang\ms_MY\trips.lang","ExpenseReportRestrictive","Exceeding forbidden","","needs_translation","Direct en_US vs ms_MY gap"
"lang\ms_MY\trips.lang","ExpenseReportRuleErrorOnSave","Error: %s","","needs_translation","Direct en_US vs ms_MY gap"
"lang\ms_MY\trips.lang","ExpenseReportRuleSave","Expense report rule saved","","needs_translation","Direct en_US vs ms_MY gap"
"lang\ms_MY\trips.lang","ExpenseReportRulesDesc","You can define max amount rules for expense reports. These rules will be applied when a new expense is added to an expense report","","needs_translation","Direct en_US vs ms_MY gap"
"lang\ms_MY\trips.lang","ExpenseReportsIk","Configuration of mileage charges","","needs_translation","Direct en_US vs ms_MY gap"
"lang\ms_MY\trips.lang","ExpenseReportsRules","Expense report rules","","needs_translation","Direct en_US vs ms_MY gap"
"lang\ms_MY\trips.lang","ExpenseReportsToApprove","Expense reports to approve","","needs_translation","Direct en_US vs ms_MY gap"
"lang\ms_MY\trips.lang","ExpenseReportsToPay","Expense reports to pay","","needs_translation","Direct en_US vs ms_MY gap"
"lang\ms_MY\trips.lang","expenseReportTotalForFive","Example with <u>d</u> = 5","","needs_translation","Direct en_US vs ms_MY gap"
"lang\ms_MY\trips.lang","ExpenseReportWaitingForApproval","A new expense report has been submitted for approval","","needs_translation","Direct en_US vs ms_MY gap"
"lang\ms_MY\trips.lang","ExpenseReportWaitingForApprovalMessage","A new expense report has been submitted and is waiting for approval.<br> - User: %s<br> - Period: %s<br>Click here to validate: %s","","needs_translation","Direct en_US vs ms_MY gap"
"lang\ms_MY\trips.lang","ExpenseReportWaitingForReApproval","An expense report has been submitted for re-approval","","needs_translation","Direct en_US vs ms_MY gap"
"lang\ms_MY\trips.lang","ExpenseReportWaitingForReApprovalMessage","An expense report has been submitted and is waiting for re-approval.<br>The %s, you refused to approve the expense report for this reason: %s.<br>A new version has been proposed and waiting for your approval.<br> - User: %s<br> - Period: %s<br>","","needs_translation","Direct en_US vs ms_MY gap"
"lang\ms_MY\trips.lang","ExpenseReportWaitingForReApprovalMessage2","Click here to validate: %s","","needs_translation","Direct en_US vs ms_MY gap"
"lang\ms_MY\trips.lang","ExpensesArea","Expense reports area","","needs_translation","Direct en_US vs ms_MY gap"
"lang\ms_MY\trips.lang","FailedToSetPaid","Failed to set as paid","","needs_translation","Direct en_US vs ms_MY gap"
"lang\ms_MY\trips.lang","FailedToSetToCancel","Failed to cancel","","needs_translation","Direct en_US vs ms_MY gap"
"lang\ms_MY\trips.lang","FeesKilometersOrAmout","Amount or kilometers","","needs_translation","Direct en_US vs ms_MY gap"
"lang\ms_MY\trips.lang","LastExpenseReports","Latest %s expense reports","","needs_translation","Direct en_US vs ms_MY gap"
"lang\ms_MY\trips.lang","ListOfFees","List of fees","","needs_translation","Direct en_US vs ms_MY gap"
"lang\ms_MY\trips.lang","ListOfTrips","List of expense reports","","needs_translation","Direct en_US vs ms_MY gap"
"lang\ms_MY\trips.lang","ListToApprove","Waiting for approval","","needs_translation","Direct en_US vs ms_MY gap"
"lang\ms_MY\trips.lang","ListTripsAndExpenses","List of expense reports","","needs_translation","Direct en_US vs ms_MY gap"
"lang\ms_MY\trips.lang","ModePaiement","Payment mode","","needs_translation","Direct en_US vs ms_MY gap"
"lang\ms_MY\trips.lang","MOTIF_CANCEL","Reason","","needs_translation","Direct en_US vs ms_MY gap"
"lang\ms_MY\trips.lang","MOTIF_REFUS","Reason","","needs_translation","Direct en_US vs ms_MY gap"
"lang\ms_MY\trips.lang","NewTrip","New expense report","","needs_translation","Direct en_US vs ms_MY gap"
"lang\ms_MY\trips.lang","NobodyHasPermissionToValidateExpenseReport","Nobody has permission to validate expensereport","","needs_translation","Direct en_US vs ms_MY gap"
"lang\ms_MY\trips.lang","nolimitbyEX_DAY","by day (no limitation)","","needs_translation","Direct en_US vs ms_MY gap"
"lang\ms_MY\trips.lang","nolimitbyEX_EXP","by line (no limitation)","","needs_translation","Direct en_US vs ms_MY gap"
"lang\ms_MY\trips.lang","nolimitbyEX_MON","by month (no limitation)","","needs_translation","Direct en_US vs ms_MY gap"
"lang\ms_MY\trips.lang","nolimitbyEX_YEA","by year (no limitation)","","needs_translation","Direct en_US vs ms_MY gap"
"lang\ms_MY\trips.lang","NOT_AUTHOR","You are not the author of this expense report. Operation canceled.","","needs_translation","Direct en_US vs ms_MY gap"
"lang\ms_MY\trips.lang","NoTripsToExportCSV","No expense report to export for this period.","","needs_translation","Direct en_US vs ms_MY gap"
"lang\ms_MY\trips.lang","OnExpense","Expense line","","needs_translation","Direct en_US vs ms_MY gap"
"lang\ms_MY\trips.lang","PaidTrip","Pay an expense report","","needs_translation","Direct en_US vs ms_MY gap"
"lang\ms_MY\trips.lang","PDFStandardExpenseReports","Standard template to generate a PDF document for an expense report","","needs_translation","Direct en_US vs ms_MY gap"
"lang\ms_MY\trips.lang","RangeIk","Mileage range","","needs_translation","Direct en_US vs ms_MY gap"
"lang\ms_MY\trips.lang","RangeNum","Range %d","","needs_translation","Direct en_US vs ms_MY gap"
"lang\ms_MY\trips.lang","REFUSEUR","Denied by","","needs_translation","Direct en_US vs ms_MY gap"
"lang\ms_MY\trips.lang","SaveTrip","Validate expense report","","needs_translation","Direct en_US vs ms_MY gap"
"lang\ms_MY\trips.lang","ShowExpenseReport","Show expense report","","needs_translation","Direct en_US vs ms_MY gap"
"lang\ms_MY\trips.lang","ShowTrip","Show expense report","","needs_translation","Direct en_US vs ms_MY gap"
"lang\ms_MY\trips.lang","TaxUndefinedForThisCategory"," Tax is undefined for this category","","needs_translation","Direct en_US vs ms_MY gap"
"lang\ms_MY\trips.lang","TF_BUS","Bus","","needs_translation","Direct en_US vs ms_MY gap"
"lang\ms_MY\trips.lang","TF_CAR","Car","","needs_translation","Direct en_US vs ms_MY gap"
"lang\ms_MY\trips.lang","TF_ESSENCE","Fuel","","needs_translation","Direct en_US vs ms_MY gap"
"lang\ms_MY\trips.lang","TF_HOTEL","Hotel","","needs_translation","Direct en_US vs ms_MY gap"
"lang\ms_MY\trips.lang","TF_LUNCH","Lunch","","needs_translation","Direct en_US vs ms_MY gap"
"lang\ms_MY\trips.lang","TF_METRO","Metro","","needs_translation","Direct en_US vs ms_MY gap"
"lang\ms_MY\trips.lang","TF_OTHER","Other","","needs_translation","Direct en_US vs ms_MY gap"
"lang\ms_MY\trips.lang","TF_PEAGE","Toll","","needs_translation","Direct en_US vs ms_MY gap"
"lang\ms_MY\trips.lang","TF_TAXI","Taxi","","needs_translation","Direct en_US vs ms_MY gap"
"lang\ms_MY\trips.lang","TF_TRAIN","Train","","needs_translation","Direct en_US vs ms_MY gap"
"lang\ms_MY\trips.lang","TF_TRIP","Transportation","","needs_translation","Direct en_US vs ms_MY gap"
"lang\ms_MY\trips.lang","TripCard","Expense report card","","needs_translation","Direct en_US vs ms_MY gap"
"lang\ms_MY\trips.lang","TripId","Id expense report","","needs_translation","Direct en_US vs ms_MY gap"
"lang\ms_MY\trips.lang","TripNDF","Information expense report","","needs_translation","Direct en_US vs ms_MY gap"
"lang\ms_MY\trips.lang","Trips","Expense reports","","needs_translation","Direct en_US vs ms_MY gap"
"lang\ms_MY\trips.lang","TripsAndExpenses","Expense reports","","needs_translation","Direct en_US vs ms_MY gap"
"lang\ms_MY\trips.lang","TripsAndExpensesStatistics","Expense reports statistics","","needs_translation","Direct en_US vs ms_MY gap"
"lang\ms_MY\trips.lang","TripSociete","Information company","","needs_translation","Direct en_US vs ms_MY gap"
"lang\ms_MY\trips.lang","TypeFees","Types of fees","","needs_translation","Direct en_US vs ms_MY gap"
"lang\ms_MY\trips.lang","UploadANewFileNow","Upload a new document now","","needs_translation","Direct en_US vs ms_MY gap"
"lang\ms_MY\trips.lang","ValidateAndSubmit","Validate and submit for approval","","needs_translation","Direct en_US vs ms_MY gap"
"lang\ms_MY\trips.lang","ValidatedWaitingApproval","Validated (waiting for approval)","","needs_translation","Direct en_US vs ms_MY gap"
"lang\ms_MY\trips.lang","VALIDATOR","User responsible for approval","","needs_translation","Direct en_US vs ms_MY gap"
"lang\ms_MY\trips.lang","ValideTrip","Approve expense report","","needs_translation","Direct en_US vs ms_MY gap"
"lang\ms_MY\trips.lang","VALIDOR","Approved by","","needs_translation","Direct en_US vs ms_MY gap"
"lang\ms_MY\users.lang","2FA","Two-factor authentication (2FA)","","needs_translation","Direct en_US vs ms_MY gap"
"lang\ms_MY\users.lang","AlternativeEmailForOAuth2","Alternative Email for OAuth2 login","","needs_translation","Direct en_US vs ms_MY gap"
"lang\ms_MY\users.lang","ApiTokens","API tokens","","needs_translation","Direct en_US vs ms_MY gap"
"lang\ms_MY\users.lang","BackToTokenList","Back to token list","","needs_translation","Direct en_US vs ms_MY gap"
"lang\ms_MY\users.lang","CantDisableAnAdminUserWithMassActions","You can't disable users in a mass action when one of them is an admin user (like ""%s""). Try to disable the admin user(s) manually, one by one from their dedicated page.","","needs_translation","Direct en_US vs ms_MY gap"
"lang\ms_MY\users.lang","CantDisableYourself","You can't disable your own user record","","needs_translation","Direct en_US vs ms_MY gap"
"lang\ms_MY\users.lang","CantEnableAnAdminUserWithMassActions","You can't enable users in a mass action when one of them is an admin user (like ""%s""). Try to disable the admin user(s) manually, one by one from their dedicated page.","","needs_translation","Direct en_US vs ms_MY gap"
"lang\ms_MY\users.lang","CloneCategoriesUser","Clone the user's categories","","needs_translation","Direct en_US vs ms_MY gap"
"lang\ms_MY\users.lang","CloneUserRights","Clone the user's permissions","","needs_translation","Direct en_US vs ms_MY gap"
"lang\ms_MY\users.lang","ColorGroup","Color of group","","needs_translation","Direct en_US vs ms_MY gap"
"lang\ms_MY\users.lang","ColorUser","Color of the user","","needs_translation","Direct en_US vs ms_MY gap"
"lang\ms_MY\users.lang","ConfirmCreateContact","Are you sure you want to create an External user account for this contact?","","needs_translation","Direct en_US vs ms_MY gap"
"lang\ms_MY\users.lang","ConfirmCreateLogin","Are you sure you want to create an External user account for this member?","","needs_translation","Direct en_US vs ms_MY gap"
"lang\ms_MY\users.lang","ConfirmCreateThirdParty","Are you sure you want to create a third party for this member?","","needs_translation","Direct en_US vs ms_MY gap"
"lang\ms_MY\users.lang","ConfirmDeleteGroup","Are you sure you want to delete group <b>%s</b>?","","needs_translation","Direct en_US vs ms_MY gap"
"lang\ms_MY\users.lang","ConfirmDeleteToken","Are you sure you want to delete this token?","","needs_translation","Direct en_US vs ms_MY gap"
"lang\ms_MY\users.lang","ConfirmDeleteUser","Are you sure you want to delete user <b>%s</b>?","","needs_translation","Direct en_US vs ms_MY gap"
"lang\ms_MY\users.lang","ConfirmDisableUser","Are you sure you want to disable user <b>%s</b>?","","needs_translation","Direct en_US vs ms_MY gap"
"lang\ms_MY\users.lang","ConfirmEnableUser","Are you sure you want to enable user <b>%s</b>?","","needs_translation","Direct en_US vs ms_MY gap"
"lang\ms_MY\users.lang","ConfirmPasswordReset","Confirm password reset","","needs_translation","Direct en_US vs ms_MY gap"
"lang\ms_MY\users.lang","ConfirmReinitPassword","Are you sure you want to generate a new password for user <b>%s</b>?","","needs_translation","Direct en_US vs ms_MY gap"
"lang\ms_MY\users.lang","ConfirmSendNewPassword","Are you sure you want to generate and send new password for user <b>%s</b>?","","needs_translation","Direct en_US vs ms_MY gap"
"lang\ms_MY\users.lang","ConfirmUserClone","Are you sure you want to clone the user: <b>%s</b>?","","needs_translation","Direct en_US vs ms_MY gap"
"lang\ms_MY\users.lang","CreateDolibarrLogin","Create a user","","needs_translation","Direct en_US vs ms_MY gap"
"lang\ms_MY\users.lang","CreateDolibarrThirdParty","Create a third party","","needs_translation","Direct en_US vs ms_MY gap"
"lang\ms_MY\users.lang","CreateGroup","Create group","","needs_translation","Direct en_US vs ms_MY gap"
"lang\ms_MY\users.lang","CreateInternalUserDesc","This form allows you to create an internal user in your company/organization. To create an external user (customer, vendor etc.  ..), use the button '%s' from the third-party's contact card.","","needs_translation","Direct en_US vs ms_MY gap"
"lang\ms_MY\users.lang","Credentials","Credentials","","needs_translation","Direct en_US vs ms_MY gap"
"lang\ms_MY\users.lang","DateEmployment","Employment","","needs_translation","Direct en_US vs ms_MY gap"
"lang\ms_MY\users.lang","DateEmploymentEnd","Employment End Date","","needs_translation","Direct en_US vs ms_MY gap"
"lang\ms_MY\users.lang","DateEmploymentStart","Employment Start Date","","needs_translation","Direct en_US vs ms_MY gap"
"lang\ms_MY\users.lang","DateLastLogin","Date last login","","needs_translation","Direct en_US vs ms_MY gap"
"lang\ms_MY\users.lang","DateOfEmployment","Employment date","","needs_translation","Direct en_US vs ms_MY gap"
"lang\ms_MY\users.lang","DatePreviousLogin","Date previous login","","needs_translation","Direct en_US vs ms_MY gap"
"lang\ms_MY\users.lang","DefaultRights","Default Permissions","","needs_translation","Direct en_US vs ms_MY gap"
"lang\ms_MY\users.lang","DefaultRightsDesc","Define here the <u>default</u> permissions that are automatically granted to a <u>new</u> user (to modify permissions for existing users, go to the user card).","","needs_translation","Direct en_US vs ms_MY gap"
"lang\ms_MY\users.lang","DeleteAGroup","Delete a group","","needs_translation","Direct en_US vs ms_MY gap"
"lang\ms_MY\users.lang","DeleteAUser","Delete a user","","needs_translation","Direct en_US vs ms_MY gap"
"lang\ms_MY\users.lang","DeleteGroup","Delete","","needs_translation","Direct en_US vs ms_MY gap"
"lang\ms_MY\users.lang","DeleteToken","Delete token","","needs_translation","Direct en_US vs ms_MY gap"
"lang\ms_MY\users.lang","DisableAUser","Disable a user","","needs_translation","Direct en_US vs ms_MY gap"
"lang\ms_MY\users.lang","DisabledInMonoUserMode","Disabled in maintenance mode","","needs_translation","Direct en_US vs ms_MY gap"
"lang\ms_MY\users.lang","DolibarrUsers","Application users","","needs_translation","Direct en_US vs ms_MY gap"
"lang\ms_MY\users.lang","DomainUser","Domain user %s","","needs_translation","Direct en_US vs ms_MY gap"
"lang\ms_MY\users.lang","DontDowngradeSuperAdmin","Only another admin can downgrade an admin","","needs_translation","Direct en_US vs ms_MY gap"
"lang\ms_MY\users.lang","EditPassword","Edit password","","needs_translation","Direct en_US vs ms_MY gap"
"lang\ms_MY\users.lang","EnableAUser","Enable a user","","needs_translation","Direct en_US vs ms_MY gap"
"lang\ms_MY\users.lang","EnablePublicVirtualCard","Enable the user's virtual business card","","needs_translation","Direct en_US vs ms_MY gap"
"lang\ms_MY\users.lang","ErrorUpdateCanceledDueToDuplicatedUniqueValue","Error, The update was canceled because one of the pieces of data, that should be unique, already exists","","needs_translation","Direct en_US vs ms_MY gap"
"lang\ms_MY\users.lang","EventUserModified","User %s modified","","needs_translation","Direct en_US vs ms_MY gap"
"lang\ms_MY\users.lang","ExcludedByFilter","Non qualified by filters but shown to see its hierarchy","","needs_translation","Direct en_US vs ms_MY gap"
"lang\ms_MY\users.lang","ExpectedWorkedHours","Expected hours worked per week","","needs_translation","Direct en_US vs ms_MY gap"
"lang\ms_MY\users.lang","ExportDataset_user_1","Users and their properties","","needs_translation","Direct en_US vs ms_MY gap"
"lang\ms_MY\users.lang","ExportDataset_user_2","List of security events","","needs_translation","Direct en_US vs ms_MY gap"
"lang\ms_MY\users.lang","ForceUserExpenseValidator","Force expense report validator","","needs_translation","Direct en_US vs ms_MY gap"
"lang\ms_MY\users.lang","ForceUserHolidayValidator","Force leave request validator","","needs_translation","Direct en_US vs ms_MY gap"
"lang\ms_MY\users.lang","GroupCard","Group card","","needs_translation","Direct en_US vs ms_MY gap"
"lang\ms_MY\users.lang","GroupDeleted","Group %s removed","","needs_translation","Direct en_US vs ms_MY gap"
"lang\ms_MY\users.lang","GroupModified","Group %s modified","","needs_translation","Direct en_US vs ms_MY gap"
"lang\ms_MY\users.lang","GroupRights","Group permissions","","needs_translation","Direct en_US vs ms_MY gap"
"lang\ms_MY\users.lang","HideAllPerms","Hide all permission rows","","needs_translation","Direct en_US vs ms_MY gap"
"lang\ms_MY\users.lang","HierarchicalResponsible","Supervisor","","needs_translation","Direct en_US vs ms_MY gap"
"lang\ms_MY\users.lang","HierarchicView","Hierarchical view","","needs_translation","Direct en_US vs ms_MY gap"
"lang\ms_MY\users.lang","HRMArea","HRM area","","needs_translation","Direct en_US vs ms_MY gap"
"lang\ms_MY\users.lang","IdPhoneCaller","Id phone caller","","needs_translation","Direct en_US vs ms_MY gap"
"lang\ms_MY\users.lang","IfEmailExistPasswordRequestSent","If this email is a valid account, an email to reset password has been sent (remember to check your SPAM folder if you do not receive anything)","","needs_translation","Direct en_US vs ms_MY gap"
"lang\ms_MY\users.lang","IfLoginExistPasswordRequestSent","If this login is a valid account (with a valid email), an email to reset password has been sent.","","needs_translation","Direct en_US vs ms_MY gap"
"lang\ms_MY\users.lang","Inherited","Inherited","","needs_translation","Direct en_US vs ms_MY gap"
"lang\ms_MY\users.lang","InternalExternalDesc","An <b>internal</b> user is a user that is part of your company/organization, or is a partner user outside of your organization that may need to see more data  than data related to his company (the permission system will define what he can or can't see or do).<br>An <b>external</b> user is a customer, vendor or other that must view ONLY data related to himself (Creating an external user for a third-party can be done from the contact record of the third-party).<br><br>In both cases, you must grant permissions on the features that the user need.","","needs_translation","Direct en_US vs ms_MY gap"
"lang\ms_MY\users.lang","IPLastLogin","IP last login","","needs_translation","Direct en_US vs ms_MY gap"
"lang\ms_MY\users.lang","IPPreviousLogin","IP previous login","","needs_translation","Direct en_US vs ms_MY gap"
"lang\ms_MY\users.lang","LastGroupsCreated","Latest %s groups created","","needs_translation","Direct en_US vs ms_MY gap"
"lang\ms_MY\users.lang","LastUsersCreated","Latest %s users created","","needs_translation","Direct en_US vs ms_MY gap"
"lang\ms_MY\users.lang","LinkedToDolibarrMember","Link to member","","needs_translation","Direct en_US vs ms_MY gap"
"lang\ms_MY\users.lang","LinkedToDolibarrThirdParty","Link to third party","","needs_translation","Direct en_US vs ms_MY gap"
"lang\ms_MY\users.lang","LinkedToDolibarrUser","Link to user","","needs_translation","Direct en_US vs ms_MY gap"
"lang\ms_MY\users.lang","LinkToCompanyContact","Link to third party / contact","","needs_translation","Direct en_US vs ms_MY gap"
"lang\ms_MY\users.lang","ListOfGroups","List of groups","","needs_translation","Direct en_US vs ms_MY gap"
"lang\ms_MY\users.lang","ListOfGroupsForUser","List of groups for this user","","needs_translation","Direct en_US vs ms_MY gap"
"lang\ms_MY\users.lang","ListOfRightsForToken","List of rights for this token","","needs_translation","Direct en_US vs ms_MY gap"
"lang\ms_MY\users.lang","ListOfTokens","List of tokens","","needs_translation","Direct en_US vs ms_MY gap"
"lang\ms_MY\users.lang","ListOfTokensForAllUsers","List of tokens for all users","","needs_translation","Direct en_US vs ms_MY gap"
"lang\ms_MY\users.lang","ListOfTokensForUser","List of tokens for this user","","needs_translation","Direct en_US vs ms_MY gap"
"lang\ms_MY\users.lang","ListOfUsers","List of users","","needs_translation","Direct en_US vs ms_MY gap"
"lang\ms_MY\users.lang","ListOfUsersInGroup","List of users in this group","","needs_translation","Direct en_US vs ms_MY gap"
"lang\ms_MY\users.lang","LoginAccountDisableInDolibarr","Account disabled in Dolibarr","","needs_translation","Direct en_US vs ms_MY gap"
"lang\ms_MY\users.lang","LoginNotDefined","Login is not defined.","","needs_translation","Direct en_US vs ms_MY gap"
"lang\ms_MY\users.lang","LoginToCreate","Login to create","","needs_translation","Direct en_US vs ms_MY gap"
"lang\ms_MY\users.lang","LoginUsingOpenID","Use OpenID to login","","needs_translation","Direct en_US vs ms_MY gap"
"lang\ms_MY\users.lang","MenuUsersAndGroups","Users & Groups","","needs_translation","Direct en_US vs ms_MY gap"
"lang\ms_MY\users.lang","MyTeam","My team","","needs_translation","Direct en_US vs ms_MY gap"
"lang\ms_MY\users.lang","NameNotDefined","Name is not defined.","","needs_translation","Direct en_US vs ms_MY gap"
"lang\ms_MY\users.lang","NameToCreate","Name of third party to create","","needs_translation","Direct en_US vs ms_MY gap"
"lang\ms_MY\users.lang","NbOfPermissions","Number of permissions","","needs_translation","Direct en_US vs ms_MY gap"
"lang\ms_MY\users.lang","NbOfUsers","Number of users","","needs_translation","Direct en_US vs ms_MY gap"
"lang\ms_MY\users.lang","NewEmailUserClone","Email address of the new user","","needs_translation","Direct en_US vs ms_MY gap"
"lang\ms_MY\users.lang","NewGroup","New group","","needs_translation","Direct en_US vs ms_MY gap"
"lang\ms_MY\users.lang","NewGroupCreated","Group %s created","","needs_translation","Direct en_US vs ms_MY gap"
"lang\ms_MY\users.lang","NewNameUserClone","Full name of the new user","","needs_translation","Direct en_US vs ms_MY gap"
"lang\ms_MY\users.lang","NewPasswordValidated","Your new password have been validated and must be used now to login.","","needs_translation","Direct en_US vs ms_MY gap"
"lang\ms_MY\users.lang","NewToken","New token","","needs_translation","Direct en_US vs ms_MY gap"
"lang\ms_MY\users.lang","NewUserCreated","User %s created","","needs_translation","Direct en_US vs ms_MY gap"
"lang\ms_MY\users.lang","NewUserPassword","Password change for %s","","needs_translation","Direct en_US vs ms_MY gap"
"lang\ms_MY\users.lang","NonAffectedUsers","Non assigned users","","needs_translation","Direct en_US vs ms_MY gap"
"lang\ms_MY\users.lang","NumberOfPermissions","Number of permissions","","needs_translation","Direct en_US vs ms_MY gap"
"lang\ms_MY\users.lang","OpenIDURL","OpenID URL","","needs_translation","Direct en_US vs ms_MY gap"
"lang\ms_MY\users.lang","PasswordChangedAndSentTo","Password changed and sent to <b>%s</b>.","","needs_translation","Direct en_US vs ms_MY gap"
"lang\ms_MY\users.lang","PasswordChangedTo","Password changed to: %s","","needs_translation","Direct en_US vs ms_MY gap"
"lang\ms_MY\users.lang","PasswordChangeRequest","Request to change password for <b>%s</b>","","needs_translation","Direct en_US vs ms_MY gap"
"lang\ms_MY\users.lang","PasswordChangeRequestSent","Request to change password for <b>%s</b> sent to <b>%s</b>.","","needs_translation","Direct en_US vs ms_MY gap"
"lang\ms_MY\users.lang","PASSWORDInDolibarr","Password modified in Dolibarr","","needs_translation","Direct en_US vs ms_MY gap"
"lang\ms_MY\users.lang","PermissionInheritedFromAGroup","Permission granted because inherited from one of a user's group.","","needs_translation","Direct en_US vs ms_MY gap"
"lang\ms_MY\users.lang","PhotoFile","Photo file","","needs_translation","Direct en_US vs ms_MY gap"
"lang\ms_MY\users.lang","RangeOfLoginValidity","Access validity date range","","needs_translation","Direct en_US vs ms_MY gap"
"lang\ms_MY\users.lang","Reactivate","Reactivate","","needs_translation","Direct en_US vs ms_MY gap"
"lang\ms_MY\users.lang","ReinitPassword","Regenerate password","","needs_translation","Direct en_US vs ms_MY gap"
"lang\ms_MY\users.lang","SendNewPassword","Regenerate and send password","","needs_translation","Direct en_US vs ms_MY gap"
"lang\ms_MY\users.lang","SendNewPasswordLink","Send link to reset password","","needs_translation","Direct en_US vs ms_MY gap"
"lang\ms_MY\users.lang","ShowAllPerms","Show all permission rows","","needs_translation","Direct en_US vs ms_MY gap"
"lang\ms_MY\users.lang","ShowGroup","Show group","","needs_translation","Direct en_US vs ms_MY gap"
"lang\ms_MY\users.lang","ShowUser","Show user","","needs_translation","Direct en_US vs ms_MY gap"
"lang\ms_MY\users.lang","SocialNetworksUser","Social networks for user","","needs_translation","Direct en_US vs ms_MY gap"
"lang\ms_MY\users.lang","SubjectNewPassword","Your new password for %s","","needs_translation","Direct en_US vs ms_MY gap"
"lang\ms_MY\users.lang","SuperAdministrator","Multicompany Administrator","","needs_translation","Direct en_US vs ms_MY gap"
"lang\ms_MY\users.lang","SuperAdministratorDesc","Multicompany system administrator (can change setup and users)","","needs_translation","Direct en_US vs ms_MY gap"
"lang\ms_MY\users.lang","TotalAPICall","Total API Calls","","needs_translation","Direct en_US vs ms_MY gap"
"lang\ms_MY\users.lang","TOTP","TOTP (Time-base One-Time Password)","","needs_translation","Direct en_US vs ms_MY gap"
"lang\ms_MY\users.lang","UsePersonalValue","Use personal value","","needs_translation","Direct en_US vs ms_MY gap"
"lang\ms_MY\users.lang","UserAccountancyCode","User accounting code","","needs_translation","Direct en_US vs ms_MY gap"
"lang\ms_MY\users.lang","UserEnabledDisabled","User status changed: %s","","needs_translation","Direct en_US vs ms_MY gap"
"lang\ms_MY\users.lang","UserGUISetup","User Display Setup","","needs_translation","Direct en_US vs ms_MY gap"
"lang\ms_MY\users.lang","UserLogged","User logged","","needs_translation","Direct en_US vs ms_MY gap"
"lang\ms_MY\users.lang","UserLoginFailed","User login failed","","needs_translation","Direct en_US vs ms_MY gap"
"lang\ms_MY\users.lang","UserLogoff","User logout","","needs_translation","Direct en_US vs ms_MY gap"
"lang\ms_MY\users.lang","UserPasswordChange","User password change","","needs_translation","Direct en_US vs ms_MY gap"
"lang\ms_MY\users.lang","UserPersonalEmail","Personal email","","needs_translation","Direct en_US vs ms_MY gap"
"lang\ms_MY\users.lang","UserPersonalMobile","Personal mobile phone","","needs_translation","Direct en_US vs ms_MY gap"
"lang\ms_MY\users.lang","UserPublicPageDesc","You can enable a virtual card for this user. An url with the user profile and a barcode will be available to allow anybody with a smartphone to scan it and add your contact to its address book.","","needs_translation","Direct en_US vs ms_MY gap"
"lang\ms_MY\users.lang","UserRemovedFromGroup","User removed from group","","needs_translation","Direct en_US vs ms_MY gap"
"lang\ms_MY\users.lang","UserSetInGroup","User set in group","","needs_translation","Direct en_US vs ms_MY gap"
"lang\ms_MY\users.lang","UserWillBe","Created user will be","","needs_translation","Direct en_US vs ms_MY gap"
"lang\ms_MY\users.lang","UserWillBeExternalUser","Created user will be an external user (because linked to a particular third party)","","needs_translation","Direct en_US vs ms_MY gap"
"lang\ms_MY\users.lang","UserWillBeInternalUser","Created user will be an internal user (because not linked to a particular third party)","","needs_translation","Direct en_US vs ms_MY gap"
"lang\ms_MY\users.lang","UseTypeFieldToChange","Use field Type to change","","needs_translation","Direct en_US vs ms_MY gap"
"lang\ms_MY\users.lang","ValidatorIsSupervisorByDefault","By default, the validator is the supervisor of the user. Keep empty to keep this behavior.","","needs_translation","Direct en_US vs ms_MY gap"
"lang\ms_MY\users.lang","WarningNotLangOfInterface","Warning, this is the main language the user speak, not the language of the interface he chose to see. To change the interface language visible by this user, go on tab %s","","needs_translation","Direct en_US vs ms_MY gap"
"lang\ms_MY\users.lang","WeeklyHours","Hours worked (per week)","","needs_translation","Direct en_US vs ms_MY gap"
"lang\ms_MY\users.lang","YourQuotaOfUsersIsReached","Your quota of active users is reached !","","needs_translation","Direct en_US vs ms_MY gap"
"lang\ms_MY\users.lang","YourRole","Your roles","","needs_translation","Direct en_US vs ms_MY gap"
"lang\ms_MY\uxdocumentation.lang","BackToDolibarr","Go back to Dolibarr","","needs_translation","Direct en_US vs ms_MY gap"
"lang\ms_MY\uxdocumentation.lang","CacheCleared"," Cache cleared","","needs_translation","Direct en_US vs ms_MY gap"
"lang\ms_MY\uxdocumentation.lang","ConsoleHelp"," Console help","","needs_translation","Direct en_US vs ms_MY gap"
"lang\ms_MY\uxdocumentation.lang","ContextLangToolTest"," This text is in english","","needs_translation","Direct en_US vs ms_MY gap"
"lang\ms_MY\uxdocumentation.lang","DocBadgeContextualVariations","Contextual variations","","needs_translation","Direct en_US vs ms_MY gap"
"lang\ms_MY\uxdocumentation.lang","DocBadgeContextualVariationsDescription","Add any of the below mentioned modifier classes to change the appearance of a badge.","","needs_translation","Direct en_US vs ms_MY gap"
"lang\ms_MY\uxdocumentation.lang","DocBadgeContextualVariationsWarning1","Conveying meaning to assistive technologies","","needs_translation","Direct en_US vs ms_MY gap"
"lang\ms_MY\uxdocumentation.lang","DocBadgeContextualVariationsWarning2","Using color to add meaning only provides a visual indication, which will not be conveyed to users of assistive technologies – such as screen readers. Ensure that information denoted by the color is either obvious from the content itself (e.g. the visible text), or is included through alternative means, such as additional text hidden with the .sr-only class.","","needs_translation","Direct en_US vs ms_MY gap"
"lang\ms_MY\uxdocumentation.lang","DocBadgeDefaultStatus","Default status","","needs_translation","Direct en_US vs ms_MY gap"
"lang\ms_MY\uxdocumentation.lang","DocBadgeDefaultStatusDescription","Add any of the below mentioned modifier classes to change the appearance of a badge to be linked to a default status.","","needs_translation","Direct en_US vs ms_MY gap"
"lang\ms_MY\uxdocumentation.lang","DocBadgeDotBadges","Dot badges","","needs_translation","Direct en_US vs ms_MY gap"
"lang\ms_MY\uxdocumentation.lang","DocBadgeDotBadgesDescription",".badge-dot modifier class to make badges circle.","","needs_translation","Direct en_US vs ms_MY gap"
"lang\ms_MY\uxdocumentation.lang","DocBadgeHelper","Use badge helper function","","needs_translation","Direct en_US vs ms_MY gap"
"lang\ms_MY\uxdocumentation.lang","DocBadgeHelperDescription","Using the dolGetBadge function provide in core/lib/functions.lib.php. <br><b>This function is recommended for code uniformisation and easy maintain</b>","","needs_translation","Direct en_US vs ms_MY gap"
"lang\ms_MY\uxdocumentation.lang","DocBadgeLinks","Links","","needs_translation","Direct en_US vs ms_MY gap"
"lang\ms_MY\uxdocumentation.lang","DocBadgeLinksDescription","Using the contextual .badge-* classes on an <a> element quickly provide actionable badges with hover and focus states.","","needs_translation","Direct en_US vs ms_MY gap"
"lang\ms_MY\uxdocumentation.lang","DocBadgeMainDescription","Documentation and examples for badges, our small count and labeling component.","","needs_translation","Direct en_US vs ms_MY gap"
"lang\ms_MY\uxdocumentation.lang","DocBadgePillBadges","Pill badges","","needs_translation","Direct en_US vs ms_MY gap"
"lang\ms_MY\uxdocumentation.lang","DocBadgePillBadgesDescription","Use the .badge-pill modifier class to make badges more rounded (with a larger border-radius and additional horizontal padding).","","needs_translation","Direct en_US vs ms_MY gap"
"lang\ms_MY\uxdocumentation.lang","DocBadgeScaleDescription","Badges scale to match the size of the immediate parent element by using relative font sizing and em units.","","needs_translation","Direct en_US vs ms_MY gap"
"lang\ms_MY\uxdocumentation.lang","DocBadgeTitle","Badges","","needs_translation","Direct en_US vs ms_MY gap"
"lang\ms_MY\uxdocumentation.lang","DocBadgeUseOnLinksOrButtons","Badges can be used as part of links or buttons to provide a counter.","","needs_translation","Direct en_US vs ms_MY gap"
"lang\ms_MY\uxdocumentation.lang","DocBadgeWarningAriaHidden1","Note that depending on how they are used, badges may be confusing for users of screen readers and similar assistive technologies. While the styling of badges provides a visual cue as to their purpose, these users will simply be presented with the content of the badge. Depending on the specific situation, these badges may seem like random additional words or numbers at the end of a sentence, link, or button.","","needs_translation","Direct en_US vs ms_MY gap"
"lang\ms_MY\uxdocumentation.lang","DocBadgeWarningAriaHidden2","Unless the context is clear (as with the “Notifications” example, where it is understood that the “4” is the number of notifications), consider including additional context with a visually hidden piece of additional text.","","needs_translation","Direct en_US vs ms_MY gap"
"lang\ms_MY\uxdocumentation.lang","DocBadgeWarningAriaHidden3","Remember to use aria-label attribute for accessibility in Dolibarr. Don't forget to use aria-hidden on icons included in badges","","needs_translation","Direct en_US vs ms_MY gap"
"lang\ms_MY\uxdocumentation.lang","DocBasicUsage","Basic usage","","needs_translation","Direct en_US vs ms_MY gap"
"lang\ms_MY\uxdocumentation.lang","DocButtonBasicUsageDescription","Display a button depending on the action to be performed and user rights","","needs_translation","Direct en_US vs ms_MY gap"
"lang\ms_MY\uxdocumentation.lang","DocButtonIconsDescriptionLowEmphasis"," An icon button with low emphasis is typically a button that includes only an icon (no accompanying text) and has minimal styling to make it unobtrusive. Icon buttons with low emphasis are ideal for secondary or tertiary actions, like clear field, fill field, bookmarking, or sharing, especially in interfaces that have more prominent primary actions (like ""Submit"" or ""Continue"").","","needs_translation","Direct en_US vs ms_MY gap"
"lang\ms_MY\uxdocumentation.lang","DocButtonIconsForTitle"," Buttons for list title","","needs_translation","Direct en_US vs ms_MY gap"
"lang\ms_MY\uxdocumentation.lang","DocButtonIconsLowEmphasis"," Low emphasis icon buttons","","needs_translation","Direct en_US vs ms_MY gap"
"lang\ms_MY\uxdocumentation.lang","DocButtonModal","Buttons with confirm dialog","","needs_translation","Direct en_US vs ms_MY gap"
"lang\ms_MY\uxdocumentation.lang","DocButtonModalDescription","You can add a confirm dialog on all types of buttons but it will not work if user has no rights","","needs_translation","Direct en_US vs ms_MY gap"
"lang\ms_MY\uxdocumentation.lang","DocButtonsMainDescription","Documentation and examples for buttons.","","needs_translation","Direct en_US vs ms_MY gap"
"lang\ms_MY\uxdocumentation.lang","DocButtonsTitle","Buttons for action","","needs_translation","Direct en_US vs ms_MY gap"
"lang\ms_MY\uxdocumentation.lang","DocButtonSubmenu","Dropdown Buttons","","needs_translation","Direct en_US vs ms_MY gap"
"lang\ms_MY\uxdocumentation.lang","DocButtonSubmenuDescription","Fill the $url parameter with an array of url in order to create a dropdown button.","","needs_translation","Direct en_US vs ms_MY gap"
"lang\ms_MY\uxdocumentation.lang","DocCheckboxInputsDescription"," Checkbox input to enter boolean values","","needs_translation","Direct en_US vs ms_MY gap"
"lang\ms_MY\uxdocumentation.lang","DocClassicInputsDescription"," Classic input to enter string values, integer values...","","needs_translation","Direct en_US vs ms_MY gap"
"lang\ms_MY\uxdocumentation.lang","DocCodeForMenuOrModuleBuilder","Image code to use for menu setup or fields in modulebuilder","","needs_translation","Direct en_US vs ms_MY gap"
"lang\ms_MY\uxdocumentation.lang","DocColorVariants"," Colors","","needs_translation","Direct en_US vs ms_MY gap"
"lang\ms_MY\uxdocumentation.lang","DocColorVariantsDesc"," Use color utility classes to change the appearance of individual progress bars.","","needs_translation","Direct en_US vs ms_MY gap"
"lang\ms_MY\uxdocumentation.lang","DocComponentsMainDescription","Components section description is under development","","needs_translation","Direct en_US vs ms_MY gap"
"lang\ms_MY\uxdocumentation.lang","DocComponentsTitle","Components","","needs_translation","Direct en_US vs ms_MY gap"
"lang\ms_MY\uxdocumentation.lang","DocContributeAddMenuEntry","<b><u>Here is an example to add a menu entry in ""Components"" by the setMenu() function:</u></b>","","needs_translation","Direct en_US vs ms_MY gap"
"lang\ms_MY\uxdocumentation.lang","DocContributeStep1","Create your documentation page","","needs_translation","Direct en_US vs ms_MY gap"
"lang\ms_MY\uxdocumentation.lang","DocContributeStep1Description","In order to create your page, you can copy the template/documentation_page.php file into the folder of your choice (Components, Content, ...) or you can copy/paste the code below into a new file.","","needs_translation","Direct en_US vs ms_MY gap"
"lang\ms_MY\uxdocumentation.lang","DocContributeStep2","Set menu and summary","","needs_translation","Direct en_US vs ms_MY gap"
"lang\ms_MY\uxdocumentation.lang","DocContributeStep2Description","The various menus (sidebar, summary) and the breadcrumbs are automatically populated by the menu defined in the Documentation class. In order to display your menu, you must fill in the menu array in <b>setMenu()</b> function. You can also use the setMenu hook.","","needs_translation","Direct en_US vs ms_MY gap"
"lang\ms_MY\uxdocumentation.lang","DocContributeStep3","Breadcrumb","","needs_translation","Direct en_US vs ms_MY gap"
"lang\ms_MY\uxdocumentation.lang","DocContributeStep3Description","In order to correctly configure the breadcrumbs of your page, you must correctly fill $documentation->view in your view. <br><b>You must precise all levels of your page.</b> Let's take the previous example, we added MyComponent in the component section.","","needs_translation","Direct en_US vs ms_MY gap"
"lang\ms_MY\uxdocumentation.lang","DocDateSelectInputsDescription"," Date input to enter a date with or without hours","","needs_translation","Direct en_US vs ms_MY gap"
"lang\ms_MY\uxdocumentation.lang","DocEditorInputsDescription"," Editor input to enter text with HTML","","needs_translation","Direct en_US vs ms_MY gap"
"lang\ms_MY\uxdocumentation.lang","DocExampleError","Example error message","","needs_translation","Direct en_US vs ms_MY gap"
"lang\ms_MY\uxdocumentation.lang","DocExampleForPHPCode","Example of code to use in PHP","","needs_translation","Direct en_US vs ms_MY gap"
"lang\ms_MY\uxdocumentation.lang","DocExampleGreen","Example green/success message","","needs_translation","Direct en_US vs ms_MY gap"
"lang\ms_MY\uxdocumentation.lang","DocExampleInfo","Example info message","","needs_translation","Direct en_US vs ms_MY gap"
"lang\ms_MY\uxdocumentation.lang","DocExampleWarning","Example warning message","","needs_translation","Direct en_US vs ms_MY gap"
"lang\ms_MY\uxdocumentation.lang","DocGroupIndexDescription"," This page brings together all the links from the ""%s"" section.","","needs_translation","Direct en_US vs ms_MY gap"
"lang\ms_MY\uxdocumentation.lang","DocHelperFunctionsGetSearchFilterToolInput"," Helper functions for search input + dynamic js filter","","needs_translation","Direct en_US vs ms_MY gap"
"lang\ms_MY\uxdocumentation.lang","DocHelperFunctionsInputUsage"," Helper functions usage","","needs_translation","Direct en_US vs ms_MY gap"
"lang\ms_MY\uxdocumentation.lang","DocHowContribute","How to contribute ?","","needs_translation","Direct en_US vs ms_MY gap"
"lang\ms_MY\uxdocumentation.lang","DocHowContributeDescription","This documentation is currently being written. Learn how to contribute and enrich this documentation","","needs_translation","Direct en_US vs ms_MY gap"
"lang\ms_MY\uxdocumentation.lang","DocIconsFontAwesomeList"," List of usable fontawesome icons","","needs_translation","Direct en_US vs ms_MY gap"
"lang\ms_MY\uxdocumentation.lang","DocIconsList"," List of usable icons","","needs_translation","Direct en_US vs ms_MY gap"
"lang\ms_MY\uxdocumentation.lang","DocIconsListFontAwesome"," List of usable icons with Font Awesome","","needs_translation","Direct en_US vs ms_MY gap"
"lang\ms_MY\uxdocumentation.lang","DocIconsListImgPicto"," List of usable icons with img_picto function","","needs_translation","Direct en_US vs ms_MY gap"
"lang\ms_MY\uxdocumentation.lang","DocIconsMainDescription"," Dolibarr use a part of fontawesome 5 icons","","needs_translation","Direct en_US vs ms_MY gap"
"lang\ms_MY\uxdocumentation.lang","DocIconsTitle"," Icons used by Dolibarr","","needs_translation","Direct en_US vs ms_MY gap"
"lang\ms_MY\uxdocumentation.lang","DocInputsMainDescription"," Documentation and examples for inputs","","needs_translation","Direct en_US vs ms_MY gap"
"lang\ms_MY\uxdocumentation.lang","DocInputsTitle"," Inputs","","needs_translation","Direct en_US vs ms_MY gap"
"lang\ms_MY\uxdocumentation.lang","DocLinkSectionResources","Resources","","needs_translation","Direct en_US vs ms_MY gap"
"lang\ms_MY\uxdocumentation.lang","DocListLinks","List of links - %s","","needs_translation","Direct en_US vs ms_MY gap"
"lang\ms_MY\uxdocumentation.lang","DocMultiSelectInputsDescription"," Multiselect input to enter several values","","needs_translation","Direct en_US vs ms_MY gap"
"lang\ms_MY\uxdocumentation.lang","DocMyPageDescription","Main description for your page","","needs_translation","Direct en_US vs ms_MY gap"
"lang\ms_MY\uxdocumentation.lang","DocMyPageTitle","My page title","","needs_translation","Direct en_US vs ms_MY gap"
"lang\ms_MY\uxdocumentation.lang","DocMySectionExample","Here you can put an example of your component","","needs_translation","Direct en_US vs ms_MY gap"
"lang\ms_MY\uxdocumentation.lang","DocMySectionText","A line of text to describe my component","","needs_translation","Direct en_US vs ms_MY gap"
"lang\ms_MY\uxdocumentation.lang","DocMySectionText2","You can add more lines of text","","needs_translation","Direct en_US vs ms_MY gap"
"lang\ms_MY\uxdocumentation.lang","DocMySectionTitle","Title of my section","","needs_translation","Direct en_US vs ms_MY gap"
"lang\ms_MY\uxdocumentation.lang","DocOtherVariants"," Other","","needs_translation","Direct en_US vs ms_MY gap"
"lang\ms_MY\uxdocumentation.lang","DocOtherVariantsDesc","","","needs_translation","Direct en_US vs ms_MY gap"
"lang\ms_MY\uxdocumentation.lang","DocProgressBarsDescription"," Progress components are built with two HTML elements, some CSS to set the width, and a few attributes. We don’t use the HTML5 <progress> element, ensuring you can stack progress bars, animate them, and place text labels over them.","","needs_translation","Direct en_US vs ms_MY gap"
"lang\ms_MY\uxdocumentation.lang","DocProgressBarsMainDescription"," Documentation and examples for using progress bars featuring support for stacked bars, animated backgrounds, and text labels.","","needs_translation","Direct en_US vs ms_MY gap"
"lang\ms_MY\uxdocumentation.lang","DocProgressBarsTitle"," Progress bars","","needs_translation","Direct en_US vs ms_MY gap"
"lang\ms_MY\uxdocumentation.lang","DocProgressCanBeSpaced"," You can add space separation by adding class .spaced","","needs_translation","Direct en_US vs ms_MY gap"
"lang\ms_MY\uxdocumentation.lang","DocRadioInputsDescription"," Radio input to enter boolean values","","needs_translation","Direct en_US vs ms_MY gap"
"lang\ms_MY\uxdocumentation.lang","DocSearchInputUsage"," Helper functions for search input + dynamic js filter","","needs_translation","Direct en_US vs ms_MY gap"
"lang\ms_MY\uxdocumentation.lang","DocSearchInputUsageDescription"," The attribute values `data-search-tool-target`, `data-counter-target`, and `data-no-item-target` are CSS selectors, allowing you to target multiple search areas. Example: `data-search-tool-target="".zone01, .zone02, .zone03""`","","needs_translation","Direct en_US vs ms_MY gap"
"lang\ms_MY\uxdocumentation.lang","DocSelectInputsDescription"," Select input to enter one value","","needs_translation","Direct en_US vs ms_MY gap"
"lang\ms_MY\uxdocumentation.lang","DocSetEventMessage"," Message #%s","","needs_translation","Direct en_US vs ms_MY gap"
"lang\ms_MY\uxdocumentation.lang","DocSetEventMessageContextualVariations"," Contextual variations","","needs_translation","Direct en_US vs ms_MY gap"
"lang\ms_MY\uxdocumentation.lang","DocSetEventMessageContextualVariationsDescription"," Fill the parameter ""style"" of function to change color of event message","","needs_translation","Direct en_US vs ms_MY gap"
"lang\ms_MY\uxdocumentation.lang","DocSetEventMessageDescription"," Display one message or several messages","","needs_translation","Direct en_US vs ms_MY gap"
"lang\ms_MY\uxdocumentation.lang","DocSetEventMessageDisplayErrorMessage"," Display ""Error"" message","","needs_translation","Direct en_US vs ms_MY gap"
"lang\ms_MY\uxdocumentation.lang","DocSetEventMessageDisplayMessage"," Display message","","needs_translation","Direct en_US vs ms_MY gap"
"lang\ms_MY\uxdocumentation.lang","DocSetEventMessageDisplayMessages"," Display messages","","needs_translation","Direct en_US vs ms_MY gap"
"lang\ms_MY\uxdocumentation.lang","DocSetEventMessageDisplayOKMessage"," Display ""OK"" message","","needs_translation","Direct en_US vs ms_MY gap"
"lang\ms_MY\uxdocumentation.lang","DocSetEventMessageDisplayWarningMessage"," Display ""Warning"" message","","needs_translation","Direct en_US vs ms_MY gap"
"lang\ms_MY\uxdocumentation.lang","DocSetEventMessageError"," Error Message","","needs_translation","Direct en_US vs ms_MY gap"
"lang\ms_MY\uxdocumentation.lang","DocSetEventMessageMainDescription"," Documentation and examples for event message","","needs_translation","Direct en_US vs ms_MY gap"
"lang\ms_MY\uxdocumentation.lang","DocSetEventMessageOK"," OK Message","","needs_translation","Direct en_US vs ms_MY gap"
"lang\ms_MY\uxdocumentation.lang","DocSetEventMessageTitle"," Event Message","","needs_translation","Direct en_US vs ms_MY gap"
"lang\ms_MY\uxdocumentation.lang","DocSetEventMessageUnique"," Unique Message","","needs_translation","Direct en_US vs ms_MY gap"
"lang\ms_MY\uxdocumentation.lang","DocSetEventMessageWarning"," Warning Message","","needs_translation","Direct en_US vs ms_MY gap"
"lang\ms_MY\uxdocumentation.lang","DocStripedVariants"," Striped","","needs_translation","Direct en_US vs ms_MY gap"
"lang\ms_MY\uxdocumentation.lang","DocStripedVariantsDesc"," Add .progress-bar-striped to any .progress-bar to apply a stripe via CSS gradient over the progress bar’s background color.","","needs_translation","Direct en_US vs ms_MY gap"
"lang\ms_MY\uxdocumentation.lang","DocTableBasic","Basic usage","","needs_translation","Direct en_US vs ms_MY gap"
"lang\ms_MY\uxdocumentation.lang","DocTableBasicDescription","Here is a template for creating a basic data table.","","needs_translation","Direct en_US vs ms_MY gap"
"lang\ms_MY\uxdocumentation.lang","DocTableBeforeFilters","Use a custom line before cols filters","","needs_translation","Direct en_US vs ms_MY gap"
"lang\ms_MY\uxdocumentation.lang","DocTableBeforeFiltersDescription","You can add a line before filters with this syntax. <br>Don't forget to use listwithfilterbefore class in your data table.","","needs_translation","Direct en_US vs ms_MY gap"
"lang\ms_MY\uxdocumentation.lang","DocTableCSSClass","Using CSS Classes","","needs_translation","Direct en_US vs ms_MY gap"
"lang\ms_MY\uxdocumentation.lang","DocTableCSSClass_liste","<b>liste:</b> Prepare the table for a list","","needs_translation","Direct en_US vs ms_MY gap"
"lang\ms_MY\uxdocumentation.lang","DocTableCSSClass_liste_titre","<b>liste_titre:</b> Used for table headers","","needs_translation","Direct en_US vs ms_MY gap"
"lang\ms_MY\uxdocumentation.lang","DocTableCSSClass_liste_titre_filter","<b>liste_titre_filter:</b> Used for table filters row","","needs_translation","Direct en_US vs ms_MY gap"
"lang\ms_MY\uxdocumentation.lang","DocTableCSSClass_liste_total","<b>liste_total:</b> Used for table footers","","needs_translation","Direct en_US vs ms_MY gap"
"lang\ms_MY\uxdocumentation.lang","DocTableCSSClass_listwithfilterbefore","<b>listwithfilterbefore:</b> Useful class to hide top border and border radius if elements are placed before filters","","needs_translation","Direct en_US vs ms_MY gap"
"lang\ms_MY\uxdocumentation.lang","DocTableCSSClass_oddeven","<b>oddeven / nooddeven:</b> This class allows you to slightly differentiate the color of the lines of a table (or to hide)","","needs_translation","Direct en_US vs ms_MY gap"
"lang\ms_MY\uxdocumentation.lang","DocTableCSSClass_tagtable","<b>tagtable:</b> Use diplay table","","needs_translation","Direct en_US vs ms_MY gap"
"lang\ms_MY\uxdocumentation.lang","DocTableCSSClassDescription","There are many classes for tables in Dolibarr, below is a non-exhaustive list.","","needs_translation","Direct en_US vs ms_MY gap"
"lang\ms_MY\uxdocumentation.lang","DocTableMainDescription","Documentation and examples for tables.","","needs_translation","Direct en_US vs ms_MY gap"
"lang\ms_MY\uxdocumentation.lang","DocTableMainDescriptionNote","<b>Note:</b> we recommend always adding a unique “id” identifier to the table, which will enable integrators to easily interact with css and/or js.","","needs_translation","Direct en_US vs ms_MY gap"
"lang\ms_MY\uxdocumentation.lang","DocTableTABLECSSClassDescription","<b><u>Class for table element:</u></b>","","needs_translation","Direct en_US vs ms_MY gap"
"lang\ms_MY\uxdocumentation.lang","DocTableTitle","Tables","","needs_translation","Direct en_US vs ms_MY gap"
"lang\ms_MY\uxdocumentation.lang","DocTableTRCSSClassDescription","<b><u>Class for row element:</u></b>","","needs_translation","Direct en_US vs ms_MY gap"
"lang\ms_MY\uxdocumentation.lang","DocTableWithFilters","Filters row","","needs_translation","Direct en_US vs ms_MY gap"
"lang\ms_MY\uxdocumentation.lang","DocTableWithFiltersDescription","You can add a filters row using the following syntax. Your table must be into a form tag. <br>In order to show inputs, you can use the Form Class (see <a href=""%s"">#Inputs</a>) <br><span class=""opacitylow""><i>Look at a list file to see how to use dynamic fields, not functionnal here.</i></span>","","needs_translation","Direct en_US vs ms_MY gap"
"lang\ms_MY\uxdocumentation.lang","DocTitleBasicDescription","Use load_fiche_titre() function if you need to display a title with an icon. There are 3 ways to define your icon:","","needs_translation","Direct en_US vs ms_MY gap"
"lang\ms_MY\uxdocumentation.lang","DocTitleIconUsageMethod1","Use a dolibarr icon shortcut. <a href=""%s"">See icons list</a>","","needs_translation","Direct en_US vs ms_MY gap"
"lang\ms_MY\uxdocumentation.lang","DocTitleIconUsageMethod2","Use a icon from FontAwesome (use like this: fa-rocket_fas_#b0bb39). <a href=""%s"">See icons list</a>","","needs_translation","Direct en_US vs ms_MY gap"
"lang\ms_MY\uxdocumentation.lang","DocTitleIconUsageMethod3","Use your image. You must set the 4th parameter to 1.","","needs_translation","Direct en_US vs ms_MY gap"
"lang\ms_MY\uxdocumentation.lang","DocTitleMainDescription","Documentation and examples for page titles.","","needs_translation","Direct en_US vs ms_MY gap"
"lang\ms_MY\uxdocumentation.lang","DocTitleMoreContentDescription","You can further customize the headings by adding an ID or CSS class(es), or adding content. See the examples below.","","needs_translation","Direct en_US vs ms_MY gap"
"lang\ms_MY\uxdocumentation.lang","DocTitleTitle","Page title","","needs_translation","Direct en_US vs ms_MY gap"
"lang\ms_MY\uxdocumentation.lang","DocTitleWithFilters","Display title with filters, buttons or navigation","","needs_translation","Direct en_US vs ms_MY gap"
"lang\ms_MY\uxdocumentation.lang","DocTitleWithFiltersDescription","If you want to display a title with many navigation options like on list pages, you can use the print_barre_liste() function which is a bit more complex. See code below or core/lib/functions.lib.php file to see how it works.","","needs_translation","Direct en_US vs ms_MY gap"
"lang\ms_MY\uxdocumentation.lang","DocumentationHome","UI Documentation","","needs_translation","Direct en_US vs ms_MY gap"
"lang\ms_MY\uxdocumentation.lang","ExampleOfCreatingNewContextTool"," Dolibarr Tool : Example of creating a new context tool","","needs_translation","Direct en_US vs ms_MY gap"
"lang\ms_MY\uxdocumentation.lang","ExperimentalUx"," Experimental UX","","needs_translation","Direct en_US vs ms_MY gap"
"lang\ms_MY\uxdocumentation.lang","ExperimentalUxContributionEnd"," This structure ensures a clear and modular organization of UX experiments, making testing and future integration more efficient.","","needs_translation","Direct en_US vs ms_MY gap"
"lang\ms_MY\uxdocumentation.lang","ExperimentalUxContributionTitle"," UX Experiments in Dolibarr","","needs_translation","Direct en_US vs ms_MY gap"
"lang\ms_MY\uxdocumentation.lang","ExperimentalUxContributionTxt01"," Each experiment is grouped into a folder corresponding to its specific action. If a UX experiment concerns action ""A"", it will be stored in the following directory:","","needs_translation","Direct en_US vs ms_MY gap"
"lang\ms_MY\uxdocumentation.lang","ExperimentalUxContributionTxt02"," The different variants of this experiment will be stored in the assets/ subfolder, following this naming convention:","","needs_translation","Direct en_US vs ms_MY gap"
"lang\ms_MY\uxdocumentation.lang","ExperimentalUxContributionTxt03"," In some cases, variants may be incompatible with each other. It is often challenging to make different behaviors coexist when they are based on the same interaction. For this reason, it may be necessary to separate the demos in such situations.","","needs_translation","Direct en_US vs ms_MY gap"
"lang\ms_MY\uxdocumentation.lang","ExperimentalUxInputAjaxFeedback"," Input feedback","","needs_translation","Direct en_US vs ms_MY gap"
"lang\ms_MY\uxdocumentation.lang","ExperimentalUxIntroductionMenu"," Introduction","","needs_translation","Direct en_US vs ms_MY gap"
"lang\ms_MY\uxdocumentation.lang","ExperimentalUxIntroductionTitle"," Introduction","","needs_translation","Direct en_US vs ms_MY gap"
"lang\ms_MY\uxdocumentation.lang","ExperimentalUxIntroductionTxt01"," This section gathers UX experiments that are not yet integrated into Dolibarr but are available only on these dedicated pages. They allow testing different approaches before a possible integration into the <code>develop</code> branch.","","needs_translation","Direct en_US vs ms_MY gap"
"lang\ms_MY\uxdocumentation.lang","ExperimentalUxIntroductionTxt02"," Each experiment is isolated within a well-defined file structure, making future integration easier.","","needs_translation","Direct en_US vs ms_MY gap"
"lang\ms_MY\uxdocumentation.lang","ExperimentalUxIntroductionTxt03"," <b>Note:</b> To avoid polluting the translation files with temporary text, the documentation for these experiments will be written in English only, without using Dolibarr’s translation system or language files.","","needs_translation","Direct en_US vs ms_MY gap"
"lang\ms_MY\uxdocumentation.lang","ExperimentalUxTitle"," UX Experiments in Dolibarr","","needs_translation","Direct en_US vs ms_MY gap"
"lang\ms_MY\uxdocumentation.lang","FreezeTooltip"," Tooltip freeze","","needs_translation","Direct en_US vs ms_MY gap"
"lang\ms_MY\uxdocumentation.lang","JSDolibarrAwaitHooks"," JS Dolibarr Async Hooks (Await Hooks) - sequential execution","","needs_translation","Direct en_US vs ms_MY gap"
"lang\ms_MY\uxdocumentation.lang","JSDolibarrhooks"," JS Dolibarr hooks","","needs_translation","Direct en_US vs ms_MY gap"
"lang\ms_MY\uxdocumentation.lang","JSDolibarrhooksReadyVsInit"," Difference between Dolibarr:Init and Dolibarr:Ready","","needs_translation","Direct en_US vs ms_MY gap"
"lang\ms_MY\uxdocumentation.lang","LangsLocalChangedTo"," Language locale changed to %s. Translations will now use the new locale.","","needs_translation","Direct en_US vs ms_MY gap"
"lang\ms_MY\uxdocumentation.lang","SetAndUseContextVars"," Set and use context vars","","needs_translation","Direct en_US vs ms_MY gap"
"lang\ms_MY\uxdocumentation.lang","SetEventMessageTool"," Dolibarr Tool : Set event message","","needs_translation","Direct en_US vs ms_MY gap"
"lang\ms_MY\uxdocumentation.lang","TableRowIntuitiveSelect"," Intuitive table lines selection","","needs_translation","Direct en_US vs ms_MY gap"
"lang\ms_MY\uxdocumentation.lang","UxDolibarrContext"," JS Dolibarr context","","needs_translation","Direct en_US vs ms_MY gap"
"lang\ms_MY\uxdocumentation.lang","UxDolibarrContextHowItWork"," How it's work","","needs_translation","Direct en_US vs ms_MY gap"
"lang\ms_MY\uxdocumentation.lang","UxDolibarrContextLangsTool"," Langs tool","","needs_translation","Direct en_US vs ms_MY gap"
"lang\ms_MY\uxdocumentation.lang","WelcomeToDocumentation","Welcome to the Dolibarr UI/UX documentation !","","needs_translation","Direct en_US vs ms_MY gap"
"lang\ms_MY\uxdocumentation.lang","WelcomeToDocumentationDescription","This document aims to guide you through the different components of the Dolibarr user interface and help you use them effectively. Feel free to explore the different chapters of this documentation to discover the components of the Dolibarr interface and to learn how to use them effectively.","","needs_translation","Direct en_US vs ms_MY gap"
"lang\ms_MY\website.lang","accountCreation","Create an account","","needs_translation","Direct en_US vs ms_MY gap"
"lang\ms_MY\website.lang","actionsEvents","Actions & Events","","needs_translation","Direct en_US vs ms_MY gap"
"lang\ms_MY\website.lang","addToCart","Add to cart","","needs_translation","Direct en_US vs ms_MY gap"
"lang\ms_MY\website.lang","AddWebsiteAccount","Create web site account","","needs_translation","Direct en_US vs ms_MY gap"
"lang\ms_MY\website.lang","AliasPageAlreadyExists","Alias page <strong>%s</strong> already exists","","needs_translation","Direct en_US vs ms_MY gap"
"lang\ms_MY\website.lang","allNewProducts"," All new products","","needs_translation","Direct en_US vs ms_MY gap"
"lang\ms_MY\website.lang","AllowedInFrames","Allowed in Frames","","needs_translation","Direct en_US vs ms_MY gap"
"lang\ms_MY\website.lang","allSpecials","All promotions","","needs_translation","Direct en_US vs ms_MY gap"
"lang\ms_MY\website.lang","alreadyRegistered","Already registered?","","needs_translation","Direct en_US vs ms_MY gap"
"lang\ms_MY\website.lang","anIssueCheckTheUrl","It seems there's an issue. Please check the URL and try again.","","needs_translation","Direct en_US vs ms_MY gap"
"lang\ms_MY\website.lang","anIssueNoOrderFounded","It seems there's an issue. No order founded.","","needs_translation","Direct en_US vs ms_MY gap"
"lang\ms_MY\website.lang","anonymous","Anonymous","","needs_translation","Direct en_US vs ms_MY gap"
"lang\ms_MY\website.lang","AnotherContainer","This is how to include content of another page/container (you may have an error here if you enable dynamic code because the embedded subcontainer may not exists)","","needs_translation","Direct en_US vs ms_MY gap"
"lang\ms_MY\website.lang","AriaNextPage","Next page","","needs_translation","Direct en_US vs ms_MY gap"
"lang\ms_MY\website.lang","AriaPageX","Page %s","","needs_translation","Direct en_US vs ms_MY gap"
"lang\ms_MY\website.lang","AriaPrevPage","Previous page","","needs_translation","Direct en_US vs ms_MY gap"
"lang\ms_MY\website.lang","AssignedContacts","Assigned contacts","","needs_translation","Direct en_US vs ms_MY gap"
"lang\ms_MY\website.lang","AvailableLanguagesAreDefinedIntoWebsiteProperties","Available languages are defined into website properties","","needs_translation","Direct en_US vs ms_MY gap"
"lang\ms_MY\website.lang","backHome","Return to Home","","needs_translation","Direct en_US vs ms_MY gap"
"lang\ms_MY\website.lang","BackToHomePage","Back to home page...","","needs_translation","Direct en_US vs ms_MY gap"
"lang\ms_MY\website.lang","BackToListForThirdParty","Back to list for the third parties","","needs_translation","Direct en_US vs ms_MY gap"
"lang\ms_MY\website.lang","backToYourAccount","Back to Your Account","","needs_translation","Direct en_US vs ms_MY gap"
"lang\ms_MY\website.lang","Banner","Banner","","needs_translation","Direct en_US vs ms_MY gap"
"lang\ms_MY\website.lang","becomeMember","Become a Member","","needs_translation","Direct en_US vs ms_MY gap"
"lang\ms_MY\website.lang","beSureToUpdateProfil","Please be sure to update your personal information if it has changed.","","needs_translation","Direct en_US vs ms_MY gap"
"lang\ms_MY\website.lang","BlogPost","Blog post","","needs_translation","Direct en_US vs ms_MY gap"
"lang\ms_MY\website.lang","Booking","Booking","","needs_translation","Direct en_US vs ms_MY gap"
"lang\ms_MY\website.lang","bothCurrentNewPassRequired","Both the current password and the new password are required.","","needs_translation","Direct en_US vs ms_MY gap"
"lang\ms_MY\website.lang","cartIsEmpty","Your shopping cart is empty.","","needs_translation","Direct en_US vs ms_MY gap"
"lang\ms_MY\website.lang","cartSummary","Shopping-cart summary","","needs_translation","Direct en_US vs ms_MY gap"
"lang\ms_MY\website.lang","CheckVirtualHostPerms","Check also that the virtual host user (for example www-data) has <strong>%s</strong> permissions on files into<br><strong>%s</strong>","","needs_translation","Direct en_US vs ms_MY gap"
"lang\ms_MY\website.lang","clickToClose","Click to close","","needs_translation","Direct en_US vs ms_MY gap"
"lang\ms_MY\website.lang","ClonePage","Clone page/container","","needs_translation","Direct en_US vs ms_MY gap"
"lang\ms_MY\website.lang","CloneSite","Clone site","","needs_translation","Direct en_US vs ms_MY gap"
"lang\ms_MY\website.lang","closeWindow","Close Window","","needs_translation","Direct en_US vs ms_MY gap"
"lang\ms_MY\website.lang","commitmentSupport","Commitment & Support","","needs_translation","Direct en_US vs ms_MY gap"
"lang\ms_MY\website.lang","compatibility","Compatibility","","needs_translation","Direct en_US vs ms_MY gap"
"lang\ms_MY\website.lang","CompletePage","Complete page","","needs_translation","Direct en_US vs ms_MY gap"
"lang\ms_MY\website.lang","condition","Condition","","needs_translation","Direct en_US vs ms_MY gap"
"lang\ms_MY\website.lang","ConfirmClonePage","Please enter code/alias of new page and if it is a translation of the cloned page.","","needs_translation","Direct en_US vs ms_MY gap"
"lang\ms_MY\website.lang","ConfirmDeleteWebsite","Are you sure you want to delete this web site? All its pages and content will also be removed. The files uploaded (like into the medias directory, the ECM module, ...) will remain.","","needs_translation","Direct en_US vs ms_MY gap"
"lang\ms_MY\website.lang","ConfirmDeleteWebsiteAccount","Are you sure you want to delete this account.","","needs_translation","Direct en_US vs ms_MY gap"
"lang\ms_MY\website.lang","ConfirmDeleteWebsiteAccount2","If this account was used to login on the public portal or any otherweb site powered by Dolibarr, the login may be no more possible.","","needs_translation","Direct en_US vs ms_MY gap"
"lang\ms_MY\website.lang","ConfirmGenerateSitemaps","If you confirm, you will erase the existing sitemap file...","","needs_translation","Direct en_US vs ms_MY gap"
"lang\ms_MY\website.lang","ConfirmSitemapsCreation","Confirm sitemap generation","","needs_translation","Direct en_US vs ms_MY gap"
"lang\ms_MY\website.lang","contact","Contact","","needs_translation","Direct en_US vs ms_MY gap"
"lang\ms_MY\website.lang","contactFormEmail"," Email","","needs_translation","Direct en_US vs ms_MY gap"
"lang\ms_MY\website.lang","contactFormMessageLabel"," Message","","needs_translation","Direct en_US vs ms_MY gap"
"lang\ms_MY\website.lang","contactFormName"," Name","","needs_translation","Direct en_US vs ms_MY gap"
"lang\ms_MY\website.lang","contactFormPhone"," Phone","","needs_translation","Direct en_US vs ms_MY gap"
"lang\ms_MY\website.lang","contactFormReceived"," You have received a new message from %s website contact form","","needs_translation","Direct en_US vs ms_MY gap"
"lang\ms_MY\website.lang","contactFormSubject","New contact request from %s website","","needs_translation","Direct en_US vs ms_MY gap"
"lang\ms_MY\website.lang","contactFormSubjectEntered"," Subject entered","","needs_translation","Direct en_US vs ms_MY gap"
"lang\ms_MY\website.lang","contactFormSuccessAlert"," Thank you for your message. We will get back to you shortly.","","needs_translation","Direct en_US vs ms_MY gap"
"lang\ms_MY\website.lang","contactMessage","We are here to answer all your questions and help you. Feel free to contact us for any information or assistance.","","needs_translation","Direct en_US vs ms_MY gap"
"lang\ms_MY\website.lang","contactSupport","How to contact support","","needs_translation","Direct en_US vs ms_MY gap"
"lang\ms_MY\website.lang","contactTitle","Get in touch","","needs_translation","Direct en_US vs ms_MY gap"
"lang\ms_MY\website.lang","ContentSecurityPolicy","Website HTTP ""Content-Security-Policy""","","needs_translation","Direct en_US vs ms_MY gap"
"lang\ms_MY\website.lang","continueShopping","Continue shopping","","needs_translation","Direct en_US vs ms_MY gap"
"lang\ms_MY\website.lang","CorporateHomePage","Corporate Home page","","needs_translation","Direct en_US vs ms_MY gap"
"lang\ms_MY\website.lang","CreateByFetchingExternalPage","Create page/container by fetching page from external URL...","","needs_translation","Direct en_US vs ms_MY gap"
"lang\ms_MY\website.lang","CSSContentTooltipHelp","Enter here CSS content. To avoid any conflict with the CSS of the application, be sure to prepend all declaration with the .bodywebsite class. For example:<br><br>#mycssselector, input.myclass:hover { ... }<br>must be<br>.bodywebsite #mycssselector, .bodywebsite input.myclass:hover { ... }<br><br>Note: If you have a large file without this prefix, you can use 'lessc' to convert it to append the .bodywebsite prefix everywhere.","","needs_translation","Direct en_US vs ms_MY gap"
"lang\ms_MY\website.lang","currentPasswd","Current Password","","needs_translation","Direct en_US vs ms_MY gap"
"lang\ms_MY\website.lang","currentPasswordIncorrect","<b>Current password</b> is incorrect.","","needs_translation","Direct en_US vs ms_MY gap"
"lang\ms_MY\website.lang","CUSTOM_DESCRIPTION","Custom Description","","needs_translation","Direct en_US vs ms_MY gap"
"lang\ms_MY\website.lang","CUSTOM_SLOGAN","Custom Slogan","","needs_translation","Direct en_US vs ms_MY gap"
"lang\ms_MY\website.lang","DateM","Modification Date","","needs_translation","Direct en_US vs ms_MY gap"
"lang\ms_MY\website.lang","DefineListOfAltLanguagesInWebsiteProperties","Define list of all available languages into web site properties.","","needs_translation","Direct en_US vs ms_MY gap"
"lang\ms_MY\website.lang","DeleteAlsoJs","Delete also all JavaScript files specific to this website?","","needs_translation","Direct en_US vs ms_MY gap"
"lang\ms_MY\website.lang","DeleteAlsoMedias","Delete also all media files specific to this website?","","needs_translation","Direct en_US vs ms_MY gap"
"lang\ms_MY\website.lang","DeleteWebsiteAccount","Delete website account","","needs_translation","Direct en_US vs ms_MY gap"
"lang\ms_MY\website.lang","details","Details","","needs_translation","Direct en_US vs ms_MY gap"
"lang\ms_MY\website.lang","directory","Members Directory","","needs_translation","Direct en_US vs ms_MY gap"
"lang\ms_MY\website.lang","DISABLE_EVENTS_SECTION","Disable Events Section","","needs_translation","Direct en_US vs ms_MY gap"
"lang\ms_MY\website.lang","DisableSiteFirst","Put website offline first","","needs_translation","Direct en_US vs ms_MY gap"
"lang\ms_MY\website.lang","donateNow","Donate Now","","needs_translation","Direct en_US vs ms_MY gap"
"lang\ms_MY\website.lang","DONATION_COUNTERS_ARE_PUBLIC","The total amount of valid donations is publicly visible","","needs_translation","Direct en_US vs ms_MY gap"
"lang\ms_MY\website.lang","downloadInvoicePDF","Download your invoice as a PDF file.","","needs_translation","Direct en_US vs ms_MY gap"
"lang\ms_MY\website.lang","DownloadZip","Download the zip","","needs_translation","Direct en_US vs ms_MY gap"
"lang\ms_MY\website.lang","Dynamiccontent","Sample of a page with dynamic content","","needs_translation","Direct en_US vs ms_MY gap"
"lang\ms_MY\website.lang","DynamicPHPCodeContainsAForbiddenInstruction","You add dynamic PHP code that contains the PHP instruction '<strong>%s</strong>' that is forbidden by default as dynamic content (see hidden options WEBSITE_PHP_ALLOW_xxx to increase list of allowed commands).","","needs_translation","Direct en_US vs ms_MY gap"
"lang\ms_MY\website.lang","EditCss","Edit website properties","","needs_translation","Direct en_US vs ms_MY gap"
"lang\ms_MY\website.lang","EditInLine","Edit inline","","needs_translation","Direct en_US vs ms_MY gap"
"lang\ms_MY\website.lang","EditInLineOnOff","Mode 'Edit inline' is %s","","needs_translation","Direct en_US vs ms_MY gap"
"lang\ms_MY\website.lang","EditMedias","Edit media","","needs_translation","Direct en_US vs ms_MY gap"
"lang\ms_MY\website.lang","EditMenu","Edit menu","","needs_translation","Direct en_US vs ms_MY gap"
"lang\ms_MY\website.lang","EditPageMeta","Edit page/container properties","","needs_translation","Direct en_US vs ms_MY gap"
"lang\ms_MY\website.lang","EditTheWebSiteForACommonHeader","Note: If you want to define a personalized header for all pages, edit the header on the site level instead of on the page/container.","","needs_translation","Direct en_US vs ms_MY gap"
"lang\ms_MY\website.lang","emailAlreadyRegistered","This email is already registered.","","needs_translation","Direct en_US vs ms_MY gap"
"lang\ms_MY\website.lang","EmptyPage","Empty page","","needs_translation","Direct en_US vs ms_MY gap"
"lang\ms_MY\website.lang","ENABLE_DONATION_PAGE","Enable Donation Page","","needs_translation","Direct en_US vs ms_MY gap"
"lang\ms_MY\website.lang","ENABLE_EVENTS_SECTION","Enable Events Section","","needs_translation","Direct en_US vs ms_MY gap"
"lang\ms_MY\website.lang","ENABLE_MEMBER_AREA_PAGE","Enable Member Area Page","","needs_translation","Direct en_US vs ms_MY gap"
"lang\ms_MY\website.lang","ENABLE_MEMBER_LIST_PAGE","Enable Member List Page","","needs_translation","Direct en_US vs ms_MY gap"
"lang\ms_MY\website.lang","ENABLE_MEMBER_REGISTRATION_PAGE","Enable Member Registration Page","","needs_translation","Direct en_US vs ms_MY gap"
"lang\ms_MY\website.lang","EnterHereLicenseInformation","Enter here the LICENSE of the code of the website. If you distribute your website as a template, the file will be included into the temptate package.","","needs_translation","Direct en_US vs ms_MY gap"
"lang\ms_MY\website.lang","EnterHereReadmeInformation","Enter here a description of the website. If you distribute your website as a template, the file will be included into the temptate package.","","needs_translation","Direct en_US vs ms_MY gap"
"lang\ms_MY\website.lang","ErrorAddingSecurityPolicy","An error occurred when trying to add a Content Security Policy","","needs_translation","Direct en_US vs ms_MY gap"
"lang\ms_MY\website.lang","ErrorFaviconMustBeASquaredImage","Favicon must be a squared image","","needs_translation","Direct en_US vs ms_MY gap"
"lang\ms_MY\website.lang","ErrorFaviconSize","Favicon must be sized 16x16, 32x32 or 64x64","","needs_translation","Direct en_US vs ms_MY gap"
"lang\ms_MY\website.lang","ErrorFaviconType","Favicon must be png","","needs_translation","Direct en_US vs ms_MY gap"
"lang\ms_MY\website.lang","errorOccurred","An error has occurred.","","needs_translation","Direct en_US vs ms_MY gap"
"lang\ms_MY\website.lang","ErrorRemovingSecurityPolicy","An error occurred when trying to remove a Content Security Policy","","needs_translation","Direct en_US vs ms_MY gap"
"lang\ms_MY\website.lang","errorsOccurred","There are %s error%s","","needs_translation","Direct en_US vs ms_MY gap"
"lang\ms_MY\website.lang","eventsArea","Events Area","","needs_translation","Direct en_US vs ms_MY gap"
"lang\ms_MY\website.lang","Everyone","Everyone","","needs_translation","Direct en_US vs ms_MY gap"
"lang\ms_MY\website.lang","ExampleToUseInApacheVirtualHostConfig","Example to use in Apache virtual host setup:","","needs_translation","Direct en_US vs ms_MY gap"
"lang\ms_MY\website.lang","ExportIntoGIT","Export into server directory","","needs_translation","Direct en_US vs ms_MY gap"
"lang\ms_MY\website.lang","ExportPath","Path to export file","","needs_translation","Direct en_US vs ms_MY gap"
"lang\ms_MY\website.lang","ExportSite","Export website","","needs_translation","Direct en_US vs ms_MY gap"
"lang\ms_MY\website.lang","ExportSiteGitLabel","Click here to export the website into a local directory of the server","","needs_translation","Direct en_US vs ms_MY gap"
"lang\ms_MY\website.lang","ExportSiteLabel","Click here to export the website by downloading a zip file","","needs_translation","Direct en_US vs ms_MY gap"
"lang\ms_MY\website.lang","ExternalURLMustStartWithHttp","External URL must start with http:// or https://","","needs_translation","Direct en_US vs ms_MY gap"
"lang\ms_MY\website.lang","FaviconTooltip","Upload an image which needs to be a png (16x16, 32x32 or 64x64)","","needs_translation","Direct en_US vs ms_MY gap"
"lang\ms_MY\website.lang","FetchAndCreate","Fetch and Create","","needs_translation","Direct en_US vs ms_MY gap"
"lang\ms_MY\website.lang","FillCSPDirective","Please fill Content Security Policy directive","","needs_translation","Direct en_US vs ms_MY gap"
"lang\ms_MY\website.lang","FillCSPSource","Please fill Content Security Policy source","","needs_translation","Direct en_US vs ms_MY gap"
"lang\ms_MY\website.lang","filteredByVersion","Filtered by version","","needs_translation","Direct en_US vs ms_MY gap"
"lang\ms_MY\website.lang","firstnameContainsLettersOnly","<b>Firstname</b> must contain letters and spaces only","","needs_translation","Direct en_US vs ms_MY gap"
"lang\ms_MY\website.lang","ForAdvancedWebmastersOnly","For technical webmasters only","","needs_translation","Direct en_US vs ms_MY gap"
"lang\ms_MY\website.lang","forgotPassword","Forgot your password?","","needs_translation","Direct en_US vs ms_MY gap"
"lang\ms_MY\website.lang","freeShipping","Free shipping!","","needs_translation","Direct en_US vs ms_MY gap"
"lang\ms_MY\website.lang","fundsCollected","Funds Collected","","needs_translation","Direct en_US vs ms_MY gap"
"lang\ms_MY\website.lang","GenerateSitemaps","Generate website sitemap.xml file","","needs_translation","Direct en_US vs ms_MY gap"
"lang\ms_MY\website.lang","GlobalCSSorJS","Global CSS/JS/Header file of web site","","needs_translation","Direct en_US vs ms_MY gap"
"lang\ms_MY\website.lang","goal","Goal","","needs_translation","Direct en_US vs ms_MY gap"
"lang\ms_MY\website.lang","GoTo","Go to","","needs_translation","Direct en_US vs ms_MY gap"
"lang\ms_MY\website.lang","GrabImagesInto","Grab also images found into css and page.","","needs_translation","Direct en_US vs ms_MY gap"
"lang\ms_MY\website.lang","grid","Grid","","needs_translation","Direct en_US vs ms_MY gap"
"lang\ms_MY\website.lang","highlights","Highlights","","needs_translation","Direct en_US vs ms_MY gap"
"lang\ms_MY\website.lang","home","Home","","needs_translation","Direct en_US vs ms_MY gap"
"lang\ms_MY\website.lang","HtmlHeaderPage","HTML header (specific to this page only)","","needs_translation","Direct en_US vs ms_MY gap"
"lang\ms_MY\website.lang","IDOfPage","Id of page","","needs_translation","Direct en_US vs ms_MY gap"
"lang\ms_MY\website.lang","ImagesShouldBeSavedInto","Images should be saved into directory","","needs_translation","Direct en_US vs ms_MY gap"
"lang\ms_MY\website.lang","ImportFavicon","Favicon","","needs_translation","Direct en_US vs ms_MY gap"
"lang\ms_MY\website.lang","ImportSite","Import website template","","needs_translation","Direct en_US vs ms_MY gap"
"lang\ms_MY\website.lang","InternalURLOfPage","Internal URL of page","","needs_translation","Direct en_US vs ms_MY gap"
"lang\ms_MY\website.lang","invalidPassword","Invalid password.","","needs_translation","Direct en_US vs ms_MY gap"
"lang\ms_MY\website.lang","invoiceAddress","Invoice address","","needs_translation","Direct en_US vs ms_MY gap"
"lang\ms_MY\website.lang","invoicePdf","Invoice PDF","","needs_translation","Direct en_US vs ms_MY gap"
"lang\ms_MY\website.lang","joinUs","Join US","","needs_translation","Direct en_US vs ms_MY gap"
"lang\ms_MY\website.lang","labelAddress","Address","","needs_translation","Direct en_US vs ms_MY gap"
"lang\ms_MY\website.lang","labelEmail","Your Email","","needs_translation","Direct en_US vs ms_MY gap"
"lang\ms_MY\website.lang","labelFirstName","Your First Name","","needs_translation","Direct en_US vs ms_MY gap"
"lang\ms_MY\website.lang","labelMessage","Your Message","","needs_translation","Direct en_US vs ms_MY gap"
"lang\ms_MY\website.lang","labelPhone","Your Phone","","needs_translation","Direct en_US vs ms_MY gap"
"lang\ms_MY\website.lang","labelSubject","Subject","","needs_translation","Direct en_US vs ms_MY gap"
"lang\ms_MY\website.lang","LanguageMustNotBeSameThanClonedPage","You clone a page as a translation. The language of the new page must be different than language of source page.","","needs_translation","Direct en_US vs ms_MY gap"
"lang\ms_MY\website.lang","lastnameContainsLettersOnly","<b>Lastname</b> must contain letters and spaces only","","needs_translation","Direct en_US vs ms_MY gap"
"lang\ms_MY\website.lang","lastUpdate","Last update","","needs_translation","Direct en_US vs ms_MY gap"
"lang\ms_MY\website.lang","LinkAndScriptsHereAreNotLoadedInEditor","Warning: This content is output only when site is accessed from a server. It is not used in Edit mode so if you need to load JavaScript files also in edit mode, just add your tag 'script src=...' into the page.","","needs_translation","Direct en_US vs ms_MY gap"
"lang\ms_MY\website.lang","ListOfMyDocuments","List of my personal documents.","","needs_translation","Direct en_US vs ms_MY gap"
"lang\ms_MY\website.lang","ListOfSharedDocuments","List of documents shared with all clients.","","needs_translation","Direct en_US vs ms_MY gap"
"lang\ms_MY\website.lang","loadMore","Load more","","needs_translation","Direct en_US vs ms_MY gap"
"lang\ms_MY\website.lang","LoginCheckout","Login & Proceed to checkout","","needs_translation","Direct en_US vs ms_MY gap"
"lang\ms_MY\website.lang","logInToYourCustomerAccount","Log in to your customer account","","needs_translation","Direct en_US vs ms_MY gap"
"lang\ms_MY\website.lang","loginWebportalUserName","User name / email","","needs_translation","Direct en_US vs ms_MY gap"
"lang\ms_MY\website.lang","logOutFromYourCustomerAccount","Log out from your customer account","","needs_translation","Direct en_US vs ms_MY gap"
"lang\ms_MY\website.lang","mailUs","Mail Us","","needs_translation","Direct en_US vs ms_MY gap"
"lang\ms_MY\website.lang","MAIN_COLOR","Hexa main color","","needs_translation","Direct en_US vs ms_MY gap"
"lang\ms_MY\website.lang","MainLanguage","Main language","","needs_translation","Direct en_US vs ms_MY gap"
"lang\ms_MY\website.lang","makeDonation","Make a Donation","","needs_translation","Direct en_US vs ms_MY gap"
"lang\ms_MY\website.lang","MediaFiles","Media library","","needs_translation","Direct en_US vs ms_MY gap"
"lang\ms_MY\website.lang","member","Member","","needs_translation","Direct en_US vs ms_MY gap"
"lang\ms_MY\website.lang","memberArea","Member Area","","needs_translation","Direct en_US vs ms_MY gap"
"lang\ms_MY\website.lang","membersArea","Members Area","","needs_translation","Direct en_US vs ms_MY gap"
"lang\ms_MY\website.lang","missionVision","Mission & Vision","","needs_translation","Direct en_US vs ms_MY gap"
"lang\ms_MY\website.lang","missionVisionDesc","Our association is dedicated to driving positive change by supporting initiatives that promote collective well-being and a sustainable future. We champion collaboration and shared values to advance together toward common goals.","","needs_translation","Direct en_US vs ms_MY gap"
"lang\ms_MY\website.lang","moduleVersion"," Module version","","needs_translation","Direct en_US vs ms_MY gap"
"lang\ms_MY\website.lang","ModuleWebPortalDesc","A ready to use native web portal for customers, suppliers, partners or members","","needs_translation","Direct en_US vs ms_MY gap"
"lang\ms_MY\website.lang","ModuleWebPortalName","Web portal","","needs_translation","Direct en_US vs ms_MY gap"
"lang\ms_MY\website.lang","myAccount","My account","","needs_translation","Direct en_US vs ms_MY gap"
"lang\ms_MY\website.lang","MyContainerTitle","My web site title","","needs_translation","Direct en_US vs ms_MY gap"
"lang\ms_MY\website.lang","MyContainerTitle2","Title level 2","","needs_translation","Direct en_US vs ms_MY gap"
"lang\ms_MY\website.lang","MyDocuments","My Documents","","needs_translation","Direct en_US vs ms_MY gap"
"lang\ms_MY\website.lang","MyWebsitePages","My website pages","","needs_translation","Direct en_US vs ms_MY gap"
"lang\ms_MY\website.lang","nbrItemsInCart","There are <span class=""ajax_cart_quantity"">0</span> items in your cart.","","needs_translation","Direct en_US vs ms_MY gap"
"lang\ms_MY\website.lang","nbrItemsInCartAjax","There are <span class=""ajax_cart_quantity"">%s</span> items in your cart.","","needs_translation","Direct en_US vs ms_MY gap"
"lang\ms_MY\website.lang","nbrOfProducts"," There are %s products.","","needs_translation","Direct en_US vs ms_MY gap"
"lang\ms_MY\website.lang","newPasswd","New Password","","needs_translation","Direct en_US vs ms_MY gap"
"lang\ms_MY\website.lang","newPasswordCriteria","<b>New password</b> must meet the following criteria:<br>- 12 characters<br>- 1 uppercase letter<br>- 1 digit<br>- No special characters<br>- Avoid repeating characters more than 3 times<br>","","needs_translation","Direct en_US vs ms_MY gap"
"lang\ms_MY\website.lang","newProducts","New products","","needs_translation","Direct en_US vs ms_MY gap"
"lang\ms_MY\website.lang","news","News","","needs_translation","Direct en_US vs ms_MY gap"
"lang\ms_MY\website.lang","newsEvents","News & Events","","needs_translation","Direct en_US vs ms_MY gap"
"lang\ms_MY\website.lang","NewWebsiteAccount","New accounts for websites","","needs_translation","Direct en_US vs ms_MY gap"
"lang\ms_MY\website.lang","NextContainer","Next page/container","","needs_translation","Direct en_US vs ms_MY gap"
"lang\ms_MY\website.lang","noCompanyInfoDescription","No company %s provided. Please update it in Company & Organization settings.","","needs_translation","Direct en_US vs ms_MY gap"
"lang\ms_MY\website.lang","noCompanyInfoSlogan","No company information defined","","needs_translation","Direct en_US vs ms_MY gap"
"lang\ms_MY\website.lang","NoDocumentAvailable","No documents are available at the moment.","","needs_translation","Direct en_US vs ms_MY gap"
"lang\ms_MY\website.lang","noOrderFounded","No order founded.","","needs_translation","Direct en_US vs ms_MY gap"
"lang\ms_MY\website.lang","NoPageYet","No pages yet","","needs_translation","Direct en_US vs ms_MY gap"
"lang\ms_MY\website.lang","noPaymentModuleIsActivated","No payment module is activated.","","needs_translation","Direct en_US vs ms_MY gap"
"lang\ms_MY\website.lang","noProducts","No products","","needs_translation","Direct en_US vs ms_MY gap"
"lang\ms_MY\website.lang","noProductToDisplay","Error, No product to display","","needs_translation","Direct en_US vs ms_MY gap"
"lang\ms_MY\website.lang","noResultsHaveBeenFound","0 results have been found.","","needs_translation","Direct en_US vs ms_MY gap"
"lang\ms_MY\website.lang","noResultsWereFound","No results were found.","","needs_translation","Direct en_US vs ms_MY gap"
"lang\ms_MY\website.lang","NoSharedDocumentAvailable","No shared documents are available at the moment.","","needs_translation","Direct en_US vs ms_MY gap"
"lang\ms_MY\website.lang","noSubCat","NoSubCat","","needs_translation","Direct en_US vs ms_MY gap"
"lang\ms_MY\website.lang","NotAllowedToAddDynamicContent","You don't have permission to add or edit dynamic PHP content in websites. Ask permission or just keep code into php tags unmodified.","","needs_translation","Direct en_US vs ms_MY gap"
"lang\ms_MY\website.lang","NotAllowedToAddDynamicContentDisabledGlobaly","You currently can't add or edit dynamic PHP content in this website (even if you have permission to), because this feature must be first enabled globally by setting the parameter %s=1 int the conf.php file.<br>Edit your conf.php file to add this parameter, or ask your administrator or support to do it for you.","","needs_translation","Direct en_US vs ms_MY gap"
"lang\ms_MY\website.lang","noValidAccount","No valid account found for this email.","","needs_translation","Direct en_US vs ms_MY gap"
"lang\ms_MY\website.lang","NoWebSiteCreateOneFirst","No website has been created yet. Create one first.","","needs_translation","Direct en_US vs ms_MY gap"
"lang\ms_MY\website.lang","OnlyEditionOfSourceForGrabbedContent","Only HTML source modification is possible when content is grabbed from an external site","","needs_translation","Direct en_US vs ms_MY gap"
"lang\ms_MY\website.lang","OnlyEditionOfSourceForGrabbedContentFuture","Warning: Creating a web page by importing an external web page is reserved for experienced users and can work only pages rendered with HTML and CSS only. Importing pages rendered by JS frameworks are NOT supported. Depending on the complexity of the source page, the result of importation will probably differ from the original page. Also if the source page uses common CSS styles or conflicting JavaScript, it may break the look or features of the Website editor when working on this page. This method is a quick way to create a page for very advanced users when source page allows it, but it is recommended to create your new page from scratch or from a suggested page template.<br>Note also that the inline editor might not work correctly when used on a page that was grabbed.","","needs_translation","Direct en_US vs ms_MY gap"
"lang\ms_MY\website.lang","orderDetails","Order details","","needs_translation","Direct en_US vs ms_MY gap"
"lang\ms_MY\website.lang","orderHistory","Order history","","needs_translation","Direct en_US vs ms_MY gap"
"lang\ms_MY\website.lang","orderHistoryDetails","Order history and details","","needs_translation","Direct en_US vs ms_MY gap"
"lang\ms_MY\website.lang","orderRef","Order Ref","","needs_translation","Direct en_US vs ms_MY gap"
"lang\ms_MY\website.lang","orderReference","Order Reference","","needs_translation","Direct en_US vs ms_MY gap"
"lang\ms_MY\website.lang","OrEnterPageInfoManually","Create page from scratch or from a page template...","","needs_translation","Direct en_US vs ms_MY gap"
"lang\ms_MY\website.lang","OtherLanguages","Other languages","","needs_translation","Direct en_US vs ms_MY gap"
"lang\ms_MY\website.lang","otherViews","Other views","","needs_translation","Direct en_US vs ms_MY gap"
"lang\ms_MY\website.lang","PageAdded","Page/Contenair '%s' added","","needs_translation","Direct en_US vs ms_MY gap"
"lang\ms_MY\website.lang","PageContainer","Page","","needs_translation","Direct en_US vs ms_MY gap"
"lang\ms_MY\website.lang","PageContent","Page/Contenair","","needs_translation","Direct en_US vs ms_MY gap"
"lang\ms_MY\website.lang","PageIsANewTranslation","The new page is a translation of the current page ?","","needs_translation","Direct en_US vs ms_MY gap"
"lang\ms_MY\website.lang","PageNameAliasHelp","Name or alias of the page.<br>This alias is also used to forge a SEO URL when website is ran from a Virtual host of a Web server (like Apacke, Nginx, ...). Use the button ""<strong>%s</strong>"" to edit this alias.","","needs_translation","Direct en_US vs ms_MY gap"
"lang\ms_MY\website.lang","PagesRegenerated","%s page(s)/container(s) regenerated","","needs_translation","Direct en_US vs ms_MY gap"
"lang\ms_MY\website.lang","PagesViewedPreviousMonth","Pages viewed (previous month)","","needs_translation","Direct en_US vs ms_MY gap"
"lang\ms_MY\website.lang","PagesViewedTotal","Pages viewed (total)","","needs_translation","Direct en_US vs ms_MY gap"
"lang\ms_MY\website.lang","ParentPageId","Parent page ID","","needs_translation","Direct en_US vs ms_MY gap"
"lang\ms_MY\website.lang","Participate","Participate","","needs_translation","Direct en_US vs ms_MY gap"
"lang\ms_MY\website.lang","passwordCriteria","<b>Password</b> must meet the following criteria:<br>- At least 12 characters<br>- At lest 1 uppercase letter<br>- At least 1 digit<br>- At last 1 special characters<br>- Avoid repeating characters more than 3 times<br>","","needs_translation","Direct en_US vs ms_MY gap"
"lang\ms_MY\website.lang","paymentAccepted","Payment accepted","","needs_translation","Direct en_US vs ms_MY gap"
"lang\ms_MY\website.lang","paymentMethod","Payment Method","","needs_translation","Direct en_US vs ms_MY gap"
"lang\ms_MY\website.lang","paymentSuccessProcessed","Your payment has been successfully processed.","","needs_translation","Direct en_US vs ms_MY gap"
"lang\ms_MY\website.lang","perPage","per page","","needs_translation","Direct en_US vs ms_MY gap"
"lang\ms_MY\website.lang","personalInfo","My personal information","","needs_translation","Direct en_US vs ms_MY gap"
"lang\ms_MY\website.lang","placedOn","placed on","","needs_translation","Direct en_US vs ms_MY gap"
"lang\ms_MY\website.lang","PortionOfPage","Part of page","","needs_translation","Direct en_US vs ms_MY gap"
"lang\ms_MY\website.lang","presentation","Presentation","","needs_translation","Direct en_US vs ms_MY gap"
"lang\ms_MY\website.lang","PreviewOfSiteNotYetAvailable","The preview of your website <strong>%s</strong> is not yet available. You must first '<strong>Import a full website template</strong>' or just '<strong>Add a page/container</strong>'.","","needs_translation","Direct en_US vs ms_MY gap"
"lang\ms_MY\website.lang","PreviewPageContent","Page content","","needs_translation","Direct en_US vs ms_MY gap"
"lang\ms_MY\website.lang","PreviewSiteServedByDolibarr","<u>Preview %s in a new tab.</u><br><br>The %s will be served by Dolibarr server so it does not need any extra web server (like Apache, Nginx, IIS) to be installed.<br>The inconvenient is that the URLs of pages are not user friendly and start with the path of your Dolibarr.<br>URL served by Dolibarr:<br><strong>%s</strong><br><br>To deploy or test using your own external web server (like Apache, Nginx, Lighttp) use the link ""%s"".","","needs_translation","Direct en_US vs ms_MY gap"
"lang\ms_MY\website.lang","PreviewSiteServedByWebServer","<u>Preview %s in a new tab.</u><br><br>The %s will be served by an external web server (like Apache, Nginx, IIS). You must install and setup this server before to point to directory:<br><strong>%s</strong><br>URL served by external server:<br><strong>%s</strong>","","needs_translation","Direct en_US vs ms_MY gap"
"lang\ms_MY\website.lang","PreviousContainer","Previous page/container","","needs_translation","Direct en_US vs ms_MY gap"
"lang\ms_MY\website.lang","priceDrop","Price drop","","needs_translation","Direct en_US vs ms_MY gap"
"lang\ms_MY\website.lang","priceHighestFirst","Price: Highest first","","needs_translation","Direct en_US vs ms_MY gap"
"lang\ms_MY\website.lang","priceLowestFirst","Price: Lowest first","","needs_translation","Direct en_US vs ms_MY gap"
"lang\ms_MY\website.lang","pricesMayVaryDependingOnYourCountry","Prices may vary depending on your country.","","needs_translation","Direct en_US vs ms_MY gap"
"lang\ms_MY\website.lang","proceedToCheckout","Proceed to checkout","","needs_translation","Direct en_US vs ms_MY gap"
"lang\ms_MY\website.lang","productAddedToCart","Product successfully added to your shopping cart","","needs_translation","Direct en_US vs ms_MY gap"
"lang\ms_MY\website.lang","productNameAToZ","Product Name: A to Z","","needs_translation","Direct en_US vs ms_MY gap"
"lang\ms_MY\website.lang","productNameZToA","Product Name: Z to A","","needs_translation","Direct en_US vs ms_MY gap"
"lang\ms_MY\website.lang","productPerPage","products per page","","needs_translation","Direct en_US vs ms_MY gap"
"lang\ms_MY\website.lang","PublicAuthorAlias","Public author alias","","needs_translation","Direct en_US vs ms_MY gap"
"lang\ms_MY\website.lang","raised","Raised","","needs_translation","Direct en_US vs ms_MY gap"
"lang\ms_MY\website.lang","readMore","Read More","","needs_translation","Direct en_US vs ms_MY gap"
"lang\ms_MY\website.lang","ReadPerm","Read","","needs_translation","Direct en_US vs ms_MY gap"
"lang\ms_MY\website.lang","RealURL","Real URL","","needs_translation","Direct en_US vs ms_MY gap"
"lang\ms_MY\website.lang","recoverPass","Recover your forgotten password","","needs_translation","Direct en_US vs ms_MY gap"
"lang\ms_MY\website.lang","referenceHighestFirst","Reference: Highest first","","needs_translation","Direct en_US vs ms_MY gap"
"lang\ms_MY\website.lang","referenceLowestFirst","Reference: Lowest first","","needs_translation","Direct en_US vs ms_MY gap"
"lang\ms_MY\website.lang","RegenerateWebsiteContent","Regenerate web site cache files","","needs_translation","Direct en_US vs ms_MY gap"
"lang\ms_MY\website.lang","releaseDate","Release date","","needs_translation","Direct en_US vs ms_MY gap"
"lang\ms_MY\website.lang","removeFilter","Remove filter","","needs_translation","Direct en_US vs ms_MY gap"
"lang\ms_MY\website.lang","RemoveSearchFilters","Remove search filters","","needs_translation","Direct en_US vs ms_MY gap"
"lang\ms_MY\website.lang","ReplacementDoneInXPages","Replacement done in %s pages or containers","","needs_translation","Direct en_US vs ms_MY gap"
"lang\ms_MY\website.lang","ReplaceString","New string","","needs_translation","Direct en_US vs ms_MY gap"
"lang\ms_MY\website.lang","ReplaceWebsiteContent","Search or Replace website content","","needs_translation","Direct en_US vs ms_MY gap"
"lang\ms_MY\website.lang","RequestedPageHasNoContentYet","Requested page with id %s has no content yet, or cache file .tpl.php was removed. Edit content of the page to solve this.","","needs_translation","Direct en_US vs ms_MY gap"
"lang\ms_MY\website.lang","requiredField","Required field","","needs_translation","Direct en_US vs ms_MY gap"
"lang\ms_MY\website.lang","Reservation","Reservation","","needs_translation","Direct en_US vs ms_MY gap"
"lang\ms_MY\website.lang","rgpd","GDPR","","needs_translation","Direct en_US vs ms_MY gap"
"lang\ms_MY\website.lang","RSSFeed","RSS Feed","","needs_translation","Direct en_US vs ms_MY gap"
"lang\ms_MY\website.lang","RSSFeedDesc","You can get a RSS feed of latest articles with type 'blogpost' using this URL","","needs_translation","Direct en_US vs ms_MY gap"
"lang\ms_MY\website.lang","SampleGoalOne","Promote cooperation and solidarity among members.","","needs_translation","Direct en_US vs ms_MY gap"
"lang\ms_MY\website.lang","SampleGoalthree","Support impactful projects that benefit society as a whole.","","needs_translation","Direct en_US vs ms_MY gap"
"lang\ms_MY\website.lang","SampleGoaltwo","Encourage responsible and sustainable practices across all activities.","","needs_translation","Direct en_US vs ms_MY gap"
"lang\ms_MY\website.lang","SearchReplaceInto","Search | Replace into","","needs_translation","Direct en_US vs ms_MY gap"
"lang\ms_MY\website.lang","SECONDARY_COLOR","Hexa secondary color","","needs_translation","Direct en_US vs ms_MY gap"
"lang\ms_MY\website.lang","SecurityPolicySucesfullyAdded","Content Security Policy successfully added","","needs_translation","Direct en_US vs ms_MY gap"
"lang\ms_MY\website.lang","SecurityPolicySucesfullyRemoved","Content Security Policy successfully removed","","needs_translation","Direct en_US vs ms_MY gap"
"lang\ms_MY\website.lang","ServiceComponent","Service (ajax, api, ...)","","needs_translation","Direct en_US vs ms_MY gap"
"lang\ms_MY\website.lang","SetAsHomePage","Set as Home page","","needs_translation","Direct en_US vs ms_MY gap"
"lang\ms_MY\website.lang","SetHereVirtualHost","<u>Use with Apache/NGinx/...</u><br>Create on your web server (Apache, Nginx, ...) a dedicated Virtual Host with PHP enabled and a Root directory on<br><strong>%s</strong>","","needs_translation","Direct en_US vs ms_MY gap"
"lang\ms_MY\website.lang","SetupAndProperties","Setup And Properties","","needs_translation","Direct en_US vs ms_MY gap"
"lang\ms_MY\website.lang","SetWebsiteOnlineBefore","When website is offline, all pages are offline. Change status of website first.","","needs_translation","Direct en_US vs ms_MY gap"
"lang\ms_MY\website.lang","SharedDocuments","Shared Documents","","needs_translation","Direct en_US vs ms_MY gap"
"lang\ms_MY\website.lang","Shipping","Shipping","","needs_translation","Direct en_US vs ms_MY gap"
"lang\ms_MY\website.lang","Shortname","Code","","needs_translation","Direct en_US vs ms_MY gap"
"lang\ms_MY\website.lang","SHOW_EVENT_GOAL_RAISED_AMOUNTS","Show goal and raised amounts for each event card","","needs_translation","Direct en_US vs ms_MY gap"
"lang\ms_MY\website.lang","SHOW_EVENT_PARTICIPATE_LINK","Show Event Participate Link","","needs_translation","Direct en_US vs ms_MY gap"
"lang\ms_MY\website.lang","SHOW_LANG_SELECTOR","Display language selection dropdown","","needs_translation","Direct en_US vs ms_MY gap"
"lang\ms_MY\website.lang","showAll","Show all","","needs_translation","Direct en_US vs ms_MY gap"
"lang\ms_MY\website.lang","showing"," Showing","","needs_translation","Direct en_US vs ms_MY gap"
"lang\ms_MY\website.lang","ShowSubcontainers","Show dynamic content","","needs_translation","Direct en_US vs ms_MY gap"
"lang\ms_MY\website.lang","ShowSubContainersOnOff","Mode to execute 'dynamic content' is %s","","needs_translation","Direct en_US vs ms_MY gap"
"lang\ms_MY\website.lang","sidebarCategories","Categories","","needs_translation","Direct en_US vs ms_MY gap"
"lang\ms_MY\website.lang","signIn","Sign in","","needs_translation","Direct en_US vs ms_MY gap"
"lang\ms_MY\website.lang","SiteAdded","Website added","","needs_translation","Direct en_US vs ms_MY gap"
"lang\ms_MY\website.lang","SiteDeleted","Web site '%s' deleted","","needs_translation","Direct en_US vs ms_MY gap"
"lang\ms_MY\website.lang","SitemapGenerated","Sitemap file <b>%s</b> generated","","needs_translation","Direct en_US vs ms_MY gap"
"lang\ms_MY\website.lang","socials","Social networks","","needs_translation","Direct en_US vs ms_MY gap"
"lang\ms_MY\website.lang","SorryWebsiteIsCurrentlyOffLine","Sorry, this website is currently off line. Please comme back later...","","needs_translation","Direct en_US vs ms_MY gap"
"lang\ms_MY\website.lang","sortBy","Sort by","","needs_translation","Direct en_US vs ms_MY gap"
"lang\ms_MY\website.lang","SourceFiles","* If the path is absolute, it must start with a /<br>* If not it will be within install/doctemplates/websites/ followed by the entered path.","","needs_translation","Direct en_US vs ms_MY gap"
"lang\ms_MY\website.lang","specialPromo","Promotions","","needs_translation","Direct en_US vs ms_MY gap"
"lang\ms_MY\website.lang","SubdirOfPage","Sub-directory dedicated to page","","needs_translation","Direct en_US vs ms_MY gap"
"lang\ms_MY\website.lang","submit","Submit","","needs_translation","Direct en_US vs ms_MY gap"
"lang\ms_MY\website.lang","subtract","Subtract","","needs_translation","Direct en_US vs ms_MY gap"
"lang\ms_MY\website.lang","SUPPORTED_LANGS","Supported Languages","","needs_translation","Direct en_US vs ms_MY gap"
"lang\ms_MY\website.lang","SyntaxHelp","Help on specific syntax tips","","needs_translation","Direct en_US vs ms_MY gap"
"lang\ms_MY\website.lang","taxIdentificationNumber","Tax identification number","","needs_translation","Direct en_US vs ms_MY gap"
"lang\ms_MY\website.lang","TEMPLATE_MODULES_NOTICE","This template supports the following modules: <strong>Members</strong>, <strong>Events</strong>, <strong>webportal</strong>, and <strong>Donations</strong>. If any of these modules are not enabled, you can activate them to unlock additional configuration options.","","needs_translation","Direct en_US vs ms_MY gap"
"lang\ms_MY\website.lang","TestDeployOnWeb","Test/deploy on web","","needs_translation","Direct en_US vs ms_MY gap"
"lang\ms_MY\website.lang","thereIsItemInYourCart","There is 1 item in your cart.","","needs_translation","Direct en_US vs ms_MY gap"
"lang\ms_MY\website.lang","ThisDirectoryIsEmpty","This directory is empty","","needs_translation","Direct en_US vs ms_MY gap"
"lang\ms_MY\website.lang","ThisPageHasTranslationPages","This page/container has translation","","needs_translation","Direct en_US vs ms_MY gap"
"lang\ms_MY\website.lang","ThisPageIsTranslationOf","This page/container is a translation of","","needs_translation","Direct en_US vs ms_MY gap"
"lang\ms_MY\website.lang","ToDeployYourWebsiteOnLiveYouHave3Solutions","To deploy this website live, you have 3 solutions...","","needs_translation","Direct en_US vs ms_MY gap"
"lang\ms_MY\website.lang","totalPrice","Total Price","","needs_translation","Direct en_US vs ms_MY gap"
"lang\ms_MY\website.lang","totalProductsTaxIncl","Total products (tax incl.)","","needs_translation","Direct en_US vs ms_MY gap"
"lang\ms_MY\website.lang","totalShippingTaxIncl","Total shipping (tax incl.)","","needs_translation","Direct en_US vs ms_MY gap"
"lang\ms_MY\website.lang","totalTaxExcl","Total (tax excl.)","","needs_translation","Direct en_US vs ms_MY gap"
"lang\ms_MY\website.lang","totalTaxIncl","Total (tax incl.)","","needs_translation","Direct en_US vs ms_MY gap"
"lang\ms_MY\website.lang","TranslationLinks","Translation links","","needs_translation","Direct en_US vs ms_MY gap"
"lang\ms_MY\website.lang","unitPrice","Unit price","","needs_translation","Direct en_US vs ms_MY gap"
"lang\ms_MY\website.lang","UnknowContentSecurityPolicyDirective","Unknown Content Security Policy directive syntax","","needs_translation","Direct en_US vs ms_MY gap"
"lang\ms_MY\website.lang","USE_TEXT_LOGO","Use Text Logo","","needs_translation","Direct en_US vs ms_MY gap"
"lang\ms_MY\website.lang","UseDefaultLoginForm"," Use default login form","","needs_translation","Direct en_US vs ms_MY gap"
"lang\ms_MY\website.lang","UseManifest","Provide a manifest.json file","","needs_translation","Direct en_US vs ms_MY gap"
"lang\ms_MY\website.lang","UserAccountForWebPortalAreInThirdPartyTabHelp","Users accounts for WebPortal can be set on each third party card in the ""%s"" tab","","needs_translation","Direct en_US vs ms_MY gap"
"lang\ms_MY\website.lang","UseRightLoginForm"," Use right login form","","needs_translation","Direct en_US vs ms_MY gap"
"lang\ms_MY\website.lang","UseTextBetween5And70Chars","For good SEO practices, use a text between 5 and 70 characters","","needs_translation","Direct en_US vs ms_MY gap"
"lang\ms_MY\website.lang","variableNotDefined","No %s defined. Please complete your setup.","","needs_translation","Direct en_US vs ms_MY gap"
"lang\ms_MY\website.lang","view","View:","","needs_translation","Direct en_US vs ms_MY gap"
"lang\ms_MY\website.lang","viewMyCart","View my shopping cart","","needs_translation","Direct en_US vs ms_MY gap"
"lang\ms_MY\website.lang","viewMyCustomerAccount","View my customer account","","needs_translation","Direct en_US vs ms_MY gap"
"lang\ms_MY\website.lang","ViewPageInNewTab","View page in new tab","","needs_translation","Direct en_US vs ms_MY gap"
"lang\ms_MY\website.lang","ViewSiteInNewTab","View site in new tab","","needs_translation","Direct en_US vs ms_MY gap"
"lang\ms_MY\website.lang","ViewWebsiteInProduction","View web site using home URLs","","needs_translation","Direct en_US vs ms_MY gap"
"lang\ms_MY\website.lang","Virtualhost","Virtual host or domain name","","needs_translation","Direct en_US vs ms_MY gap"
"lang\ms_MY\website.lang","VirtualhostDesc","The name of the Virtual host or domain (For example: www.mywebsite.com, mybigcompany.net, ...)","","needs_translation","Direct en_US vs ms_MY gap"
"lang\ms_MY\website.lang","VirtualHostUrlNotDefined","URL of the virtual host served by external web server not defined","","needs_translation","Direct en_US vs ms_MY gap"
"lang\ms_MY\website.lang","volunteer","Volunteer","","needs_translation","Direct en_US vs ms_MY gap"
"lang\ms_MY\website.lang","WarningTemplatesFoundNotDeployedClickRefresh","Some templates provided with application are not yet deployed here","","needs_translation","Direct en_US vs ms_MY gap"
"lang\ms_MY\website.lang","WarningTemplatesFoundNotDeployedClickRefresh2","Click the following button Refresh to solve this.","","needs_translation","Direct en_US vs ms_MY gap"
"lang\ms_MY\website.lang","WEBPAGE_CONTENT","This is a content of the page","","needs_translation","Direct en_US vs ms_MY gap"
"lang\ms_MY\website.lang","WebpageMustBeDisabled","The web page must have the status ""%s""","","needs_translation","Direct en_US vs ms_MY gap"
"lang\ms_MY\website.lang","WEBPORTAL_BANNER_BACKGROUND","Background for banner","","needs_translation","Direct en_US vs ms_MY gap"
"lang\ms_MY\website.lang","WEBPORTAL_BANNER_BACKGROUND_IS_DARK","Use dark theme for banner","","needs_translation","Direct en_US vs ms_MY gap"
"lang\ms_MY\website.lang","WEBPORTAL_DOCUMENT_LIST_ACCESS","Enable ""My Documents"" page","","needs_translation","Direct en_US vs ms_MY gap"
"lang\ms_MY\website.lang","WEBPORTAL_INVOICE_LIST_ACCESS","Enable access to the invoices","","needs_translation","Direct en_US vs ms_MY gap"
"lang\ms_MY\website.lang","WEBPORTAL_LOGIN_BACKGROUND","Background login image URL","","needs_translation","Direct en_US vs ms_MY gap"
"lang\ms_MY\website.lang","WEBPORTAL_LOGIN_FORM_THEME"," Login theme","","needs_translation","Direct en_US vs ms_MY gap"
"lang\ms_MY\website.lang","WEBPORTAL_LOGIN_LOGO_URL","Login logo image URL","","needs_translation","Direct en_US vs ms_MY gap"
"lang\ms_MY\website.lang","WEBPORTAL_MEMBER_CARD_ACCESS","Enable access to the membership record","","needs_translation","Direct en_US vs ms_MY gap"
"lang\ms_MY\website.lang","WEBPORTAL_MENU_LOGO_URL","Menu logo image URL","","needs_translation","Direct en_US vs ms_MY gap"
"lang\ms_MY\website.lang","WEBPORTAL_MENU_LOGO_URLTooltip","Leave empty to use login logo","","needs_translation","Direct en_US vs ms_MY gap"
"lang\ms_MY\website.lang","WEBPORTAL_ORDER_LIST_ACCESS","Enable access to the orders","","needs_translation","Direct en_US vs ms_MY gap"
"lang\ms_MY\website.lang","WEBPORTAL_PARTNERSHIP_CARD_ACCESS","Enable access to the partnership record","","needs_translation","Direct en_US vs ms_MY gap"
"lang\ms_MY\website.lang","WEBPORTAL_PRIMARY_COLOR","Primary color","","needs_translation","Direct en_US vs ms_MY gap"
"lang\ms_MY\website.lang","WEBPORTAL_PROPAL_LIST_ACCESS","Enable access to the proposals","","needs_translation","Direct en_US vs ms_MY gap"
"lang\ms_MY\website.lang","WEBPORTAL_SECONDARY_COLOR","Secondary color","","needs_translation","Direct en_US vs ms_MY gap"
"lang\ms_MY\website.lang","WEBPORTAL_SHARED_DOCUMENT_ACCESS","Enable ""Shared Documents"" page","","needs_translation","Direct en_US vs ms_MY gap"
"lang\ms_MY\website.lang","WEBPORTAL_TITLE","Brand name on header of public page","","needs_translation","Direct en_US vs ms_MY gap"
"lang\ms_MY\website.lang","WEBPORTAL_USER_LOGGED","Select an anonymous user","","needs_translation","Direct en_US vs ms_MY gap"
"lang\ms_MY\website.lang","WebPortalAccessEdit","Editable","","needs_translation","Direct en_US vs ms_MY gap"
"lang\ms_MY\website.lang","WebPortalAccessHidden","Hidden","","needs_translation","Direct en_US vs ms_MY gap"
"lang\ms_MY\website.lang","WebPortalAccessVisible","Visible","","needs_translation","Direct en_US vs ms_MY gap"
"lang\ms_MY\website.lang","WebPortalCSS","Web portal CSS","","needs_translation","Direct en_US vs ms_MY gap"
"lang\ms_MY\website.lang","WebPortalDescription","Public web portal module for membership and partnership","","needs_translation","Direct en_US vs ms_MY gap"
"lang\ms_MY\website.lang","WebPortalDocumentListDesc","List of my documents.","","needs_translation","Direct en_US vs ms_MY gap"
"lang\ms_MY\website.lang","WebPortalDocumentListTitle","My Documents","","needs_translation","Direct en_US vs ms_MY gap"
"lang\ms_MY\website.lang","WebPortalError404","Page not found","","needs_translation","Direct en_US vs ms_MY gap"
"lang\ms_MY\website.lang","WebPortalErrorAuthentication","Authentication error","","needs_translation","Direct en_US vs ms_MY gap"
"lang\ms_MY\website.lang","WebPortalErrorFetchLoggedMember","Error when loading member (Id : %s)","","needs_translation","Direct en_US vs ms_MY gap"
"lang\ms_MY\website.lang","WebPortalErrorFetchLoggedPartnership","Error when loading partnership (Third-party Id : %s, Member Id : %s)","","needs_translation","Direct en_US vs ms_MY gap"
"lang\ms_MY\website.lang","WebPortalErrorFetchLoggedThirdParty","Error when loading third-party (Id : %s)","","needs_translation","Direct en_US vs ms_MY gap"
"lang\ms_MY\website.lang","WebPortalErrorFetchLoggedThirdPartyAccount","Error when loading third-party account (login : %s)","","needs_translation","Direct en_US vs ms_MY gap"
"lang\ms_MY\website.lang","WebPortalErrorFetchLoggedUser","Error when loading user (Id : %s)","","needs_translation","Direct en_US vs ms_MY gap"
"lang\ms_MY\website.lang","WebPortalErrorFetchMemberAccountFromLogin","Error when loading member account (login : %s)","","needs_translation","Direct en_US vs ms_MY gap"
"lang\ms_MY\website.lang","WebPortalErrorFetchThirdPartyAccountFromLogin","Error when loading third-party account (login : %s)","","needs_translation","Direct en_US vs ms_MY gap"
"lang\ms_MY\website.lang","WebPortalErrorNoFetchMethod","Error no fetch method found for authentication","","needs_translation","Direct en_US vs ms_MY gap"
"lang\ms_MY\website.lang","WebPortalErrorPageNotExist","Page not exist","","needs_translation","Direct en_US vs ms_MY gap"
"lang\ms_MY\website.lang","WebPortalGroupMenuAdmin","Administration","","needs_translation","Direct en_US vs ms_MY gap"
"lang\ms_MY\website.lang","WebPortalGroupMenuTechnical","System","","needs_translation","Direct en_US vs ms_MY gap"
"lang\ms_MY\website.lang","WebPortalHomeDesc","Welcome to your private portal","","needs_translation","Direct en_US vs ms_MY gap"
"lang\ms_MY\website.lang","WebPortalHomeTitle","Welcome","","needs_translation","Direct en_US vs ms_MY gap"
"lang\ms_MY\website.lang","WebPortalInvoiceListDesc","You will find here all your invoices","","needs_translation","Direct en_US vs ms_MY gap"
"lang\ms_MY\website.lang","WebPortalInvoiceListMenu","Invoices","","needs_translation","Direct en_US vs ms_MY gap"
"lang\ms_MY\website.lang","WebPortalInvoiceListNothing","Invoices not found","","needs_translation","Direct en_US vs ms_MY gap"
"lang\ms_MY\website.lang","WebPortalInvoiceListTitle","Invoices","","needs_translation","Direct en_US vs ms_MY gap"
"lang\ms_MY\website.lang","WebPortalMember","Membership","","needs_translation","Direct en_US vs ms_MY gap"
"lang\ms_MY\website.lang","WebPortalMemberCardAccessHelp","Enable access to the membership record (Hidden / Visible or Editable)","","needs_translation","Direct en_US vs ms_MY gap"
"lang\ms_MY\website.lang","WebPortalMemberCardDesc","This is information related to your membership","","needs_translation","Direct en_US vs ms_MY gap"
"lang\ms_MY\website.lang","WebPortalMemberCardMenu","Member","","needs_translation","Direct en_US vs ms_MY gap"
"lang\ms_MY\website.lang","WebPortalMemberCardTitle","Member card","","needs_translation","Direct en_US vs ms_MY gap"
"lang\ms_MY\website.lang","WebPortalOrder","Sale Order","","needs_translation","Direct en_US vs ms_MY gap"
"lang\ms_MY\website.lang","WebPortalOrderListDesc","You will find here all your sales orders","","needs_translation","Direct en_US vs ms_MY gap"
"lang\ms_MY\website.lang","WebPortalOrderListMenu","Sales Orders","","needs_translation","Direct en_US vs ms_MY gap"
"lang\ms_MY\website.lang","WebPortalOrderListNothing","Orders not found","","needs_translation","Direct en_US vs ms_MY gap"
"lang\ms_MY\website.lang","WebPortalOrderListTitle","Sales orders","","needs_translation","Direct en_US vs ms_MY gap"
"lang\ms_MY\website.lang","WebPortalPartnership","Partnership","","needs_translation","Direct en_US vs ms_MY gap"
"lang\ms_MY\website.lang","WebPortalPartnerShipCardAccessHelp","Enable access to the partnership record (Hidden / Visible or Editable)","","needs_translation","Direct en_US vs ms_MY gap"
"lang\ms_MY\website.lang","WebPortalPartnershipCardDesc","Partnership card","","needs_translation","Direct en_US vs ms_MY gap"
"lang\ms_MY\website.lang","WebPortalPartnershipCardMenu","Partnership","","needs_translation","Direct en_US vs ms_MY gap"
"lang\ms_MY\website.lang","WebPortalPartnershipCardTitle","Partnership card","","needs_translation","Direct en_US vs ms_MY gap"
"lang\ms_MY\website.lang","WebPortalPropal","Proposal","","needs_translation","Direct en_US vs ms_MY gap"
"lang\ms_MY\website.lang","WebPortalPropalListDesc","You will find here all your proposals","","needs_translation","Direct en_US vs ms_MY gap"
"lang\ms_MY\website.lang","WebPortalPropalListMenu","Proposals","","needs_translation","Direct en_US vs ms_MY gap"
"lang\ms_MY\website.lang","WebPortalPropalListNothing","Proposals not found","","needs_translation","Direct en_US vs ms_MY gap"
"lang\ms_MY\website.lang","WebPortalPropalListTitle","Proposals","","needs_translation","Direct en_US vs ms_MY gap"
"lang\ms_MY\website.lang","WebPortalSetup","WebPortal setup","","needs_translation","Direct en_US vs ms_MY gap"
"lang\ms_MY\website.lang","WebPortalSetupNotComplete","Web portal setup is not complete","","needs_translation","Direct en_US vs ms_MY gap"
"lang\ms_MY\website.lang","WebPortalSetupPage","WebPortal setup page","","needs_translation","Direct en_US vs ms_MY gap"
"lang\ms_MY\website.lang","WebPortalSharedDocsDir","Name of the shared documents directory","","needs_translation","Direct en_US vs ms_MY gap"
"lang\ms_MY\website.lang","WebPortalSharedDocsDirHelp","Enter the name of the directory, located in the ECM/GED folder, that contains the documents to be shared with all portal users.","","needs_translation","Direct en_US vs ms_MY gap"
"lang\ms_MY\website.lang","WebPortalURL","Web portal URL","","needs_translation","Direct en_US vs ms_MY gap"
"lang\ms_MY\website.lang","WebPortalUserLoggedHelp","This user is used to update cards","","needs_translation","Direct en_US vs ms_MY gap"
"lang\ms_MY\website.lang","WEBSITE_ALIASALT","Alternative page names/aliases","","needs_translation","Direct en_US vs ms_MY gap"
"lang\ms_MY\website.lang","WEBSITE_ALIASALTDesc","Use here list of other name/aliases so the page can also be accessed using this other names/aliases (for example the old name after renaming the alias to keep backlink on old link/name working). Syntax is:<br>alternativename1, alternativename2, ...","","needs_translation","Direct en_US vs ms_MY gap"
"lang\ms_MY\website.lang","WEBSITE_CSS_INLINE","CSS file content (common to all pages)","","needs_translation","Direct en_US vs ms_MY gap"
"lang\ms_MY\website.lang","WEBSITE_CSS_URL","URL of external CSS file","","needs_translation","Direct en_US vs ms_MY gap"
"lang\ms_MY\website.lang","WEBSITE_HTACCESS","Website .htaccess file","","needs_translation","Direct en_US vs ms_MY gap"
"lang\ms_MY\website.lang","WEBSITE_HTML_HEADER","HTML Header (common to all pages)","","needs_translation","Direct en_US vs ms_MY gap"
"lang\ms_MY\website.lang","WEBSITE_JS_INLINE","JavaScript file content (common to all pages)","","needs_translation","Direct en_US vs ms_MY gap"
"lang\ms_MY\website.lang","WEBSITE_KEYWORDSDesc","Use a comma to separate values","","needs_translation","Direct en_US vs ms_MY gap"
"lang\ms_MY\website.lang","WEBSITE_MANIFEST_JSON","Website manifest.json file","","needs_translation","Direct en_US vs ms_MY gap"
"lang\ms_MY\website.lang","WEBSITE_PAGE_EXAMPLE","Web page to use as example","","needs_translation","Direct en_US vs ms_MY gap"
"lang\ms_MY\website.lang","WEBSITE_PAGENAME","Page name/alias","","needs_translation","Direct en_US vs ms_MY gap"
"lang\ms_MY\website.lang","WEBSITE_ROBOT","Robot file (robots.txt)","","needs_translation","Direct en_US vs ms_MY gap"
"lang\ms_MY\website.lang","WEBSITE_TYPE_CONTAINER","Type of page/container","","needs_translation","Direct en_US vs ms_MY gap"
"lang\ms_MY\website.lang","WEBSITE_USE_WEBSITE_ACCOUNTS","Enable the table of web site account for thirdparties","","needs_translation","Direct en_US vs ms_MY gap"
"lang\ms_MY\website.lang","WEBSITE_USE_WEBSITE_ACCOUNTSTooltip","Enable the table to store the web site accounts (login/pass) for each third party","","needs_translation","Direct en_US vs ms_MY gap"
"lang\ms_MY\website.lang","WebsiteAccount","Website account","","needs_translation","Direct en_US vs ms_MY gap"
"lang\ms_MY\website.lang","WebsiteAccounts","Website accounts","","needs_translation","Direct en_US vs ms_MY gap"
"lang\ms_MY\website.lang","WebsiteId","Website ID","","needs_translation","Direct en_US vs ms_MY gap"
"lang\ms_MY\website.lang","WebsiteMustBeDisabled","The website must have the status ""%s""","","needs_translation","Direct en_US vs ms_MY gap"
"lang\ms_MY\website.lang","WebsiteName","Name of the website","","needs_translation","Direct en_US vs ms_MY gap"
"lang\ms_MY\website.lang","WebsitePage","Website page","","needs_translation","Direct en_US vs ms_MY gap"
"lang\ms_MY\website.lang","WebsitePages","Website pages","","needs_translation","Direct en_US vs ms_MY gap"
"lang\ms_MY\website.lang","WebsiteRootOfImages","Root directory for website images","","needs_translation","Direct en_US vs ms_MY gap"
"lang\ms_MY\website.lang","WebsiteSecurityForceCSPRO","Website HTTP ""Content-Securit-Policy-Report-Only""","","needs_translation","Direct en_US vs ms_MY gap"
"lang\ms_MY\website.lang","WebsiteSecurityForcePP","Website HTTP ""Permissions Policy""","","needs_translation","Direct en_US vs ms_MY gap"
"lang\ms_MY\website.lang","WebsiteSecurityForceRP","Website HTTP ""Referer-Policy""","","needs_translation","Direct en_US vs ms_MY gap"
"lang\ms_MY\website.lang","WebsiteSecurityForceSTS","Website HTTP ""Strict-Transport-Security""","","needs_translation","Direct en_US vs ms_MY gap"
"lang\ms_MY\website.lang","WebsiteSecurityOptions","Website security options","","needs_translation","Direct en_US vs ms_MY gap"
"lang\ms_MY\website.lang","WebsiteSetupDesc","Create here the websites you wish to use. Then go into menu Websites to edit them.","","needs_translation","Direct en_US vs ms_MY gap"
"lang\ms_MY\website.lang","WebsiteTypeDolibarrPortal","Native and ready to use web portal (Module Web Portal)","","needs_translation","Direct en_US vs ms_MY gap"
"lang\ms_MY\website.lang","WebsiteTypeDolibarrWebsite","Web site (Module WebSites CMS)","","needs_translation","Direct en_US vs ms_MY gap"
"lang\ms_MY\website.lang","WebsiteTypeLabel","Type of Web site","","needs_translation","Direct en_US vs ms_MY gap"
"lang\ms_MY\website.lang","welcomeToYourAccount","Welcome to your account. Here you can manage all of your personal information and orders.","","needs_translation","Direct en_US vs ms_MY gap"
"lang\ms_MY\website.lang","words","words","","needs_translation","Direct en_US vs ms_MY gap"
"lang\ms_MY\website.lang","WritePerm","Write","","needs_translation","Direct en_US vs ms_MY gap"
"lang\ms_MY\website.lang","WrittenBy","Written by %s","","needs_translation","Direct en_US vs ms_MY gap"
"lang\ms_MY\website.lang","YouCanAlsoDeployToAnotherWHP","<u>Run your web site inside a Dolibarr web Hosting provider</u><br>If you don't have a web server like Apache or NGinx available on internet, you can export and import your web site onto another Dolibarr instance provided by another Dolibarr hosting provider that provide full integration with the Website module. You can find a list of some Dolibarr hosting providers on <a href=""https://saas.dolibarr.org"" target=""_blank"" rel=""noopener noreferrer external"">https://saas.dolibarr.org</a>","","needs_translation","Direct en_US vs ms_MY gap"
"lang\ms_MY\website.lang","YouCanAlsoTestWithPHPS","<u>Use with PHP embedded server</u><br>On develop environment, you may prefer to test the site with the PHP embedded web server by running","","needs_translation","Direct en_US vs ms_MY gap"
"lang\ms_MY\website.lang","YouCanCreatePageOrImportTemplate","You can create a new page or import a full website template","","needs_translation","Direct en_US vs ms_MY gap"
"lang\ms_MY\website.lang","YouCanEditHtmlSource","<br><span class=""fa fa-bug paddingright""></span> You can include PHP code into this source using tags <strong>&lt;?php ?&gt;</strong>. The following global variables are available: $conf, $db, $mysoc, $user, $website, $websitepage, $weblangs, $pagelangs.<br><br><span class=""fa fa-bug paddingright""></span> You can also include content of another Page/Container with the following syntax:<br><strong>&lt;?php includeContainer('alias_of_container_to_include'); ?&gt;</strong><br><br><span class=""fa fa-bug paddingright""></span> You can make a redirect to another Page/Container with the following syntax (Note: do not output any content before a redirect):<br><strong>&lt;?php redirectToContainer('alias_of_container_to_redirect_to'); ?&gt;</strong><br>You can also make a redirection with GET parameters:<br><strong>&lt;?php redirectToContainer('alias_of_container_to_redirect_to', '', 0, 0, $array_of_get_params); ?&gt;</strong><br><br><span class=""fa fa-link paddingright""></span> To add a link to another page, use the syntax:<br><strong>&lt;a href=""alias_of_page_to_link_to.php""&gt;mylink&lt;a&gt;</strong><br><br>","","needs_translation","Direct en_US vs ms_MY gap"
"lang\ms_MY\website.lang","YouCanEditHtmlSource1","<br><span class=""fa fa-image paddingright""></span> To include an <strong>image</strong> stored into the <strong>medias</strong> directory (directory open for public access), use the relative path starting with <strong>/medias</strong>, example:<br><strong>&lt;img src=""/medias/image/myimagepath/filename.ext""&gt;</strong><br>","","needs_translation","Direct en_US vs ms_MY gap"
"lang\ms_MY\website.lang","YouCanEditHtmlSource2","For an image shared with a share link (open access using the sharing hash key of file), use the wrapper:<br><strong>&lt;img src=""/viewimage.php?hashp=12345679012...""&gt;</strong><br>","","needs_translation","Direct en_US vs ms_MY gap"
"lang\ms_MY\website.lang","YouCanEditHtmlSource3","To get the URL of the image of a PHP object, use<br><strong>&lt;img src=""&lt;?php print getImagePublicURLOfObject($object, 1, ""_small"") ?&gt;""&gt;</strong><br>","","needs_translation","Direct en_US vs ms_MY gap"
"lang\ms_MY\website.lang","YouCanEditHtmlSource4","To get the URL of an image inside a html content of an article, use<br><strong>&lt;img src=""&lt;?php print getImageFromHtmlContent($htmlcontent, 1) ?&gt;""&gt;</strong><br>","","needs_translation","Direct en_US vs ms_MY gap"
"lang\ms_MY\website.lang","YouCanEditHtmlSourceb","<span class=""fa fa-bug paddingright""></span> You can dynamically set <strong>SEO title and meta tags</strong> (title, keywords, description). Simply define the following variables:<br> <code>define('__SEO_PAGE_TITLE__', ""Title value …"");</code><br> <code>define('__SEO_PAGE_KEYWORDS__', 'keyword1, keyword2, keyword3 …');</code><br> <code>define('__SEO_PAGE_DESC__', ""Description …"");</code><br>","","needs_translation","Direct en_US vs ms_MY gap"
"lang\ms_MY\website.lang","YouCanEditHtmlSourcec","<span class=""fa fa-download paddingright""></span> To include a <strong>link to download</strong> a file stored into the <strong>documents</strong> directory, use the <strong>document.php</strong> wrapper:<br>Example, for a file into documents/ecm (need to be logged), syntax is:<br><strong>&lt;a href=""/document.php?modulepart=ecm&file=[relative_dir/]filename.ext""&gt;</strong><br>For a file into documents/medias (open directory for public access), syntax is:<br><strong>&lt;a href=""/document.php?modulepart=medias&file=[relative_dir/]filename.ext""&gt;</strong><br>","","needs_translation","Direct en_US vs ms_MY gap"
"lang\ms_MY\website.lang","YouCanEditHtmlSourceckeditor","You can edit HTML source code using the ""Source"" button in editor.","","needs_translation","Direct en_US vs ms_MY gap"
"lang\ms_MY\website.lang","YouCanEditHtmlSourced","For a file shared with a share link (open access using the sharing hash key of file), syntax is:<br><strong>&lt;a href=""/document.php?hashp=publicsharekeyoffile""&gt;</strong><br>","","needs_translation","Direct en_US vs ms_MY gap"
"lang\ms_MY\website.lang","YouCanEditHtmlSourceMore","<br>More examples of HTML or dynamic code available on <a href=""%s"" target=""_blank"" rel=""noopener noreferrer external"" class=""nofocusvisible"">the wiki documentation</a>.<br>","","needs_translation","Direct en_US vs ms_MY gap"
"lang\ms_MY\website.lang","YouMustDefineTheHomePage","You must first define the default Home page","","needs_translation","Direct en_US vs ms_MY gap"
"lang\ms_MY\website.lang","yourBillingInformation","Your billing information","","needs_translation","Direct en_US vs ms_MY gap"
"lang\ms_MY\website.lang","yourCartContains","Your shopping cart contains","","needs_translation","Direct en_US vs ms_MY gap"
"lang\ms_MY\website.lang","yourCompanyInformation","Your company information","","needs_translation","Direct en_US vs ms_MY gap"
"lang\ms_MY\website.lang","yourPersonalInfo","Your personal information","","needs_translation","Direct en_US vs ms_MY gap"
"lang\ms_MY\website.lang","yourShoppingCart","Your shopping cart","","needs_translation","Direct en_US vs ms_MY gap"
"lang\ms_MY\website.lang","YouTryToAccessToAFileThatIsNotAWebsitePage","You try to access to a page that is not available.<br>(ref=%s, type=%s, status=%s)","","needs_translation","Direct en_US vs ms_MY gap"
"lang\ms_MY\website.lang","youWillBeRedirectedToOrderPage","You will be redirected to the order details page shortly.","","needs_translation","Direct en_US vs ms_MY gap"
"lang\ms_MY\website.lang","ZipOfWebsitePackageToImport","Upload the Zip file of the website template package","","needs_translation","Direct en_US vs ms_MY gap"
"lang\ms_MY\website.lang","ZipOfWebsitePackageToLoad","or Choose an available embedded website template package","","needs_translation","Direct en_US vs ms_MY gap"
"lang\ms_MY\withdrawals.lang","ADDDAYS","Add days to Execution Date","","needs_translation","Direct en_US vs ms_MY gap"
"lang\ms_MY\withdrawals.lang","AmountRequested","Amount requested","","needs_translation","Direct en_US vs ms_MY gap"
"lang\ms_MY\withdrawals.lang","AmountToTransfer","Amount to transfer","","needs_translation","Direct en_US vs ms_MY gap"
"lang\ms_MY\withdrawals.lang","AmountToWithdraw","Amount to withdraw","","needs_translation","Direct en_US vs ms_MY gap"
"lang\ms_MY\withdrawals.lang","BankToPayCreditTransfer","Bank Account used as source of payments","","needs_translation","Direct en_US vs ms_MY gap"
"lang\ms_MY\withdrawals.lang","BankToReceiveWithdraw","Receiving Bank Account","","needs_translation","Direct en_US vs ms_MY gap"
"lang\ms_MY\withdrawals.lang","BankTransferAmount","Amount of Credit Transfer request","","needs_translation","Direct en_US vs ms_MY gap"
"lang\ms_MY\withdrawals.lang","BankTransferReceipt","Credit transfer order","","needs_translation","Direct en_US vs ms_MY gap"
"lang\ms_MY\withdrawals.lang","BankTransferReceipts","Credit transfer orders","","needs_translation","Direct en_US vs ms_MY gap"
"lang\ms_MY\withdrawals.lang","BankTransferRequestsDone","%s credit transfer requests recorded","","needs_translation","Direct en_US vs ms_MY gap"
"lang\ms_MY\withdrawals.lang","ClassCredited","Classify credited","","needs_translation","Direct en_US vs ms_MY gap"
"lang\ms_MY\withdrawals.lang","ClassCreditedConfirm","Are you sure you want to classify this withdrawal receipt as credited on your bank account?","","needs_translation","Direct en_US vs ms_MY gap"
"lang\ms_MY\withdrawals.lang","ClassDebited","Classify debited","","needs_translation","Direct en_US vs ms_MY gap"
"lang\ms_MY\withdrawals.lang","CreateAll","Create direct debit file","","needs_translation","Direct en_US vs ms_MY gap"
"lang\ms_MY\withdrawals.lang","CreateBanque","Only bank","","needs_translation","Direct en_US vs ms_MY gap"
"lang\ms_MY\withdrawals.lang","CreateFileForPaymentByBankTransfer","Create file for credit transfer","","needs_translation","Direct en_US vs ms_MY gap"
"lang\ms_MY\withdrawals.lang","CreateForSepa","Create direct debit file","","needs_translation","Direct en_US vs ms_MY gap"
"lang\ms_MY\withdrawals.lang","CreateForSepaFRST","Create direct debit file (SEPA FRST)","","needs_translation","Direct en_US vs ms_MY gap"
"lang\ms_MY\withdrawals.lang","CreateForSepaRCUR","Create direct debit file (SEPA RCUR)","","needs_translation","Direct en_US vs ms_MY gap"
"lang\ms_MY\withdrawals.lang","CreateGuichet","Only office","","needs_translation","Direct en_US vs ms_MY gap"
"lang\ms_MY\withdrawals.lang","CreateSepaFileForPaymentByBankTransfer","Create credit transfer file (SEPA)","","needs_translation","Direct en_US vs ms_MY gap"
"lang\ms_MY\withdrawals.lang","CreditDate","Credit on","","needs_translation","Direct en_US vs ms_MY gap"
"lang\ms_MY\withdrawals.lang","CreditorIdentifier","Creditor Identifier","","needs_translation","Direct en_US vs ms_MY gap"
"lang\ms_MY\withdrawals.lang","CreditorName","Creditor Name","","needs_translation","Direct en_US vs ms_MY gap"
"lang\ms_MY\withdrawals.lang","CreditTransfer","Credit transfer","","needs_translation","Direct en_US vs ms_MY gap"
"lang\ms_MY\withdrawals.lang","CreditTransferFile","Credit transfer file","","needs_translation","Direct en_US vs ms_MY gap"
"lang\ms_MY\withdrawals.lang","CreditTransferLine","Credit transfer line","","needs_translation","Direct en_US vs ms_MY gap"
"lang\ms_MY\withdrawals.lang","CreditTransferLines","Credit transfer lines","","needs_translation","Direct en_US vs ms_MY gap"
"lang\ms_MY\withdrawals.lang","CreditTransferOrderCreated","Credit transfer order %s created","","needs_translation","Direct en_US vs ms_MY gap"
"lang\ms_MY\withdrawals.lang","CreditTransferSetup","Credit transfer setup","","needs_translation","Direct en_US vs ms_MY gap"
"lang\ms_MY\withdrawals.lang","CreditTransfersRefused","Credit transfers refused","","needs_translation","Direct en_US vs ms_MY gap"
"lang\ms_MY\withdrawals.lang","CreditTransferStatistics","Credit transfer statistics","","needs_translation","Direct en_US vs ms_MY gap"
"lang\ms_MY\withdrawals.lang","CustomersStandingOrdersArea","Payments by Direct debit orders","","needs_translation","Direct en_US vs ms_MY gap"
"lang\ms_MY\withdrawals.lang","DateRUM","Mandate signature date","","needs_translation","Direct en_US vs ms_MY gap"
"lang\ms_MY\withdrawals.lang","DirectDebitOrderCreated","Direct debit order %s created","","needs_translation","Direct en_US vs ms_MY gap"
"lang\ms_MY\withdrawals.lang","DirectDebitRefusedInvoicingDesc","Set a flag to say this refusal must be charged to the customer","","needs_translation","Direct en_US vs ms_MY gap"
"lang\ms_MY\withdrawals.lang","DoCreditTransferBeforePayments","This tab allows you to request a credit transfer order. Once done, go into menu ""Bank->Payment by credit transfer"" to generate and manage a Credit transfer order file.","","needs_translation","Direct en_US vs ms_MY gap"
"lang\ms_MY\withdrawals.lang","DoCreditTransferBeforePayments3","When credit transfer order is closed, payment on invoices will be automatically recorded, and invoices closed if remainder to pay is null.","","needs_translation","Direct en_US vs ms_MY gap"
"lang\ms_MY\withdrawals.lang","DoStandingOrdersBeforePayments","This tab allows you to request a direct debit payment order. Once done, you can go into menu ""Bank->Payment by direct debit"" to generate and manage a Direct debit order file.","","needs_translation","Direct en_US vs ms_MY gap"
"lang\ms_MY\withdrawals.lang","DoStandingOrdersBeforePayments2","You can also send a request directly to a SEPA payment processor like Stripe, ...","","needs_translation","Direct en_US vs ms_MY gap"
"lang\ms_MY\withdrawals.lang","DoStandingOrdersBeforePayments3","When request is closed, payment on invoices will be automatically recorded, and invoices closed if remainder to pay is null.","","needs_translation","Direct en_US vs ms_MY gap"
"lang\ms_MY\withdrawals.lang","END_TO_END","""EndToEndId"" SEPA XML tag - Unique id assigned per transaction","","needs_translation","Direct en_US vs ms_MY gap"
"lang\ms_MY\withdrawals.lang","ErrorCompanyHasDuplicateDefaultBAN","Company with id %s has more than one default bank account. No way to know which one to use.","","needs_translation","Direct en_US vs ms_MY gap"
"lang\ms_MY\withdrawals.lang","ErrorICSmissing","Missing ICS in Bank account %s","","needs_translation","Direct en_US vs ms_MY gap"
"lang\ms_MY\withdrawals.lang","ExecutionDate","Execution date","","needs_translation","Direct en_US vs ms_MY gap"
"lang\ms_MY\withdrawals.lang","ICS","Creditor Identifier - ICS","","needs_translation","Direct en_US vs ms_MY gap"
"lang\ms_MY\withdrawals.lang","ICSShort","ICS","","needs_translation","Direct en_US vs ms_MY gap"
"lang\ms_MY\withdrawals.lang","IDS","Debitor Identifier","","needs_translation","Direct en_US vs ms_MY gap"
"lang\ms_MY\withdrawals.lang","IDSShort","IDS","","needs_translation","Direct en_US vs ms_MY gap"
"lang\ms_MY\withdrawals.lang","IfInvoiceNeedOnWithdrawPaymentWontBeClosed","However, if invoice has at least one direct debit payment order not yet processed, it won't be set as paid to allow prior withdrawal management.","","needs_translation","Direct en_US vs ms_MY gap"
"lang\ms_MY\withdrawals.lang","InfoCreditMessage","The direct debit payment order %s has been paid by the bank<br>Data of payment: %s","","needs_translation","Direct en_US vs ms_MY gap"
"lang\ms_MY\withdrawals.lang","InfoCreditSubject","Payment of direct debit payment order %s by the bank","","needs_translation","Direct en_US vs ms_MY gap"
"lang\ms_MY\withdrawals.lang","InfoRejectMessage","Hello,<br><br>the direct debit payment order of invoice %s related to the company %s, with an amount of %s has been refused by the bank.<br><br>--<br>%s","","needs_translation","Direct en_US vs ms_MY gap"
"lang\ms_MY\withdrawals.lang","InfoRejectSubject","Direct debit payment order refused","","needs_translation","Direct en_US vs ms_MY gap"
"lang\ms_MY\withdrawals.lang","InfoTransData","Amount: %s<br>Method: %s<br>Date: %s","","needs_translation","Direct en_US vs ms_MY gap"
"lang\ms_MY\withdrawals.lang","InfoTransMessage","The direct debit payment order %s has been sent to bank by %s %s.<br><br>","","needs_translation","Direct en_US vs ms_MY gap"
"lang\ms_MY\withdrawals.lang","InfoTransSubject","Transmission of direct debit payment order %s to bank","","needs_translation","Direct en_US vs ms_MY gap"
"lang\ms_MY\withdrawals.lang","InvoiceRefused","Charge the customer for the refusal","","needs_translation","Direct en_US vs ms_MY gap"
"lang\ms_MY\withdrawals.lang","InvoiceWaitingPaymentByBankTransfer","Invoice waiting for credit transfer","","needs_translation","Direct en_US vs ms_MY gap"
"lang\ms_MY\withdrawals.lang","InvoiceWaitingWithdraw","Invoice waiting for direct debit","","needs_translation","Direct en_US vs ms_MY gap"
"lang\ms_MY\withdrawals.lang","LastWithdrawalReceipt","Latest %s direct debit receipts","","needs_translation","Direct en_US vs ms_MY gap"
"lang\ms_MY\withdrawals.lang","LastWithdrawalReceipts","Latest %s direct debit files","","needs_translation","Direct en_US vs ms_MY gap"
"lang\ms_MY\withdrawals.lang","LatestBankTransferReceipts","Latest %s credit transfer orders","","needs_translation","Direct en_US vs ms_MY gap"
"lang\ms_MY\withdrawals.lang","Lines","Lines","","needs_translation","Direct en_US vs ms_MY gap"
"lang\ms_MY\withdrawals.lang","MakeBankTransferOrder","Prepare Credit Transfer","","needs_translation","Direct en_US vs ms_MY gap"
"lang\ms_MY\withdrawals.lang","MakeWithdrawRequest","Prepare Direct Debit","","needs_translation","Direct en_US vs ms_MY gap"
"lang\ms_MY\withdrawals.lang","MakeWithdrawRequestStripe","Make a direct debit payment request via Stripe","","needs_translation","Direct en_US vs ms_MY gap"
"lang\ms_MY\withdrawals.lang","ModeFRST","One-off payment","","needs_translation","Direct en_US vs ms_MY gap"
"lang\ms_MY\withdrawals.lang","ModeRCUR","Recurring payment","","needs_translation","Direct en_US vs ms_MY gap"
"lang\ms_MY\withdrawals.lang","ModeRECUR","Recurring payment","","needs_translation","Direct en_US vs ms_MY gap"
"lang\ms_MY\withdrawals.lang","ModeWarning","Option for real mode was not set, we stop after this simulation","","needs_translation","Direct en_US vs ms_MY gap"
"lang\ms_MY\withdrawals.lang","NbOfInvoiceToPayByBankTransfer","No. of qualified supplier invoices waiting for a payment by credit transfer","","needs_translation","Direct en_US vs ms_MY gap"
"lang\ms_MY\withdrawals.lang","NbOfInvoiceToPayByBankTransferForSalaries","No. of qualified salaries waiting for a payment by credit transfer","","needs_translation","Direct en_US vs ms_MY gap"
"lang\ms_MY\withdrawals.lang","NbOfInvoiceToWithdraw","No. of qualified customer invoices with waiting direct debit order","","needs_translation","Direct en_US vs ms_MY gap"
"lang\ms_MY\withdrawals.lang","NbOfInvoiceToWithdrawWithInfo","No. of customer invoice with direct debit payment orders having defined bank account information","","needs_translation","Direct en_US vs ms_MY gap"
"lang\ms_MY\withdrawals.lang","NewPaymentByBankTransfer","New payment by credit transfer","","needs_translation","Direct en_US vs ms_MY gap"
"lang\ms_MY\withdrawals.lang","NewStandingOrder","New direct debit order","","needs_translation","Direct en_US vs ms_MY gap"
"lang\ms_MY\withdrawals.lang","NoDefaultIBANFound","No default IBAN found for this third party","","needs_translation","Direct en_US vs ms_MY gap"
"lang\ms_MY\withdrawals.lang","NoInvoiceCouldBeWithdrawed","No invoice processed successfully. Check that invoices are on companies with a valid IBAN and that IBAN has a UMR (Unique Mandate Reference) with mode <strong>%s</strong>.","","needs_translation","Direct en_US vs ms_MY gap"
"lang\ms_MY\withdrawals.lang","NoInvoiceCouldBeWithdrawedSupplier","No invoice processed successfully. Check that invoices are on companies with a valid IBAN.","","needs_translation","Direct en_US vs ms_MY gap"
"lang\ms_MY\withdrawals.lang","NoInvoiceRefused","Do not charge the customer for the refusal","","needs_translation","Direct en_US vs ms_MY gap"
"lang\ms_MY\withdrawals.lang","NoInvoiceToWithdraw","No invoice open for '%s' is waiting. Go on tab '%s' on invoice card to make a request.","","needs_translation","Direct en_US vs ms_MY gap"
"lang\ms_MY\withdrawals.lang","NoSalariesCouldBeWithdrawed","No salary processed successfully. Check that salary are on users with a valid IBAN.","","needs_translation","Direct en_US vs ms_MY gap"
"lang\ms_MY\withdrawals.lang","NoSalaryInvoiceToWithdraw","No salary waiting for a '%s'. Go on tab '%s' on salary card to make a request.","","needs_translation","Direct en_US vs ms_MY gap"
"lang\ms_MY\withdrawals.lang","NoSupplierInvoiceToWithdraw","No supplier invoice with open '%s' is waiting. Go on tab '%s' on invoice card to make a request.","","needs_translation","Direct en_US vs ms_MY gap"
"lang\ms_MY\withdrawals.lang","NotifyCredit","Record credit of order","","needs_translation","Direct en_US vs ms_MY gap"
"lang\ms_MY\withdrawals.lang","NotifyTransmision","Record file transmission of order","","needs_translation","Direct en_US vs ms_MY gap"
"lang\ms_MY\withdrawals.lang","NotPossibleForThisStatusOfWithdrawReceiptORLine","Not yet possible. Withdraw status must be set to 'credited' before declaring reject on specific lines.","","needs_translation","Direct en_US vs ms_MY gap"
"lang\ms_MY\withdrawals.lang","NumeroNationalEmetter","National Transmitter Number","","needs_translation","Direct en_US vs ms_MY gap"
"lang\ms_MY\withdrawals.lang","OrderWaiting","Waiting for treatment","","needs_translation","Direct en_US vs ms_MY gap"
"lang\ms_MY\withdrawals.lang","PaymentByBankTransferLines","Credit transfer order lines","","needs_translation","Direct en_US vs ms_MY gap"
"lang\ms_MY\withdrawals.lang","PaymentByBankTransferReceipts","Credit transfer orders","","needs_translation","Direct en_US vs ms_MY gap"
"lang\ms_MY\withdrawals.lang","PleaseCheckOne","Please check one only","","needs_translation","Direct en_US vs ms_MY gap"
"lang\ms_MY\withdrawals.lang","PleaseReturnMandate","Please return this mandate form by email to %s or by mail to","","needs_translation","Direct en_US vs ms_MY gap"
"lang\ms_MY\withdrawals.lang","RefSalary","Salary","","needs_translation","Direct en_US vs ms_MY gap"
"lang\ms_MY\withdrawals.lang","RefusedData","Date of rejection","","needs_translation","Direct en_US vs ms_MY gap"
"lang\ms_MY\withdrawals.lang","RefusedInvoicing","Billing the rejection","","needs_translation","Direct en_US vs ms_MY gap"
"lang\ms_MY\withdrawals.lang","RefusedReason","Reason for rejection","","needs_translation","Direct en_US vs ms_MY gap"
"lang\ms_MY\withdrawals.lang","RequestPaymentsByBankTransferToTreat","Requests for credit transfer to process","","needs_translation","Direct en_US vs ms_MY gap"
"lang\ms_MY\withdrawals.lang","RequestPaymentsByBankTransferTreated","Requests for credit transfer processed","","needs_translation","Direct en_US vs ms_MY gap"
"lang\ms_MY\withdrawals.lang","RequestStandingOrderToTreat","Requests for direct debit payment order to process","","needs_translation","Direct en_US vs ms_MY gap"
"lang\ms_MY\withdrawals.lang","RequestStandingOrderTreated","Requests for direct debit payment order processed","","needs_translation","Direct en_US vs ms_MY gap"
"lang\ms_MY\withdrawals.lang","ResponsibleUser","User Responsible","","needs_translation","Direct en_US vs ms_MY gap"
"lang\ms_MY\withdrawals.lang","RUM","UMR","","needs_translation","Direct en_US vs ms_MY gap"
"lang\ms_MY\withdrawals.lang","RUMLong","Unique Mandate Reference","","needs_translation","Direct en_US vs ms_MY gap"
"lang\ms_MY\withdrawals.lang","RUMWillBeGenerated","If empty, a UMR (Unique Mandate Reference) will be generated once the bank account information is saved.","","needs_translation","Direct en_US vs ms_MY gap"
"lang\ms_MY\withdrawals.lang","SalaryInvoiceWaitingWithdraw","Salaries waiting for payment by credit transfer","","needs_translation","Direct en_US vs ms_MY gap"
"lang\ms_MY\withdrawals.lang","SalaryWaitingWithdraw","Salaries waiting for payment by credit transfer","","needs_translation","Direct en_US vs ms_MY gap"
"lang\ms_MY\withdrawals.lang","Send","Send","","needs_translation","Direct en_US vs ms_MY gap"
"lang\ms_MY\withdrawals.lang","SEPAFillForm","(B) Please complete all the fields marked *","","needs_translation","Direct en_US vs ms_MY gap"
"lang\ms_MY\withdrawals.lang","SEPAFormYourBAN","Your Bank Account Name (IBAN)","","needs_translation","Direct en_US vs ms_MY gap"
"lang\ms_MY\withdrawals.lang","SEPAFormYourBIC","Your Bank Identifier Code (BIC)","","needs_translation","Direct en_US vs ms_MY gap"
"lang\ms_MY\withdrawals.lang","SEPAFormYourName","Your name","","needs_translation","Direct en_US vs ms_MY gap"
"lang\ms_MY\withdrawals.lang","SEPAFRST","SEPA FRST","","needs_translation","Direct en_US vs ms_MY gap"
"lang\ms_MY\withdrawals.lang","SEPAFrstOrRecur","Type of payment","","needs_translation","Direct en_US vs ms_MY gap"
"lang\ms_MY\withdrawals.lang","SEPALegalText","By signing this mandate form, you authorize (A) %s and its payment service provider to send instructions to your bank to debit your account and (B) your bank to debit your account in accordance with the instructions from %s. As part of your rights, you are entitled to a refund from your bank under the terms and conditions of your agreement with your bank. Your rights regarding the above mandate are explained in a statement that you can obtain from your bank. You agree to receive notifications about future charges up to 2 days before they occur.","","needs_translation","Direct en_US vs ms_MY gap"
"lang\ms_MY\withdrawals.lang","SepaMandate","SEPA Direct Debit Mandate","","needs_translation","Direct en_US vs ms_MY gap"
"lang\ms_MY\withdrawals.lang","SepaMandateShort","SEPA Mandate","","needs_translation","Direct en_US vs ms_MY gap"
"lang\ms_MY\withdrawals.lang","SEPARCUR","SEPA CUR","","needs_translation","Direct en_US vs ms_MY gap"
"lang\ms_MY\withdrawals.lang","SetToStatusSent","Set to status ""File Sent""","","needs_translation","Direct en_US vs ms_MY gap"
"lang\ms_MY\withdrawals.lang","ShowWithdraw","Show Direct Debit Order","","needs_translation","Direct en_US vs ms_MY gap"
"lang\ms_MY\withdrawals.lang","Societe_ribSigned","SEPA mandate signed","","needs_translation","Direct en_US vs ms_MY gap"
"lang\ms_MY\withdrawals.lang","StandingOrderPayment","Direct debit payment order","","needs_translation","Direct en_US vs ms_MY gap"
"lang\ms_MY\withdrawals.lang","StandingOrderReject","Record a rejection","","needs_translation","Direct en_US vs ms_MY gap"
"lang\ms_MY\withdrawals.lang","StandingOrdersPayment","Direct debit payment orders","","needs_translation","Direct en_US vs ms_MY gap"
"lang\ms_MY\withdrawals.lang","StandingOrderToProcess","To process","","needs_translation","Direct en_US vs ms_MY gap"
"lang\ms_MY\withdrawals.lang","StatisticsByLineStatus","Statistics by status of lines","","needs_translation","Direct en_US vs ms_MY gap"
"lang\ms_MY\withdrawals.lang","StatusCredited","Credited","","needs_translation","Direct en_US vs ms_MY gap"
"lang\ms_MY\withdrawals.lang","StatusDebitCredit","Status debit/credit","","needs_translation","Direct en_US vs ms_MY gap"
"lang\ms_MY\withdrawals.lang","StatusDebited","Debited","","needs_translation","Direct en_US vs ms_MY gap"
"lang\ms_MY\withdrawals.lang","StatusMotif0","Unspecified","","needs_translation","Direct en_US vs ms_MY gap"
"lang\ms_MY\withdrawals.lang","StatusMotif1","Insufficient funds","","needs_translation","Direct en_US vs ms_MY gap"
"lang\ms_MY\withdrawals.lang","StatusMotif2","Request contested","","needs_translation","Direct en_US vs ms_MY gap"
"lang\ms_MY\withdrawals.lang","StatusMotif3","No direct debit payment order","","needs_translation","Direct en_US vs ms_MY gap"
"lang\ms_MY\withdrawals.lang","StatusMotif4","Sales Order","","needs_translation","Direct en_US vs ms_MY gap"
"lang\ms_MY\withdrawals.lang","StatusMotif5","RIB unusable","","needs_translation","Direct en_US vs ms_MY gap"
"lang\ms_MY\withdrawals.lang","StatusMotif6","Account without balance","","needs_translation","Direct en_US vs ms_MY gap"
"lang\ms_MY\withdrawals.lang","StatusMotif7","Judicial Decision","","needs_translation","Direct en_US vs ms_MY gap"
"lang\ms_MY\withdrawals.lang","StatusMotif8","Other reason","","needs_translation","Direct en_US vs ms_MY gap"
"lang\ms_MY\withdrawals.lang","StatusPaid","Paid","","needs_translation","Direct en_US vs ms_MY gap"
"lang\ms_MY\withdrawals.lang","StatusRefused","Refused","","needs_translation","Direct en_US vs ms_MY gap"
"lang\ms_MY\withdrawals.lang","StatusTrans","Sent","","needs_translation","Direct en_US vs ms_MY gap"
"lang\ms_MY\withdrawals.lang","StatusWaiting","Waiting","","needs_translation","Direct en_US vs ms_MY gap"
"lang\ms_MY\withdrawals.lang","SupplierInvoiceWaitingWithdraw","Vendor invoice waiting for payment by credit transfer","","needs_translation","Direct en_US vs ms_MY gap"
"lang\ms_MY\withdrawals.lang","SuppliersStandingOrdersArea","Payments by Credit transfer","","needs_translation","Direct en_US vs ms_MY gap"
"lang\ms_MY\withdrawals.lang","ThirdPartyBankCode","Third-party bank code","","needs_translation","Direct en_US vs ms_MY gap"
"lang\ms_MY\withdrawals.lang","ThisWillAlsoAddPaymentOnInvoice","This will also record payments on invoices and will classify them as ""Paid"" if remain to pay is null","","needs_translation","Direct en_US vs ms_MY gap"
"lang\ms_MY\withdrawals.lang","TotalAmountOfdirectDebitOrderDiffersFromSumOfLines","Total amount of direct debit order differs from sum of lines","","needs_translation","Direct en_US vs ms_MY gap"
"lang\ms_MY\withdrawals.lang","TransData","Transmission date","","needs_translation","Direct en_US vs ms_MY gap"
"lang\ms_MY\withdrawals.lang","TransMetod","Transmission method","","needs_translation","Direct en_US vs ms_MY gap"
"lang\ms_MY\withdrawals.lang","UsedFor","Used for %s","","needs_translation","Direct en_US vs ms_MY gap"
"lang\ms_MY\withdrawals.lang","USTRD","""Unstructured"" SEPA XML tag","","needs_translation","Direct en_US vs ms_MY gap"
"lang\ms_MY\withdrawals.lang","WarningSomeCreditTransferAlreadyExists","Warning: There is already some pending Credit Transfer (%s) requested for an amount of %s","","needs_translation","Direct en_US vs ms_MY gap"
"lang\ms_MY\withdrawals.lang","WarningSomeDirectDebitOrdersAlreadyExists","Warning: There is already some pending Direct Debit orders (%s) requested for an amount of %s","","needs_translation","Direct en_US vs ms_MY gap"
"lang\ms_MY\withdrawals.lang","WithBankUsingBANBIC","For bank accounts using IBAN/BIC/SWIFT","","needs_translation","Direct en_US vs ms_MY gap"
"lang\ms_MY\withdrawals.lang","WithBankUsingRIB","For bank accounts using RIB","","needs_translation","Direct en_US vs ms_MY gap"
"lang\ms_MY\withdrawals.lang","WithdrawalCantBeCreditedTwice","This withdrawal receipt is already marked as credited; this can't be done twice, as this would potentially create duplicate payments and bank entries.","","needs_translation","Direct en_US vs ms_MY gap"
"lang\ms_MY\withdrawals.lang","WithdrawalFile","Debit order file","","needs_translation","Direct en_US vs ms_MY gap"
"lang\ms_MY\withdrawals.lang","WithdrawalFileNotCapable","Unable to generate withdrawal receipt file for your country %s (Your country is not supported)","","needs_translation","Direct en_US vs ms_MY gap"
"lang\ms_MY\withdrawals.lang","WithdrawalReceipt","Direct debit order","","needs_translation","Direct en_US vs ms_MY gap"
"lang\ms_MY\withdrawals.lang","WithdrawalRefused","Withdrawal refused","","needs_translation","Direct en_US vs ms_MY gap"
"lang\ms_MY\withdrawals.lang","WithdrawalRefusedConfirm","Are you sure you want to enter a withdrawal rejection for society","","needs_translation","Direct en_US vs ms_MY gap"
"lang\ms_MY\withdrawals.lang","WithdrawalsLine","Direct debit order line","","needs_translation","Direct en_US vs ms_MY gap"
"lang\ms_MY\withdrawals.lang","WithdrawalsLines","Direct debit order lines","","needs_translation","Direct en_US vs ms_MY gap"
"lang\ms_MY\withdrawals.lang","WithdrawalsReceipts","Direct debit orders","","needs_translation","Direct en_US vs ms_MY gap"
"lang\ms_MY\withdrawals.lang","WithdrawalsSetup","Direct debit payment setup","","needs_translation","Direct en_US vs ms_MY gap"
"lang\ms_MY\withdrawals.lang","WithdrawMode","Direct debit mode (FRST or RCUR)","","needs_translation","Direct en_US vs ms_MY gap"
"lang\ms_MY\withdrawals.lang","WithdrawRequestAmount","Amount of Direct debit request","","needs_translation","Direct en_US vs ms_MY gap"
"lang\ms_MY\withdrawals.lang","WithdrawRequestErrorNilAmount","Unable to create direct debit request for empty amount.","","needs_translation","Direct en_US vs ms_MY gap"
"lang\ms_MY\withdrawals.lang","WithdrawRequestsDone","%s direct debit payment requests recorded","","needs_translation","Direct en_US vs ms_MY gap"
"lang\ms_MY\withdrawals.lang","WithdrawsRefused","Direct debit refused","","needs_translation","Direct en_US vs ms_MY gap"
"lang\ms_MY\withdrawals.lang","WithdrawStatistics","Direct debit payment statistics","","needs_translation","Direct en_US vs ms_MY gap"
"lang\ms_MY\workflow.lang","AutomaticClassification","Automatic classification","","needs_translation","Direct en_US vs ms_MY gap"
"lang\ms_MY\workflow.lang","AutomaticClosing","Automatic closing","","needs_translation","Direct en_US vs ms_MY gap"
"lang\ms_MY\workflow.lang","AutomaticCreation","Automatic creation","","needs_translation","Direct en_US vs ms_MY gap"
"lang\ms_MY\workflow.lang","AutomaticLinking","Automatic linking","","needs_translation","Direct en_US vs ms_MY gap"
"lang\ms_MY\workflow.lang","descWORKFLOW_CONTRACT_AUTOCREATE_INVOICE","Automatically create a customer invoice after a contract is validated","","needs_translation","Direct en_US vs ms_MY gap"
"lang\ms_MY\workflow.lang","descWORKFLOW_INVOICE_AMOUNT_CLASSIFY_BILLED_ORDER","When a customer invoice is validated, classify all the linked source sales orders as billed (and if the amount of the invoice is the same as the total amount of the linked source sales orders). If you generate 1 common invoice for n orders, this may set all source orders to billed.","","needs_translation","Direct en_US vs ms_MY gap"
"lang\ms_MY\workflow.lang","descWORKFLOW_INVOICE_AMOUNT_CLASSIFY_BILLED_SUPPLIER_ORDER","When a vendor invoice is validated, classify linked source purchase order as billed (and if the amount of the invoice is the same as the total amount of the linked orders)","","needs_translation","Direct en_US vs ms_MY gap"
"lang\ms_MY\workflow.lang","descWORKFLOW_INVOICE_CLASSIFY_BILLED_ORDER","When a customer invoice is set to paid, classify linked source sales orders as billed (and if the amount of the invoice is the same as the total amount of the linked sales orders). If you generate 1 invoice for n orders, this may set all orders to billed too.","","needs_translation","Direct en_US vs ms_MY gap"
"lang\ms_MY\workflow.lang","descWORKFLOW_INVOICE_CLASSIFY_BILLED_PROPAL","When a customer invoice is validated, classify linked source proposals as billed (and if the amount of the invoice is the same as the total amount of the signed linked proposals)","","needs_translation","Direct en_US vs ms_MY gap"
"lang\ms_MY\workflow.lang","descWORKFLOW_ORDER_AUTOCREATE_INVOICE","Automatically create a customer invoice after a sales order is closed (the new invoice will have same amount as the order)","","needs_translation","Direct en_US vs ms_MY gap"
"lang\ms_MY\workflow.lang","descWORKFLOW_ORDER_CLASSIFY_BILLED_PROPAL","When a sales order is set to billed, classify linked source proposals as billed (and if the amount of the order is the same as the total amount of the signed linked proposals)","","needs_translation","Direct en_US vs ms_MY gap"
"lang\ms_MY\workflow.lang","descWORKFLOW_ORDER_CLASSIFY_BILLED_SUPPLIER_PROPOSAL","When a vendor invoice is validated, classify linked source vendor proposal as billed (and if the amount of the invoice is the same as the total amount of the linked proposals)","","needs_translation","Direct en_US vs ms_MY gap"
"lang\ms_MY\workflow.lang","descWORKFLOW_ORDER_CLASSIFY_RECEIVED_RECEPTION","When a reception is validated, classify linked source purchase order as received (and if the quantity received by all receptions is the same as in the purchase order to update)","","needs_translation","Direct en_US vs ms_MY gap"
"lang\ms_MY\workflow.lang","descWORKFLOW_ORDER_CLASSIFY_RECEIVED_RECEPTION_CLOSED","When a reception is closed, classify linked source purchase orders as received (and if the quantity received by all receptions issued from the purchase order is the same as in the purchase order to update)","","needs_translation","Direct en_US vs ms_MY gap"
"lang\ms_MY\workflow.lang","descWORKFLOW_ORDER_CLASSIFY_SHIPPED_SHIPPING","When a shipment is validated, classify linked source sales orders as shipped (and if the quantity shipped by all shipments is the same as in the order to update)","","needs_translation","Direct en_US vs ms_MY gap"
"lang\ms_MY\workflow.lang","descWORKFLOW_ORDER_CLASSIFY_SHIPPED_SHIPPING_CLOSED","When a shipment is closed, classify linked source sales order as shipped (and if the quantity shipped by all shipments is the same as in the order to update)","","needs_translation","Direct en_US vs ms_MY gap"
"lang\ms_MY\workflow.lang","descWORKFLOW_PROPAL_AUTOCREATE_INVOICE","Automatically create a customer invoice after a commercial proposal is signed (the new invoice will have same amount as the proposal)","","needs_translation","Direct en_US vs ms_MY gap"
"lang\ms_MY\workflow.lang","descWORKFLOW_PROPAL_AUTOCREATE_ORDER","Automatically create a sales order after a commercial proposal is signed (the new order will have same amount as the proposal)","","needs_translation","Direct en_US vs ms_MY gap"
"lang\ms_MY\workflow.lang","descWORKFLOW_RECEPTION_CLASSIFY_BILLED_INVOICE","When a purchase invoice is validated, classify linked source receptions as billed (and if the amount of the invoice is the same as the total amount of the linked receptions)","","needs_translation","Direct en_US vs ms_MY gap"
"lang\ms_MY\workflow.lang","descWORKFLOW_RECEPTION_CLASSIFY_CLOSED_INVOICE","When a purchase invoice is validated, classify linked source receptions as closed (and if the amount of the invoice is the same as the total amount of the linked receptions)","","needs_translation","Direct en_US vs ms_MY gap"
"lang\ms_MY\workflow.lang","descWORKFLOW_SHIPPING_CLASSIFY_BILLED_INVOICE","When a customer invoice is validated, classify the linked source shipment as billed (and if the amount of the invoice is the same as the total amount of the linked shipments)","","needs_translation","Direct en_US vs ms_MY gap"
"lang\ms_MY\workflow.lang","descWORKFLOW_SHIPPING_CLASSIFY_CLOSED_INVOICE","When a customer invoice is validated, classify the linked source shipment as closed (and if the amount of the invoice is the same as the total amount of the linked shipments)","","needs_translation","Direct en_US vs ms_MY gap"
"lang\ms_MY\workflow.lang","descWORKFLOW_SUM_INVOICES_AMOUNT_CLASSIFY_BILLED_ORDER","When a customer invoice is validated, classify the linked sales order (if there is only one) as billed, if the total amount of the linked sale order is equal to the total amount of all invoices issued from it. If you generate n invoices for 1 order, this allow to set the order to billed as soon as all invoices are validated.","","needs_translation","Direct en_US vs ms_MY gap"
"lang\ms_MY\workflow.lang","descWORKFLOW_TICKET_CLOSE_INTERVENTION","Close all interventions linked to the ticket when a ticket is closed","","needs_translation","Direct en_US vs ms_MY gap"
"lang\ms_MY\workflow.lang","descWORKFLOW_TICKET_CREATE_INTERVENTION","On ticket creation, automatically create an intervention.","","needs_translation","Direct en_US vs ms_MY gap"
"lang\ms_MY\workflow.lang","descWORKFLOW_TICKET_LINK_CONTRACT","When a ticket is created, link it with available contracts, matching the same third party than the ticket","","needs_translation","Direct en_US vs ms_MY gap"
"lang\ms_MY\workflow.lang","descWORKFLOW_TICKET_USE_PARENT_COMPANY_CONTRACTS","When linking automatically a ticket with contracts, search contracts among those of the parents companies","","needs_translation","Direct en_US vs ms_MY gap"
"lang\ms_MY\workflow.lang","ThereIsNoWorkflowToModify","There is no workflow modifications available with the activated modules.","","needs_translation","Direct en_US vs ms_MY gap"
"lang\ms_MY\workflow.lang","WorkflowDesc","This module provides some automatic actions. By default, the workflow is open (you can do things in the order you want) but here you can activate some automatic actions.","","needs_translation","Direct en_US vs ms_MY gap"
"lang\ms_MY\workflow.lang","WorkflowSetup","Workflow module setup","","needs_translation","Direct en_US vs ms_MY gap"
